[16Aug2026 02:43:56.046] [main/INFO] [cpw.mods.modlauncher.Launcher/MODLAUNCHER]: ModLauncher running: args [--launchTarget, forgeserver, --fml.forgeVersion, 47.4.1, --fml.mcVersion, 1.20.1, --fml.forgeGroup, net.minecraftforge, --fml.mcpVersion, 20230612.114412, nogui]
[16Aug2026 02:43:56.052] [main/INFO] [cpw.mods.modlauncher.Launcher/MODLAUNCHER]: ModLauncher 10.0.9+10.0.9+main.dcd20f30 starting: java version 17.0.19 by Ubuntu; OS Linux arch amd64 version 6.8.0-1052-azure
[16Aug2026 02:43:59.445] [main/INFO] [net.minecraftforge.fml.loading.ImmediateWindowHandler/]: ImmediateWindowProvider not loading because launch target is forgeserver
[16Aug2026 02:43:59.502] [main/INFO] [mixin/]: SpongePowered MIXIN Subsystem Version=0.8.5 Source=union:/workspaces/Chivirikas3/servidor_minecraft/libraries/org/spongepowered/mixin/0.8.5/mixin-0.8.5.jar%2363!/ Service=ModLauncher Env=SERVER
[16Aug2026 02:43:59.543] [main/INFO] [Mods Optimizer/]: [Mods Optimizer] ♻ Init ...
[16Aug2026 02:43:59.545] [main/INFO] [Mods Optimizer/]: Game Directory: /workspaces/Chivirikas3/servidor_minecraft
[16Aug2026 02:43:59.545] [main/INFO] [Mods Optimizer/]: Mods Directory: /workspaces/Chivirikas3/servidor_minecraft/mods
[16Aug2026 02:43:59.546] [main/INFO] [Mods Optimizer/]: Game Environment: SERVER
[16Aug2026 02:43:59.549] [main/INFO] [Mods Optimizer/]: Loading Mods Database Config File from /workspaces/Chivirikas3/servidor_minecraft/config/mods_optimizer/config.toml
[16Aug2026 02:43:59.585] [main/INFO] [Mods Optimizer/]: [Mods Database Updater] ⏳ Local mods-database.json is still fresh (last update: 2026-08-15T21:08:33.393392821Z).
[16Aug2026 02:43:59.597] [main/INFO] [Mods Optimizer/]: Mods Optimizer Mods Database Config File loaded with 349 mods client: 306, server: 19, default: 24 (3 overrides).
[16Aug2026 02:43:59.599] [main/INFO] [Mods Optimizer/]: ♻ init with game dir /workspaces/Chivirikas3/servidor_minecraft and mods dir /workspaces/Chivirikas3/servidor_minecraft/mods for target SERVER in 52 ms.
[16Aug2026 02:43:59.600] [main/INFO] [Mods Optimizer/]: ♻ Parsing Mods data ...
[16Aug2026 02:43:59.602] [main/INFO] [Mods Optimizer/]: [Mod Data] parsing ~157 mods in /workspaces/Chivirikas3/servidor_minecraft/mods with file extension .jar ...
[16Aug2026 02:43:59.628] [main/ERROR] [Mods Optimizer/]: Json file fabric.mod.json not found in java.util.jar.JarFile@6bfdb014
[16Aug2026 02:43:59.629] [main/WARN] [Mods Optimizer/]: ⚠ Found no id tag inside the fabric.mod.json file /workspaces/Chivirikas3/servidor_minecraft/mods/zfastnoise-1.0.13+1.20+forge.jar!
[16Aug2026 02:43:59.630] [main/WARN] [Mods Optimizer/]: ⚠ Found no name tag inside the fabric.mod.json file /workspaces/Chivirikas3/servidor_minecraft/mods/zfastnoise-1.0.13+1.20+forge.jar!
[16Aug2026 02:43:59.631] [main/WARN] [Mods Optimizer/]: ⚠ Found no version tag inside the fabric.mod.json file /workspaces/Chivirikas3/servidor_minecraft/mods/zfastnoise-1.0.13+1.20+forge.jar!
[16Aug2026 02:43:59.642] [main/WARN] [Mods Optimizer/]: [Mod Data] ⚠ Unable to read manifest from mod file /workspaces/Chivirikas3/servidor_minecraft/mods/chromastone-1.9_FIX_JAR.jar, which is expected in some cases.
[16Aug2026 02:43:59.658] [main/WARN] [Mods Optimizer/]: [Mod Data] ⚠ Unable to read manifest from mod file /workspaces/Chivirikas3/servidor_minecraft/mods/IntoTheOmniverse-v1.0.6.jar, which is expected in some cases.
[16Aug2026 02:43:59.669] [main/WARN] [Mods Optimizer/]: [Mod Data] ⚠ Unable to read manifest from mod file /workspaces/Chivirikas3/servidor_minecraft/mods/stretchakln-tokustar.jar, which is expected in some cases.
[16Aug2026 02:43:59.681] [main/WARN] [Mods Optimizer/]: [Mod Data] ⚠ Unable to read manifest from mod file /workspaces/Chivirikas3/servidor_minecraft/mods/OmniTime 1.0.1.jar, which is expected in some cases.
[16Aug2026 02:43:59.687] [main/WARN] [Mods Optimizer/]: [Mod Data] ⚠ Unable to read manifest from mod file /workspaces/Chivirikas3/servidor_minecraft/mods/omnicut-better-wood-stone-cutter-v1.107.0.jar, which is expected in some cases.
[16Aug2026 02:43:59.691] [main/WARN] [Mods Optimizer/]: [Mod Data] ⚠ Unable to read manifest from mod file /workspaces/Chivirikas3/servidor_minecraft/mods/omni_evo_aliens-1.0.1.jar, which is expected in some cases.
[16Aug2026 02:43:59.708] [main/WARN] [Mods Optimizer/]: [Mod Data] ⚠ Unable to read manifest from mod file /workspaces/Chivirikas3/servidor_minecraft/mods/FSang18's Heroes v12.4.1.jar, which is expected in some cases.
[16Aug2026 02:43:59.737] [main/WARN] [Mods Optimizer/]: [Mod Data] ⚠ Unable to read manifest from mod file /workspaces/Chivirikas3/servidor_minecraft/mods/Female-Aliens.jar, which is expected in some cases.
[16Aug2026 02:43:59.744] [main/WARN] [Mods Optimizer/]: [Mod Data] ⚠ Unable to read manifest from mod file /workspaces/Chivirikas3/servidor_minecraft/mods/spidermonkey-1.0.1.jar, which is expected in some cases.
[16Aug2026 02:43:59.748] [main/WARN] [Mods Optimizer/]: ⚠ Found no side tag inside the dependencies.patchouli[0] section of the mods.toml file /workspaces/Chivirikas3/servidor_minecraft/mods/Patchouli-1.20.1-85-FORGE.jar!
[16Aug2026 02:43:59.763] [main/WARN] [Mods Optimizer/]: [Mod Data] ⚠ Unable to read manifest from mod file /workspaces/Chivirikas3/servidor_minecraft/mods/Wildvine(1.0.3).jar, which is expected in some cases.
[16Aug2026 02:43:59.795] [main/WARN] [Mods Optimizer/]: [Mod Data] ⚠ Unable to read manifest from mod file /workspaces/Chivirikas3/servidor_minecraft/mods/shout-1.0.3.jar, which is expected in some cases.
[16Aug2026 02:43:59.810] [main/INFO] [Mods Optimizer/]: [Mod Data] Overwrite mod environment for attributefix from CLIENT to BOTH
[16Aug2026 02:43:59.814] [main/WARN] [Mods Optimizer/]: [Mod Data] ⚠ Unable to read manifest from mod file /workspaces/Chivirikas3/servidor_minecraft/mods/omni-extras(1.0.7.3).jar, which is expected in some cases.
[16Aug2026 02:43:59.818] [main/WARN] [Mods Optimizer/]: [Mod Data] ⚠ Unable to read manifest from mod file /workspaces/Chivirikas3/servidor_minecraft/mods/XFermium-v1.1.5_MOD.jar, which is expected in some cases.
[16Aug2026 02:43:59.823] [main/INFO] [Mods Optimizer/]: [Mod Data] Overwrite mod environment for smoothchunk from BOTH to SERVER
[16Aug2026 02:43:59.828] [main/WARN] [Mods Optimizer/]: [Mod Data] ⚠ Unable to read manifest from mod file /workspaces/Chivirikas3/servidor_minecraft/mods/amped-1.0.1.jar, which is expected in some cases.
[16Aug2026 02:43:59.831] [main/WARN] [Mods Optimizer/]: [Mod Data] ⚠ Unable to read manifest from mod file /workspaces/Chivirikas3/servidor_minecraft/mods/FokusAPI-v4.5_MOD.jar, which is expected in some cases.
[16Aug2026 02:43:59.835] [main/WARN] [Mods Optimizer/]: [Mod Data] ⚠ Unable to read manifest from mod file /workspaces/Chivirikas3/servidor_minecraft/mods/AeroFlame.jar, which is expected in some cases.
[16Aug2026 02:43:59.837] [main/WARN] [Mods Optimizer/]: [Mod Data] ⚠ Unable to read manifest from mod file /workspaces/Chivirikas3/servidor_minecraft/mods/name-tag-crafting-backport-v1.0.1.jar, which is expected in some cases.
[16Aug2026 02:43:59.850] [main/WARN] [Mods Optimizer/]: [Mod Data] ⚠ Unable to read manifest from mod file /workspaces/Chivirikas3/servidor_minecraft/mods/omni_evo_1.0.6.jar, which is expected in some cases.
[16Aug2026 02:43:59.854] [main/INFO] [Mods Optimizer/]: [Mod Data] Overwrite mod environment for paraglider from UNKNOWN to BOTH
[16Aug2026 02:43:59.862] [main/WARN] [Mods Optimizer/]: ⚠ Found no META-INF/mods.toml or META-INF/neoforge.mods.toml file for /workspaces/Chivirikas3/servidor_minecraft/mods/kotlinforforge-4.12.0-all.jar!
[16Aug2026 02:43:59.868] [main/INFO] [Mods Optimizer/]: [Mod Data] Overwrite mod environment for leaky from BOTH to SERVER
[16Aug2026 02:43:59.872] [main/WARN] [Mods Optimizer/]: [Mod Data] ⚠ Unable to read manifest from mod file /workspaces/Chivirikas3/servidor_minecraft/mods/anvil_fix.jar, which is expected in some cases.
[16Aug2026 02:43:59.901] [main/INFO] [Mods Optimizer/]: [Mod Data] Found 1 library mods in 156 mods.
[16Aug2026 02:43:59.902] [main/INFO] [Mods Optimizer/]: [Mod Data] Found 20 data pack mods in 156 mods.
[16Aug2026 02:43:59.902] [main/INFO] [Mods Optimizer/]: [Mod Data] Found 5 server mods in 156 mods.
[16Aug2026 02:43:59.903] [main/INFO] [Mods Optimizer/]: [Mod Data] Found 130 default mods in 156 mods.
[16Aug2026 02:43:59.903] [main/INFO] [Mods Optimizer/]: -------------------------------------------------------------------------------------------------------------------
[16Aug2026 02:43:59.903] [main/INFO] [Mods Optimizer/]: | ID                                 | VERSION                | TYPE     | ENVIRONMENT       | TIMESTAMP           |
[16Aug2026 02:43:59.904] [main/INFO] [Mods Optimizer/]: -------------------------------------------------------------------------------------------------------------------
[16Aug2026 02:43:59.905] [main/INFO] [Mods Optimizer/]: | kubejs                             | 2001.6.5-build.26      | FORGE    | BOTH              | 2026-05-01 10:42:57 |
[16Aug2026 02:43:59.905] [main/INFO] [Mods Optimizer/]: | almanac                            | 1.0.2                  | FORGE    | SERVER            | 2026-08-15 21:08:35 |
[16Aug2026 02:43:59.906] [main/INFO] [Mods Optimizer/]: | disenchanting_table                | 5.0.2                  | MIXED    | BOTH              | 2026-08-15 21:08:35 |
[16Aug2026 02:43:59.906] [main/INFO] [Mods Optimizer/]: | ftbessentials                      | 2001.2.4               | FORGE    | BOTH              | 2026-08-15 21:08:36 |
[16Aug2026 02:43:59.907] [main/INFO] [Mods Optimizer/]: | netherportalfix                    | 13.0.1                 | FORGE    | BOTH              | 2023-12-08 13:21:49 |
[16Aug2026 02:43:59.907] [main/INFO] [Mods Optimizer/]: | openpartiesandclaims               | 0.29.2                 | FORGE    | BOTH              | 2026-07-24 20:32:26 |
[16Aug2026 02:43:59.907] [main/INFO] [Mods Optimizer/]: | geckolib                           | 4.8.4                  | FORGE    | BOTH              | 2026-06-20 21:07:43 |
[16Aug2026 02:43:59.908] [main/INFO] [Mods Optimizer/]: | recipeessentials                   | 1.20.1-4.0             | FORGE    | BOTH              | 2025-02-06 23:14:23 |
[16Aug2026 02:43:59.908] [main/INFO] [Mods Optimizer/]: | connectivity                       | 1.20.1-7.6             | FORGE    | BOTH              | 2025-12-22 18:41:01 |
[16Aug2026 02:43:59.909] [main/INFO] [Mods Optimizer/]: | incendium                          | 5.3.5                  | MIXED    | DATA_PACK         | 2026-08-15 21:08:34 |
[16Aug2026 02:43:59.909] [main/INFO] [Mods Optimizer/]: | sophisticatedcore                  | 1.3.79-2250            | FORGE    | BOTH              | 2026-08-11 22:25:39 |
[16Aug2026 02:43:59.909] [main/INFO] [Mods Optimizer/]: | gpumemleakfix                      | 1.20.1-1.8             | FORGE    | BOTH              | 2023-11-20 21:52:16 |
[16Aug2026 02:43:59.910] [main/INFO] [Mods Optimizer/]: | rftoolsbase                        | 5.0.7                  | FORGE    | BOTH              | 2026-06-16 05:46:53 |
[16Aug2026 02:43:59.911] [main/INFO] [Mods Optimizer/]: | palladium                          | 4.5.8                  | FORGE    | BOTH              | 2026-07-28 21:41:46 |
[16Aug2026 02:43:59.911] [main/INFO] [Mods Optimizer/]: | structureessentials                | 1.20.1-5.0             | FORGE    | BOTH              | 2026-04-21 21:38:28 |
[16Aug2026 02:43:59.912] [main/INFO] [Mods Optimizer/]: | aliens_reworked                    | 1.0.0                  | FORGE    | BOTH              | 2026-08-15 21:08:35 |
[16Aug2026 02:43:59.912] [main/INFO] [Mods Optimizer/]: | holdmybeer                         | 1.2.3                  | FORGE    | BOTH              | 2024-02-18 14:18:32 |
[16Aug2026 02:43:59.913] [main/INFO] [Mods Optimizer/]: | ambient_rain_fog                   | 1.0.0                  | FORGE    | BOTH              | 2026-08-15 21:08:35 |
[16Aug2026 02:43:59.913] [main/INFO] [Mods Optimizer/]: | citadel                            | 2.6.3                  | FORGE    | BOTH              | 2026-01-16 19:03:07 |
[16Aug2026 02:43:59.914] [main/INFO] [Mods Optimizer/]: | placebo                            | 8.6.3                  | FORGE    | BOTH              | 2025-03-07 01:06:01 |
[16Aug2026 02:43:59.915] [main/INFO] [Mods Optimizer/]: | modernfix                          | 5.26.2+mc1.20.1        | FORGE    | BOTH              | 2026-08-15 21:08:41 |
[16Aug2026 02:43:59.916] [main/INFO] [Mods Optimizer/]: | gallery                            | 1.0.3                  | FORGE    | BOTH              | 2025-03-19 00:08:43 |
[16Aug2026 02:43:59.916] [main/INFO] [Mods Optimizer/]: | fastitemframes                     | 20.1.5                 | FORGE    | BOTH              | 2025-09-04 16:50:34 |
[16Aug2026 02:43:59.917] [main/INFO] [Mods Optimizer/]: | florauna                           | 1.0.1                  | MIXED    | DATA_PACK         | 2026-08-15 21:08:35 |
[16Aug2026 02:43:59.917] [main/INFO] [Mods Optimizer/]: | guardvillagers                     | 1.20.1-1.6.18          | FORGE    | BOTH              | 2026-06-11 07:02:33 |
[16Aug2026 02:43:59.918] [main/INFO] [Mods Optimizer/]: | sophisticatedbackpacks             | 3.24.62-2017           | FORGE    | BOTH              | 2026-07-24 23:20:43 |
[16Aug2026 02:43:59.918] [main/INFO] [Mods Optimizer/]: | omni_evo_aliens                    | 1.0.0                  | MIXED    | DATA_PACK         | 2026-08-15 21:08:44 |
[16Aug2026 02:43:59.919] [main/INFO] [Mods Optimizer/]: | balm                               | 7.3.42                 | FORGE    | BOTH              | 2026-07-31 05:58:22 |
[16Aug2026 02:43:59.919] [main/INFO] [Mods Optimizer/]: | traversable_leaves                 | 2.1.0                  | FORGE    | BOTH              | 2026-01-20 14:19:11 |
[16Aug2026 02:43:59.919] [main/INFO] [Mods Optimizer/]: | labels                             | 2.0.0                  | FORGE    | BOTH              | 2026-08-15 21:08:41 |
[16Aug2026 02:43:59.920] [main/INFO] [Mods Optimizer/]: | carryon                            | 2.1.2-7                | FORGE    | BOTH              | 2023-11-19 22:01:15 |
[16Aug2026 02:43:59.921] [main/INFO] [Mods Optimizer/]: | zfastnoise                         | 1.0.13                 | MIXED    | BOTH              | 2026-08-15 21:08:48 |
[16Aug2026 02:43:59.921] [main/INFO] [Mods Optimizer/]: | baguettelib                        | 1.1.6                  | FORGE    | UNKNOWN           | 2026-08-15 21:08:35 |
[16Aug2026 02:43:59.921] [main/INFO] [Mods Optimizer/]: | cloth_config                       | 11.1.136               | FORGE    | BOTH              | 2026-08-15 21:08:35 |
[16Aug2026 02:43:59.922] [main/INFO] [Mods Optimizer/]: | paraglider                         | 20.1.3                 | FORGE    | BOTH              | 2026-08-15 21:08:34 |
[16Aug2026 02:43:59.922] [main/INFO] [Mods Optimizer/]: | riding_partners                    | 1.0.0                  | FORGE    | BOTH              | 2026-08-15 21:08:47 |
[16Aug2026 02:43:59.923] [main/INFO] [Mods Optimizer/]: | corpse                             | 1.20.1-1.0.23          | FORGE    | BOTH              | 2025-09-21 11:06:47 |
[16Aug2026 02:43:59.923] [main/INFO] [Mods Optimizer/]: | lmft                               | 1.0.4+1.20.1           | FORGE    | BOTH              | 2026-08-15 21:08:41 |
[16Aug2026 02:43:59.924] [main/INFO] [Mods Optimizer/]: | fsang                              | 12.4.1                 | FORGE    | DATA_PACK         | 2026-08-15 21:08:34 |
[16Aug2026 02:43:59.924] [main/INFO] [Mods Optimizer/]: | terramity                          | 0.9.8                  | FORGE    | BOTH              | 2026-08-15 21:08:47 |
[16Aug2026 02:43:59.924] [main/INFO] [Mods Optimizer/]: | copperagebackport                  | 0.1.4                  | FORGE    | BOTH              | 2026-08-15 21:08:35 |
[16Aug2026 02:43:59.925] [main/INFO] [Mods Optimizer/]: | pantheonsent                       | 1.1.1                  | FORGE    | BOTH              | 2025-08-04 08:48:12 |
[16Aug2026 02:43:59.925] [main/INFO] [Mods Optimizer/]: | betterspawnercontrol               | 4.7.0                  | MIXED    | BOTH              | 2025-02-12 19:52:51 |
[16Aug2026 02:43:59.925] [main/INFO] [Mods Optimizer/]: | faewulf_lib                        | 1.3.2                  | FORGE    | BOTH              | 2026-08-15 21:08:35 |
[16Aug2026 02:43:59.927] [main/INFO] [Mods Optimizer/]: | randomisfits                       | 1.20.1-1.3.5-forge     | FORGE    | BOTH              | 2026-05-31 01:51:16 |
[16Aug2026 02:43:59.928] [main/INFO] [Mods Optimizer/]: | jupiter                            | 2.3.7                  | FORGE    | BOTH              | 2026-08-15 21:08:39 |
[16Aug2026 02:43:59.928] [main/INFO] [Mods Optimizer/]: | everfurnace                        | 3.2.0                  | FORGE    | BOTH              | 2026-06-22 16:56:18 |
[16Aug2026 02:43:59.929] [main/INFO] [Mods Optimizer/]: | chunky                             | 1.3.146                | FORGE    | BOTH              | 2026-08-15 21:08:34 |
[16Aug2026 02:43:59.929] [main/INFO] [Mods Optimizer/]: | potions_backport                   | 1.0.0                  | FORGE    | BOTH              | 2026-08-15 21:08:45 |
[16Aug2026 02:43:59.930] [main/INFO] [Mods Optimizer/]: | vanillabackport                    | 1.1.7-10               | FORGE    | BOTH              | 2026-08-15 21:08:34 |
[16Aug2026 02:43:59.930] [main/INFO] [Mods Optimizer/]: | resourcefulconfig                  | 2.1.3                  | FORGE    | BOTH              | 2026-08-15 21:08:47 |
[16Aug2026 02:43:59.931] [main/INFO] [Mods Optimizer/]: | servercore                         | 1.5.2+1.20.1           | FORGE    | BOTH              | 2026-08-15 21:08:47 |
[16Aug2026 02:43:59.931] [main/INFO] [Mods Optimizer/]: | evercrops                          | 4.0.0                  | FORGE    | BOTH              | 2026-06-25 11:45:45 |
[16Aug2026 02:43:59.931] [main/INFO] [Mods Optimizer/]: | leaky                              | 1.20.1-2.3             | FORGE    | SERVER            | 2025-12-22 12:28:49 |
[16Aug2026 02:43:59.932] [main/INFO] [Mods Optimizer/]: | curios                             | 5.14.1+1.20.1          | FORGE    | BOTH              | 2025-04-13 06:09:21 |
[16Aug2026 02:43:59.932] [main/INFO] [Mods Optimizer/]: | patchouli                          | 1.20.1-85-FORGE        | FORGE    | UNKNOWN           | 2026-08-15 21:08:34 |
[16Aug2026 02:43:59.933] [main/INFO] [Mods Optimizer/]: | golden_dandelion_in_different_version | 1.2.0                  | FORGE    | UNKNOWN           | 2026-04-03 16:01:39 |
[16Aug2026 02:43:59.933] [main/INFO] [Mods Optimizer/]: | collective                         | 8.39.0                 | MIXED    | BOTH              | 2026-06-29 18:02:09 |
[16Aug2026 02:43:59.933] [main/INFO] [Mods Optimizer/]: | shout                              | 1.0.0                  | MIXED    | DATA_PACK         | 2026-08-15 21:08:47 |
[16Aug2026 02:43:59.934] [main/INFO] [Mods Optimizer/]: | galvan                             | 1.0.0                  | MIXED    | DATA_PACK         | 2026-08-15 21:08:35 |
[16Aug2026 02:43:59.934] [main/INFO] [Mods Optimizer/]: | seadwellers                        | 2.9.9                  | FORGE    | BOTH              | 2026-08-15 21:08:47 |
[16Aug2026 02:43:59.935] [main/INFO] [Mods Optimizer/]: | chromastone_addon                  | 1.8.1                  | MIXED    | DATA_PACK         | 2026-08-15 21:08:35 |
[16Aug2026 02:43:59.935] [main/INFO] [Mods Optimizer/]: | easier_omnitrix_alien_evo_addon    | 1.0.0                  | FORGE    | BOTH              | 2026-08-15 21:08:35 |
[16Aug2026 02:43:59.935] [main/INFO] [Mods Optimizer/]: | resourcefullib                     | 2.1.29                 | FORGE    | BOTH              | 2026-08-15 21:08:47 |
[16Aug2026 02:43:59.936] [main/INFO] [Mods Optimizer/]: | bhmod                              | 1.1.2                  | FORGE    | DATA_PACK         | 2026-08-15 21:08:34 |
[16Aug2026 02:43:59.936] [main/INFO] [Mods Optimizer/]: | architectury                       | 9.2.14                 | FORGE    | BOTH              | 2026-08-15 21:08:35 |
[16Aug2026 02:43:59.937] [main/INFO] [Mods Optimizer/]: | aiimprovements                     | 0.5.2                  | FORGE    | BOTH              | 2026-08-15 21:08:34 |
[16Aug2026 02:43:59.939] [main/INFO] [Mods Optimizer/]: | cupboard                           | 1.20.1-3.9             | FORGE    | BOTH              | 2026-07-06 18:55:24 |
[16Aug2026 02:43:59.940] [main/INFO] [Mods Optimizer/]: | piggyback                          | 1.1.1                  | FORGE    | BOTH              | 2026-08-15 21:08:45 |
[16Aug2026 02:43:59.941] [main/INFO] [Mods Optimizer/]: | monolib                            | 4.1.0                  | FORGE    | BOTH              | 2026-08-15 21:08:41 |
[16Aug2026 02:43:59.942] [main/INFO] [Mods Optimizer/]: | hyrule_terrors                     | 2.2.0                  | FORGE    | BOTH              | 2026-08-15 21:08:38 |
[16Aug2026 02:43:59.943] [main/INFO] [Mods Optimizer/]: | fallingtree                        | 4.3.4                  | MIXED    | BOTH              | 2024-01-05 20:28:28 |
[16Aug2026 02:43:59.944] [main/INFO] [Mods Optimizer/]: | inventoryessentials                | 8.2.18                 | FORGE    | BOTH              | 2026-07-03 06:03:36 |
[16Aug2026 02:43:59.945] [main/INFO] [Mods Optimizer/]: | krypton                            | 0.2.3                  | FORGE    | BOTH              | 2023-06-24 02:49:29 |
[16Aug2026 02:43:59.945] [main/INFO] [Mods Optimizer/]: | letmedespawn                       | 1.5.0                  | FORGE    | SERVER            | 2026-08-15 21:08:41 |
[16Aug2026 02:43:59.946] [main/INFO] [Mods Optimizer/]: | mr_omnicut_betterwoodstonecutter   | 0.0.0                  | MIXED    | DATA_PACK         | 2026-08-15 21:08:44 |
[16Aug2026 02:43:59.949] [main/INFO] [Mods Optimizer/]: | quickskin                          | 2.6.2-4                | FORGE    | BOTH              | 2026-08-15 21:08:34 |
[16Aug2026 02:43:59.950] [main/INFO] [Mods Optimizer/]: | chrono                             | 7.0.0                  | FORGE    | UNKNOWN           | 2026-08-15 18:40:06 |
[16Aug2026 02:43:59.951] [main/INFO] [Mods Optimizer/]: | name_tag_backport                  | 1.0.1                  | MIXED    | UNKNOWN           | 2026-08-15 21:08:42 |
[16Aug2026 02:43:59.952] [main/INFO] [Mods Optimizer/]: | rhino                              | 2001.2.3-build.10      | FORGE    | UNKNOWN           | 2025-02-12 21:26:35 |
[16Aug2026 02:43:59.953] [main/INFO] [Mods Optimizer/]: | omni_extras                        | 1.0.7-3                | MIXED    | DATA_PACK         | 2026-08-15 21:08:42 |
[16Aug2026 02:43:59.953] [main/INFO] [Mods Optimizer/]: | trashslot                          | 15.1.5                 | FORGE    | BOTH              | 2026-05-01 06:43:53 |
[16Aug2026 02:43:59.953] [main/INFO] [Mods Optimizer/]: | ftblibrary                         | 2001.2.13              | FORGE    | BOTH              | 2026-06-10 14:53:23 |
[16Aug2026 02:43:59.954] [main/INFO] [Mods Optimizer/]: | sophisticateditemactions           | 4.14.387               | FORGE    | BOTH              | 2026-08-10 17:20:41 |
[16Aug2026 02:43:59.955] [main/INFO] [Mods Optimizer/]: | limitedchunks                      | 1.8.0                  | FORGE    | SERVER            | 2024-05-31 19:23:59 |
[16Aug2026 02:43:59.957] [main/INFO] [Mods Optimizer/]: | underlay                           | 1.0.3                  | FORGE    | UNKNOWN           | 2026-07-11 21:43:03 |
[16Aug2026 02:43:59.959] [main/INFO] [Mods Optimizer/]: | jei                                | 15.49.0-188            | FORGE    | BOTH              | 2026-08-15 21:08:38 |
[16Aug2026 02:43:59.961] [main/INFO] [Mods Optimizer/]: | lithostitched                      | 1.4.11                 | FORGE    | BOTH              | 2025-07-07 19:21:42 |
[16Aug2026 02:43:59.962] [main/INFO] [Mods Optimizer/]: | attributefix                       | 21.0.5                 | FORGE    | BOTH              | 2026-02-12 01:13:22 |
[16Aug2026 02:43:59.963] [main/INFO] [Mods Optimizer/]: | fieldguide                         | 1.8.4                  | FORGE    | BOTH              | 2026-08-15 21:08:35 |
[16Aug2026 02:43:59.964] [main/INFO] [Mods Optimizer/]: | pehkui                             | 3.8.2+1.20.1-forge     | FORGE    | UNKNOWN           | 2026-08-15 21:08:34 |
[16Aug2026 02:43:59.967] [main/INFO] [Mods Optimizer/]: | portfolio                          | 1.20.1-1.5.0           | FORGE    | BOTH              | 2025-09-02 16:20:24 |
[16Aug2026 02:43:59.968] [main/INFO] [Mods Optimizer/]: | caelus                             | 3.2.0+1.20.1           | FORGE    | BOTH              | 2024-04-22 00:58:26 |
[16Aug2026 02:43:59.968] [main/INFO] [Mods Optimizer/]: | actuallyharvest                    | 1.1.4-0                | FORGE    | BOTH              | 2025-12-13 10:19:25 |
[16Aug2026 02:43:59.968] [main/INFO] [Mods Optimizer/]: | spidermonkey                       | 1.0.0                  | MIXED    | DATA_PACK         | 2026-08-15 21:08:47 |
[16Aug2026 02:43:59.968] [main/INFO] [Mods Optimizer/]: | clumps                             | 12.0.0-4               | FORGE    | UNKNOWN           | 2024-04-21 05:03:41 |
[16Aug2026 02:43:59.969] [main/INFO] [Mods Optimizer/]: | fastasyncworldsave                 | 1.20.1-2.6             | FORGE    | BOTH              | 2025-08-27 21:07:46 |
[16Aug2026 02:43:59.969] [main/INFO] [Mods Optimizer/]: | immersive_optimization             | 0.2.0                  | FORGE    | BOTH              | 2026-07-14 07:03:04 |
[16Aug2026 02:43:59.969] [main/INFO] [Mods Optimizer/]: | backport                           | 1.0.3+mc1.20.1         | FORGE    | UNKNOWN           | 2026-08-15 21:08:35 |
[16Aug2026 02:43:59.970] [main/INFO] [Mods Optimizer/]: | alternate_current                  | 1.7.0                  | FORGE    | BOTH              | 2023-08-25 16:47:37 |
[16Aug2026 02:43:59.971] [main/INFO] [Mods Optimizer/]: | configured                         | 2.2.3                  | FORGE    | UNKNOWN           | 2024-03-06 23:05:51 |
[16Aug2026 02:43:59.974] [main/INFO] [Mods Optimizer/]: | thedarkcolour.kotlinforforge       | 0.0.0                  | FORGE    | LIBRARY           | 2026-08-15 21:08:39 |
[16Aug2026 02:43:59.974] [main/INFO] [Mods Optimizer/]: | mods_optimizer                     | 4.3.0                  | FORGE    | BOTH              | 2025-12-13 22:45:16 |
[16Aug2026 02:43:59.974] [main/INFO] [Mods Optimizer/]: | neruina                            | 3.3.3                  | FORGE    | BOTH              | 2026-08-15 21:08:42 |
[16Aug2026 02:43:59.974] [main/INFO] [Mods Optimizer/]: | mcjtylib                           | 8.0.8                  | FORGE    | BOTH              | 2026-06-16 05:46:03 |
[16Aug2026 02:43:59.975] [main/INFO] [Mods Optimizer/]: | iceandfire                         | 1.2.7                  | FORGE    | BOTH              | 2026-08-15 21:08:34 |
[16Aug2026 02:43:59.975] [main/INFO] [Mods Optimizer/]: | lagless                            | 1.0.0                  | FORGE    | BOTH              | 2026-03-14 10:13:16 |
[16Aug2026 02:43:59.975] [main/INFO] [Mods Optimizer/]: | corpsecurioscompat                 | 4.0.1                  | FORGE    | UNKNOWN           | 2026-08-15 21:08:35 |
[16Aug2026 02:43:59.975] [main/INFO] [Mods Optimizer/]: | blueprint                          | 7.1.3                  | FORGE    | BOTH              | 2026-05-06 10:27:10 |
[16Aug2026 02:43:59.976] [main/INFO] [Mods Optimizer/]: | azurelib                           | 3.1.12                 | FORGE    | BOTH              | 2026-08-15 21:08:35 |
[16Aug2026 02:43:59.976] [main/INFO] [Mods Optimizer/]: | luckperms                          | 5.4.102                | FORGE    | UNKNOWN           | 2023-08-05 09:50:29 |
[16Aug2026 02:43:59.978] [main/INFO] [Mods Optimizer/]: | uranus                             | 2.2.6-bugfix.2         | FORGE    | BOTH              | 2026-08-15 21:08:48 |
[16Aug2026 02:43:59.978] [main/INFO] [Mods Optimizer/]: | rftoolspower                       | 6.0.3                  | FORGE    | BOTH              | 2026-06-16 05:50:48 |
[16Aug2026 02:43:59.979] [main/INFO] [Mods Optimizer/]: | poison_dragons                     | 4.0.0                  | FORGE    | BOTH              | 2026-08-15 21:08:45 |
[16Aug2026 02:43:59.980] [main/INFO] [Mods Optimizer/]: | golemoverhaul                      | 1.1.1                  | FORGE    | BOTH              | 2026-08-15 21:08:37 |
[16Aug2026 02:43:59.981] [main/INFO] [Mods Optimizer/]: | logbegone                          | 1.0.8                  | FORGE    | UNKNOWN           | 2023-06-12 19:18:50 |
[16Aug2026 02:43:59.982] [main/INFO] [Mods Optimizer/]: | noopport                           | 1.20.1-1.0.0           | FORGE    | BOTH              | 2024-03-14 22:40:52 |
[16Aug2026 02:43:59.983] [main/INFO] [Mods Optimizer/]: | smoothchunk                        | 1.20.1-4.1             | FORGE    | SERVER            | 2025-03-12 17:25:24 |
[16Aug2026 02:43:59.983] [main/INFO] [Mods Optimizer/]: | moonlight                          | 2.16.28                | FORGE    | BOTH              | 2026-08-15 21:08:41 |
[16Aug2026 02:43:59.985] [main/INFO] [Mods Optimizer/]: | primal                             | 1.1.6                  | FORGE    | BOTH              | 2026-05-01 14:10:10 |
[16Aug2026 02:43:59.985] [main/INFO] [Mods Optimizer/]: | omniverse_time_pack                | 1.0.0                  | MIXED    | DATA_PACK         | 2026-08-15 21:08:34 |
[16Aug2026 02:43:59.986] [main/INFO] [Mods Optimizer/]: | aeo                                | 1.0.6                  | MIXED    | DATA_PACK         | 2026-08-15 21:08:34 |
[16Aug2026 02:43:59.986] [main/INFO] [Mods Optimizer/]: | stretchakln                        | 1.1.1                  | MIXED    | DATA_PACK         | 2026-08-15 21:08:47 |
[16Aug2026 02:43:59.987] [main/INFO] [Mods Optimizer/]: | alltheleaks                        | 1.1.1+1.20.1-forge     | FORGE    | BOTH              | 2025-11-18 17:24:31 |
[16Aug2026 02:43:59.989] [main/INFO] [Mods Optimizer/]: | platform                           | 1.3.4                  | FORGE    | BOTH              | 2026-08-15 21:08:34 |
[16Aug2026 02:43:59.989] [main/INFO] [Mods Optimizer/]: | corgilib                           | 4.0.3-4                | FORGE    | BOTH              | 2026-08-15 21:08:34 |
[16Aug2026 02:43:59.990] [main/INFO] [Mods Optimizer/]: | fastpaintings                      | 1.2.7                  | FORGE    | BOTH              | 2026-08-15 21:08:35 |
[16Aug2026 02:43:59.990] [main/INFO] [Mods Optimizer/]: | xfermium                           | 1.1.5                  | MIXED    | DATA_PACK         | 2026-08-15 21:08:35 |
[16Aug2026 02:43:59.990] [main/INFO] [Mods Optimizer/]: | alienevo                           | 1.1.2                  | FORGE    | UNKNOWN           | 2026-08-15 21:08:34 |
[16Aug2026 02:43:59.990] [main/INFO] [Mods Optimizer/]: | brutalbosses                       | 1.20.1-8.5             | FORGE    | BOTH              | 2026-02-20 14:38:57 |
[16Aug2026 02:43:59.990] [main/INFO] [Mods Optimizer/]: | quark                              | 4.0.462                | FORGE    | BOTH              | 2025-04-16 02:33:45 |
[16Aug2026 02:43:59.991] [main/INFO] [Mods Optimizer/]: | imfast                             | 1.0.2                  | FORGE    | UNKNOWN           | 2024-12-14 17:15:00 |
[16Aug2026 02:43:59.991] [main/INFO] [Mods Optimizer/]: | smoothmovement                     | 1.20.1-2.6             | FORGE    | BOTH              | 2026-02-12 16:01:47 |
[16Aug2026 02:43:59.991] [main/INFO] [Mods Optimizer/]: | polymorph                          | 0.49.10+1.20.1         | FORGE    | BOTH              | 2025-04-22 00:43:19 |
[16Aug2026 02:43:59.992] [main/INFO] [Mods Optimizer/]: | zeta                               | 1.0.31                 | FORGE    | BOTH              | 2025-12-15 04:06:32 |
[16Aug2026 02:43:59.994] [main/INFO] [Mods Optimizer/]: | betterchunkloading                 | 1.20.1-5.4             | FORGE    | BOTH              | 2025-02-19 17:35:01 |
[16Aug2026 02:43:59.995] [main/INFO] [Mods Optimizer/]: | cosmeticcorpsecompat               | 4.0.1                  | FORGE    | UNKNOWN           | 2026-08-15 21:08:35 |
[16Aug2026 02:43:59.995] [main/INFO] [Mods Optimizer/]: | modfixer                           | 0.0.5                  | FORGE    | BOTH              | 2026-08-15 21:08:41 |
[16Aug2026 02:43:59.995] [main/INFO] [Mods Optimizer/]: | fastfurnace                        | 8.0.2                  | FORGE    | BOTH              | 2024-03-13 22:38:07 |
[16Aug2026 02:43:59.995] [main/INFO] [Mods Optimizer/]: | amped                              | 1.0.0                  | MIXED    | DATA_PACK         | 2026-08-15 21:08:35 |
[16Aug2026 02:43:59.996] [main/INFO] [Mods Optimizer/]: | gbf                                | 1.0.2                  | FORGE    | UNKNOWN           | 2026-07-17 12:26:02 |
[16Aug2026 02:43:59.996] [main/INFO] [Mods Optimizer/]: | omni_evo                           | 1.0.0                  | MIXED    | DATA_PACK         | 2026-08-15 21:08:43 |
[16Aug2026 02:43:59.996] [main/INFO] [Mods Optimizer/]: | ferritecore                        | 6.0.1                  | FORGE    | BOTH              | 2023-10-22 15:27:07 |
[16Aug2026 02:43:59.998] [main/INFO] [Mods Optimizer/]: | mobcatcher                         | 1.20.1-0               | FORGE    | UNKNOWN           | 2026-04-30 03:28:34 |
[16Aug2026 02:43:59.999] [main/INFO] [Mods Optimizer/]: | fempack                            | 1.0.0                  | MIXED    | DATA_PACK         | 2026-08-15 21:08:34 |
[16Aug2026 02:43:59.999] [main/INFO] [Mods Optimizer/]: | puzzleslib                         | 8.1.33                 | FORGE    | BOTH              | 2025-08-23 14:27:11 |
[16Aug2026 02:43:59.999] [main/INFO] [Mods Optimizer/]: | fokusapi                           | 4.5.0                  | MIXED    | DATA_PACK         | 2026-08-15 21:08:34 |
[16Aug2026 02:44:00.000] [main/INFO] [Mods Optimizer/]: | packetfixer                        | 3.3.2                  | MIXED    | BOTH              | 2026-04-04 11:12:12 |
[16Aug2026 02:44:00.001] [main/INFO] [Mods Optimizer/]: | aeroflame                          | 1.1.0                  | MIXED    | DATA_PACK         | 2026-08-15 21:08:34 |
[16Aug2026 02:44:00.001] [main/INFO] [Mods Optimizer/]: | cosmeticarmorreworked              | 1.20.1-v1a             | FORGE    | BOTH              | 2023-06-21 05:11:55 |
[16Aug2026 02:44:00.002] [main/INFO] [Mods Optimizer/]: | chunksending                       | 1.20.1-2.8             | FORGE    | BOTH              | 2023-11-23 21:08:36 |
[16Aug2026 02:44:00.002] [main/INFO] [Mods Optimizer/]: | mixintrace                         | 1.0.0                  | FORGE    | BOTH              | 2026-08-15 21:08:41 |
[16Aug2026 02:44:00.002] [main/INFO] [Mods Optimizer/]: | overflowingbars                    | 8.0.1                  | FORGE    | BOTH              | 2024-09-28 10:14:07 |
[16Aug2026 02:44:00.003] [main/INFO] [Mods Optimizer/]: | vmod                               | 1.1.21                 | FORGE    | BOTH              | 2026-02-23 16:37:59 |
[16Aug2026 02:44:00.003] [main/INFO] [Mods Optimizer/]: | carbonconfig                       | 2.0.2-1                | FORGE    | BOTH              | 2026-05-20 21:00:46 |
[16Aug2026 02:44:00.004] [main/INFO] [Mods Optimizer/]: | xpbook                             | 2.2.1                  | FORGE    | BOTH              | 2026-08-15 21:08:48 |
[16Aug2026 02:44:00.005] [main/INFO] [Mods Optimizer/]: -------------------------------------------------------------------------------------------------------------------
[16Aug2026 02:44:00.007] [main/INFO] [Mods Optimizer/]: ♻ Parsed 156 mods in 406 ms.
[16Aug2026 02:44:00.008] [main/INFO] [Mods Optimizer/]: ✔ No duplicated mods found.
[16Aug2026 02:44:00.008] [main/WARN] [Mods Optimizer/]: ✔ No mods for client-side checks found!
[16Aug2026 02:44:00.008] [main/INFO] [Mods Optimizer/]: ⏱ Mod Optimizer needs 466 ms in total.
[16Aug2026 02:44:00.009] [main/INFO] [Mods Optimizer/]: ♻ Cleanup resources ...
[16Aug2026 02:44:00.435] [main/WARN] [net.minecraftforge.fml.loading.moddiscovery.ModFileParser/LOADING]: Mod file /workspaces/Chivirikas3/servidor_minecraft/libraries/net/minecraftforge/fmlcore/1.20.1-47.4.1/fmlcore-1.20.1-47.4.1.jar is missing mods.toml file
[16Aug2026 02:44:00.436] [main/WARN] [net.minecraftforge.fml.loading.moddiscovery.ModFileParser/LOADING]: Mod file /workspaces/Chivirikas3/servidor_minecraft/libraries/net/minecraftforge/javafmllanguage/1.20.1-47.4.1/javafmllanguage-1.20.1-47.4.1.jar is missing mods.toml file
[16Aug2026 02:44:00.437] [main/WARN] [net.minecraftforge.fml.loading.moddiscovery.ModFileParser/LOADING]: Mod file /workspaces/Chivirikas3/servidor_minecraft/libraries/net/minecraftforge/lowcodelanguage/1.20.1-47.4.1/lowcodelanguage-1.20.1-47.4.1.jar is missing mods.toml file
[16Aug2026 02:44:00.438] [main/WARN] [net.minecraftforge.fml.loading.moddiscovery.ModFileParser/LOADING]: Mod file /workspaces/Chivirikas3/servidor_minecraft/libraries/net/minecraftforge/mclanguage/1.20.1-47.4.1/mclanguage-1.20.1-47.4.1.jar is missing mods.toml file
[16Aug2026 02:44:01.111] [main/WARN] [net.minecraftforge.jarjar.selection.JarSelector/]: Attempted to select a dependency jar for JarJar which was passed in as source: architectury. Using Mod File: /workspaces/Chivirikas3/servidor_minecraft/mods/architectury-9.2.14-forge.jar
[16Aug2026 02:44:01.112] [main/INFO] [net.minecraftforge.fml.loading.moddiscovery.JarInJarDependencyLocator/]: Found 24 dependencies adding them to mods collection
[16Aug2026 02:44:05.133] [main/INFO] [mixin/]: Compatibility level set to JAVA_17
[16Aug2026 02:44:05.180] [main/ERROR] [mixin/]: Mixin config palladiumcore-common.mixins.json does not specify "minVersion" property
[16Aug2026 02:44:05.192] [main/ERROR] [mixin/]: Mixin config palladiumcore.mixins.json does not specify "minVersion" property
[16Aug2026 02:44:05.256] [main/ERROR] [mixin/]: Mixin config zfastnoise.mixins.json does not specify "minVersion" property
[16Aug2026 02:44:05.264] [main/ERROR] [mixin/]: Mixin config riding_partners-common.mixins.json does not specify "minVersion" property
[16Aug2026 02:44:05.271] [main/ERROR] [mixin/]: Mixin config copperagebackport.forge.mixins.json does not specify "minVersion" property
[16Aug2026 02:44:05.290] [main/ERROR] [mixin/]: Mixin config everfurnace.mixins.json does not specify "minVersion" property
[16Aug2026 02:44:05.302] [main/ERROR] [mixin/]: Mixin config evercrops.mixins.json does not specify "minVersion" property
[16Aug2026 02:44:05.507] [main/ERROR] [mixin/]: Mixin config alienevo-common.mixins.json does not specify "minVersion" property
[16Aug2026 02:44:05.510] [main/ERROR] [mixin/]: Mixin config alienevo.mixins.json does not specify "minVersion" property
[16Aug2026 02:44:05.601] [main/INFO] [cpw.mods.modlauncher.LaunchServiceHandler/MODLAUNCHER]: Launching target 'forgeserver' with arguments [nogui]
[16Aug2026 02:44:05.826] [main/INFO] [ModernFix/]: Loaded configuration file for ModernFix 5.26.2+mc1.20.1: 98 options available, 0 override(s) found
[16Aug2026 02:44:05.827] [main/INFO] [ModernFix/]: Applying Nashorn fix
[16Aug2026 02:44:05.849] [main/INFO] [ModernFix/]: Applied Forge config corruption patch
[16Aug2026 02:44:05.869] [main/WARN] [mixin/]: Reference map 'fastitemframes.forge.refmap.json' for fastitemframes.forge.mixins.json could not be read. If this is a development environment you can ignore this message
[16Aug2026 02:44:06.050] [main/WARN] [mixin/]: Reference map 'riding_partners.refmap.json' for riding_partners.mixins.json could not be read. If this is a development environment you can ignore this message
[16Aug2026 02:44:06.056] [main/WARN] [mixin/]: Reference map 'lmft-common-refmap.json' for lmft-common.mixins.json could not be read. If this is a development environment you can ignore this message
[16Aug2026 02:44:06.257] [main/INFO] [ChronoMixinPlugin/]: Chrono Machina mixin plugin loaded (citadel=true, geckoanimfix=false). Mixins on shared targets use priority=1100 to apply after citadel.
[16Aug2026 02:44:06.260] [main/INFO] [ChronoMixinPlugin/]: Chrono Machina mixin plugin loaded (citadel=true, geckoanimfix=false). Mixins on shared targets use priority=1100 to apply after citadel.
[16Aug2026 02:44:06.272] [main/WARN] [mixin/]: Reference map 'trashslot.refmap.json' for trashslot.mixins.json could not be read. If this is a development environment you can ignore this message
[16Aug2026 02:44:06.278] [main/WARN] [mixin/]: Reference map 'limitedchunks.refmap.json' for limitedchunks.mixins.json could not be read. If this is a development environment you can ignore this message
[16Aug2026 02:44:06.311] [main/WARN] [mixin/]: Reference map 'portfolio.refmap.json' for portfolio.mixins.json could not be read. If this is a development environment you can ignore this message
[16Aug2026 02:44:06.355] [main/WARN] [mixin/]: Reference map 'puzzlesaccessapi.common.refmap.json' for puzzlesaccessapi.common.mixins.json could not be read. If this is a development environment you can ignore this message
[16Aug2026 02:44:06.480] [main/WARN] [mixin/]: Reference map 'fastpaintings-forge-refmap.json' for fastpaintings-forge.mixins.json could not be read. If this is a development environment you can ignore this message
[16Aug2026 02:44:06.582] [main/INFO] [Puzzles Lib/]: Loading 166 mods:
	- actuallyharvest 1.1.4.0
		\-- whitenoise 1.1.1
	- aeo 1.0.6
	- aeroflame 1.1
	- aiimprovements 0.5.2
	- alienevo 1.1.2
	- aliens_reworked 1.0.0
	- alltheleaks 1.1.1+1.20.1-forge
		\-- mixinsquared 0.3.6-beta.1
	- almanac 1.0.2
	- alternate_current 1.7.0
	- ambient_rain_fog 1.0.0
	- amped 1.0.0
	- architectury 9.2.14
	- attributefix 21.0.5
	- azurelib 3.1.12
	- backport 1.0.3+mc1.20.1
	- baguettelib 1.1.6
	- balm 7.3.42
		\-- kuma_api 20.1.12
	- betterchunkloading 1.20.1-5.4
	- betterspawnercontrol 4.7
	- bhmod 1.1.2
	- blueprint 7.1.3
	- brutalbosses 1.20.1-8.5
	- caelus 3.2.0+1.20.1
	- carbonconfig 1.20-2.0.2.1
	- carryon 2.1.2.7
	- chromastone_addon 1.8.1
	- chrono 7.0
	- chunksending 1.20.1-2.8
	- chunky 1.3.146
	- citadel 2.6.3
	- cloth_config 11.1.136
	- clumps 12.0.0.4
	- collective 8.39
	- configured 2.2.3
	- connectivity 1.20.1-7.6
	- copperagebackport 0.1.4
	- corgilib 4.0.3.4
	- corpse 1.20.1-1.0.23
	- corpsecurioscompat 4.0.1
	- cosmeticarmorreworked 1.20.1-v1a
	- cosmeticcorpsecompat 4.0.1
	- cupboard 1.20.1-3.9
	- curios 5.14.1+1.20.1
	- disenchanting_table 5.0.2
	- easier_omnitrix_alien_evo_addon 1.0.0
	- evercrops 4.0.0
	- everfurnace 3.2.0
	- faewulf_lib 1.3.2
	- fallingtree 4.3.4
	- fastasyncworldsave 1.20.1-2.6
	- fastfurnace 8.0.2
	- fastitemframes 20.1.5
	- fastpaintings 1.20-1.2.7
	- fempack 1.0.0
	- ferritecore 6.0.1
	- fieldguide 1.8.4
	- florauna 1.0.1
	- fokusapi 4.5
	- forge 47.4.1
	- fsang 12.4.1
	- ftbessentials 2001.2.4
	- ftblibrary 2001.2.13
	- gallery 1.0.3
	- galvan 1.0.0
	- gbf 1.0.2
	- geckolib 4.8.4
	- golden_dandelion_in_different_version 1.2.0
	- golemoverhaul 1.1.1
	- gpumemleakfix 1.20.1-1.8
	- guardvillagers 1.20.1-1.6.18
	- holdmybeer 1.2.3
	- hyrule_terrors 2.2.0
	- iceandfire 1.2.7
	- imfast 1.0.2
	- immersive_optimization 0.2.0
	- incendium 5.3.5
	- inventoryessentials 8.2.18
	- jei 15.49.0.188
	- jupiter 2.3.7
	- kotlinforforge 4.12.0
	- krypton 0.2.3
	- kubejs 2001.6.5-build.26
	- labels 1.20-2.0.0
	- lagless 1.0.0
	- leaky 1.20.1-2.3
	- letmedespawn 1.5.0
	- limitedchunks 1.8
	- lithostitched 1.4.11
	- lmft 1.0.4+1.20.1
	- logbegone 1.0.8
	- luckperms 5.4.102
	- mcjtylib 1.20-8.0.8
	- minecraft 1.20.1
	- mixintrace 1.0
	- mobcatcher 1.20.1-0
	- modernfix 5.26.2+mc1.20.1
	- modfixer 0.0.5
	- monolib 4.1.0
	- moonlight 1.20-2.16.28
	- mr_omnicut_betterwoodstonecutter 1-v1.107.0
	- name_tag_backport 1.0.1
	- neruina 3.3.3
	- netherportalfix 13.0.1
	- noopport 1.20.1-1.0.0
	- omni_evo 1.0.0
	- omni_evo_aliens 1.0.0
	- omni_extras 1.0.7.3
	- omniverse_time_pack 1.0.0
	- openpartiesandclaims 0.29.2
	- overflowingbars 8.0.1
	- packetfixer 3.3.2
	- palladium 4.5.8
		|-- palladiumcore 1.0.1
		\-- playeranimator 1.0.2-rc1+1.20
	- pantheonsent 1.1.1
		\-- sherdsapi 4.0.4
	- paraglider 20.1.3
	- patchouli 1.20.1-85-FORGE
	- pehkui 3.8.2+1.20.1-forge
	- piggyback 1.1.1
	- placebo 8.6.3
	- platform 1.3.4
	- poison_dragons 0.4
	- polymorph 0.49.10+1.20.1
		\-- spectrelib 0.13.17+1.20.1
	- portfolio 1.20.1-1.5.0
	- potions_backport 1.0.0
	- primal 1.1.6
	- puzzleslib 8.1.33
		\-- puzzlesaccessapi 20.1.1
	- quark 4.0-462
	- quickskin 2.6.2.4
	- randomisfits 1.20.1-1.3.5-forge
		\-- configlibtxf 1.20.1-2.0.3-forge
	- recipeessentials 1.20.1-4.0
	- resourcefulconfig 2.1.3
	- resourcefullib 2.1.29
	- rftoolsbase 1.20-5.0.7
	- rftoolspower 1.20-6.0.3
	- rhino 2001.2.3-build.10
	- riding_partners 1.0.0
	- seadwellers 2.9.9
	- servercore 1.5.2+1.20.1
	- shout 1.0.0
	- smoothchunk 1.20.1-4.1
	- smoothmovement 1.20.1-2.6
	- sophisticatedbackpacks 3.24.62.2017
	- sophisticatedcore 1.3.79.2250
	- sophisticateditemactions 0.4.14.387
	- spidermonkey 1.0.0
	- stretchakln 1.1.1
	- structureessentials 1.20.1-5.0
	- terramity 0.9.8
	- trashslot 15.1.5
	- traversable_leaves 2.1.0
	- underlay 1.0.3
	- uranus 2.2.6-bugfix.2
	- vanillabackport 1.1.7.10
	- vmod 1.1.21
	- xfermium 1.1.5
	- xpbook 2.2.1
	- zeta 1.0-31
	- zfastnoise 1.0.13
[16Aug2026 02:44:06.605] [main/INFO] [dev.tonimatas.packetfixer.mixins.v1_19_4_forge.MixinPlugin/]: Packet Fixer forge 1.19.4-1.20.1 has been applied successfully.
[16Aug2026 02:44:07.314] [main/INFO] [com.cupboard.Cupboard/]: Loaded config for: recipeessentials.json
[16Aug2026 02:44:07.356] [main/INFO] [net.minecraftforge.coremod.CoreMod.placebo/COREMODLOG]: Patching IForgeItemStack#getEnchantmentLevel
[16Aug2026 02:44:07.378] [main/INFO] [net.minecraftforge.coremod.CoreMod.placebo/COREMODLOG]: Patching IForgeItemStack#getEnchantmentLevel
[16Aug2026 02:44:07.521] [main/INFO] [com.cupboard.Cupboard/]: Loaded config for: structureessentials.json
[16Aug2026 02:44:07.962] [main/ERROR] [net.minecraftforge.fml.loading.RuntimeDistCleaner/DISTXFORM]: Attempted to load class net/minecraft/client/renderer/block/BlockRenderDispatcher for invalid dist DEDICATED_SERVER
[16Aug2026 02:44:07.963] [main/WARN] [mixin/]: Error loading class: net/minecraft/client/renderer/block/BlockRenderDispatcher (java.lang.RuntimeException: Attempted to load class net/minecraft/client/renderer/block/BlockRenderDispatcher for invalid dist DEDICATED_SERVER)
[16Aug2026 02:44:07.963] [main/WARN] [mixin/]: @Mixin target net.minecraft.client.renderer.block.BlockRenderDispatcher was not found vanillabackport.mixins.json:access.BlockRenderDispatcherAccessor
[16Aug2026 02:44:08.063] [main/WARN] [mixin/]: Error loading class: net/mehvahdjukaar/stone_zone/api/set/stone/StoneType (java.lang.ClassNotFoundException: net.mehvahdjukaar.stone_zone.api.set.stone.StoneType)
[16Aug2026 02:44:08.071] [main/WARN] [mixin/]: Error loading class: jeresources/api/util/BiomeHelper (java.lang.ClassNotFoundException: jeresources.api.util.BiomeHelper)
[16Aug2026 02:44:08.074] [main/WARN] [mixin/]: Error loading class: yalter/mousetweaks/Main (java.lang.ClassNotFoundException: yalter.mousetweaks.Main)
[16Aug2026 02:44:08.338] [main/WARN] [mixin/]: Error loading class: com/simibubi/create/content/contraptions/Contraption (java.lang.ClassNotFoundException: com.simibubi.create.content.contraptions.Contraption)
[16Aug2026 02:44:08.383] [main/ERROR] [net.minecraftforge.fml.loading.RuntimeDistCleaner/DISTXFORM]: Attempted to load class net/minecraft/client/renderer/entity/EntityRenderDispatcher for invalid dist DEDICATED_SERVER
[16Aug2026 02:44:08.383] [main/WARN] [mixin/]: Error loading class: net/minecraft/client/renderer/entity/EntityRenderDispatcher (java.lang.RuntimeException: Attempted to load class net/minecraft/client/renderer/entity/EntityRenderDispatcher for invalid dist DEDICATED_SERVER)
[16Aug2026 02:44:08.383] [main/WARN] [mixin/]: @Mixin target net.minecraft.client.renderer.entity.EntityRenderDispatcher was not found fieldguide.mixins.json:accessor.EntityRenderDispatcherAccessor
[16Aug2026 02:44:09.139] [main/INFO] [AllTheLeaks/]: Class dev.uncandango.alltheleaks.leaks.common.mods.zeta.Issue69 will be loaded as it matches versions: 1.0-31 in [1.0-19,)
[16Aug2026 02:44:09.140] [main/INFO] [AllTheLeaks/]: Mixins added to allowed list: [main.RecipeCrawlHandlerMixin]
[16Aug2026 02:44:09.141] [main/INFO] [AllTheLeaks/]: Class dev.uncandango.alltheleaks.leaks.common.mods.moonlight.UntrackedIssue001 will be loaded as it matches versions: 1.20-2.16.28 in [1.20-2.13.32,)
[16Aug2026 02:44:09.141] [main/INFO] [AllTheLeaks/]: Mixins added to allowed list: [main.FakeLevelManagerMixin]
[16Aug2026 02:44:09.141] [main/INFO] [AllTheLeaks/]: Class dev.uncandango.alltheleaks.leaks.common.mods.minecraft.UntrackedIssue002 will be loaded as it matches versions: 1.20.1 in 1.20.1
[16Aug2026 02:44:09.141] [main/INFO] [AllTheLeaks/]: Mixins added to allowed list: [main.EntityTickListMixin]
[16Aug2026 02:44:09.141] [main/INFO] [AllTheLeaks/]: Class dev.uncandango.alltheleaks.leaks.common.mods.minecraft.UntrackedIssue001 will be loaded as it matches versions: 1.20.1 in 1.20.1
[16Aug2026 02:44:09.141] [main/INFO] [AllTheLeaks/]: Class dev.uncandango.alltheleaks.leaks.common.mods.forge.UntrackedIssue002 will be loaded as it matches versions: 47.4.1 in [47.2,)
[16Aug2026 02:44:09.142] [main/INFO] [AllTheLeaks/]: Mixins added to allowed list: [accessor.FakePlayerNetHandlerAccessor, accessor.ConnectionAccessor]
[16Aug2026 02:44:09.142] [main/INFO] [AllTheLeaks/]: Class dev.uncandango.alltheleaks.leaks.common.mods.forge.UntrackedIssue001 will be loaded as it matches versions: 47.4.1 in [47.2,)
[16Aug2026 02:44:09.142] [main/INFO] [AllTheLeaks/]: Mixins added to allowed list: [main.ServerPlayerMixin, main.PlayerListMixin, accessor.PlayerAdvancementsAccessor]
[16Aug2026 02:44:09.142] [main/INFO] [AllTheLeaks/]: Class dev.uncandango.alltheleaks.leaks.common.mods.forge.Issue39 will be loaded as it matches versions: 47.4.1 in [47.2,)
[16Aug2026 02:44:09.142] [main/INFO] [AllTheLeaks/]: Class dev.uncandango.alltheleaks.leaks.common.mods.forge.Issue10684 will be loaded as it matches versions: 47.4.1 in *
[16Aug2026 02:44:09.142] [main/INFO] [AllTheLeaks/]: Class dev.uncandango.alltheleaks.leaks.common.mods.curios.UntrackedIssue001 will be loaded as it matches versions: 5.14.1+1.20.1 in [5.9.1,)
[16Aug2026 02:44:09.142] [main/INFO] [AllTheLeaks/]: Mixins added to allowed list: [main.CuriosEventHandlerMixin]
[16Aug2026 02:44:09.143] [main/INFO] [AllTheLeaks/]: Class dev.uncandango.alltheleaks.leaks.common.mods.citadel.UntrackedIssue001 will be loaded as it matches versions: 2.6.3 in [2.5.4,)
[16Aug2026 02:44:09.143] [main/INFO] [AllTheLeaks/]: Class dev.uncandango.alltheleaks.leaks.common.mods.architectury.UntrackedIssue001 will be loaded as it matches versions: 9.2.14 in [9.0.8,)
[16Aug2026 02:44:09.146] [main/INFO] [AllTheLeaks/]: Class dev.uncandango.alltheleaks.fix.common.mods.zeta.FixCopyStack will be loaded as it matches versions: 1.0-31 in *
[16Aug2026 02:44:09.146] [main/INFO] [AllTheLeaks/]: Mixins added to allowed list: [main.StackFixRecipeCrawlHandlerMixin]
[16Aug2026 02:44:09.147] [main/INFO] [AllTheLeaks/]: Class dev.uncandango.alltheleaks.fix.common.mods.modernfix.CancelRLMixin will be loaded as it matches versions: 5.26.2+mc1.20.1 in [5.0.0,)
[16Aug2026 02:44:09.147] [main/INFO] [AllTheLeaks/]: Mixins added to cancel list: [org.embeddedt.modernfix.common.mixin.perf.deduplicate_location.MixinResourceLocation]
[16Aug2026 02:44:09.147] [main/INFO] [AllTheLeaks/]: Class dev.uncandango.alltheleaks.fix.common.mods.kubejs.FixItemStackModification will be loaded as it matches versions: 2001.6.5-build.26 in *
[16Aug2026 02:44:09.147] [main/INFO] [AllTheLeaks/]: Mixins added to allowed list: [main.IngredientKJSMixin]
[16Aug2026 02:44:09.147] [main/INFO] [AllTheLeaks/]: Class dev.uncandango.alltheleaks.fix.common.mods.jei.FixItemStackCopy will be loaded as it matches versions: 15.49.0.188 in *
[16Aug2026 02:44:09.148] [main/INFO] [AllTheLeaks/]: Mixins added to allowed list: [main.SmithingCategoryExtensionMixin, main.NormalizedTypedItemStackMixin, main.IngredientSetMixin]
[16Aug2026 02:44:09.153] [main/INFO] [AllTheLeaks/]: Class dev.uncandango.alltheleaks.feature.common.mods.minecraft.MemoryMonitor will be loaded as it matches versions: 1.20.1 in 1.20.1
[16Aug2026 02:44:09.153] [main/INFO] [AllTheLeaks/]: Mixins added to allowed list: [main.PlayerMixin, main.ChunkAccessMixin, main.LevelMixin, main.MinecraftServerMixin]
[16Aug2026 02:44:09.153] [main/INFO] [AllTheLeaks/]: Class dev.uncandango.alltheleaks.feature.common.mods.minecraft.ClearLeakedLevelChunks will be loaded as it matches versions: 1.20.1 in 1.20.1
[16Aug2026 02:44:09.154] [main/INFO] [AllTheLeaks/]: Mixins added to allowed list: [accessor.LevelAccessor, main.RebindableTickingBlockEntityWrapperMixin, accessor.LevelChunkAccessor]
[16Aug2026 02:44:09.190] [main/WARN] [mixin/]: Error loading class: betterdays/client/TimeInterpolator (java.lang.ClassNotFoundException: betterdays.client.TimeInterpolator)
[16Aug2026 02:44:09.190] [main/WARN] [mixin/]: @Mixin target betterdays.client.TimeInterpolator was not found smoothmovement.mixins.json:compat.BetterDays
[16Aug2026 02:44:09.192] [main/WARN] [mixin/]: Error loading class: betterdays/time/TimeService (java.lang.ClassNotFoundException: betterdays.time.TimeService)
[16Aug2026 02:44:09.192] [main/WARN] [mixin/]: @Mixin target betterdays.time.TimeService was not found smoothmovement.mixins.json:compat.BetterDaysServer
[16Aug2026 02:44:09.196] [main/WARN] [mixin/]: Error loading class: net/lavabucket/hourglass/client/TimeInterpolator (java.lang.ClassNotFoundException: net.lavabucket.hourglass.client.TimeInterpolator)
[16Aug2026 02:44:09.197] [main/WARN] [mixin/]: @Mixin target net.lavabucket.hourglass.client.TimeInterpolator was not found smoothmovement.mixins.json:compat.HourGlass
[16Aug2026 02:44:09.202] [main/WARN] [mixin/]: Error loading class: net/lavabucket/hourglass/time/TimeService (java.lang.ClassNotFoundException: net.lavabucket.hourglass.time.TimeService)
[16Aug2026 02:44:09.202] [main/WARN] [mixin/]: @Mixin target net.lavabucket.hourglass.time.TimeService was not found smoothmovement.mixins.json:compat.HourGlassServer
[16Aug2026 02:44:09.292] [main/WARN] [mixin/]: Error loading class: noobanidus/mods/lootr/config/ConfigManager (java.lang.ClassNotFoundException: noobanidus.mods.lootr.config.ConfigManager)
[16Aug2026 02:44:09.295] [main/WARN] [mixin/]: @Mixin target noobanidus.mods.lootr.config.ConfigManager was not found quark_integrations.mixins.json:lootr.ConfigManagerMixin
[16Aug2026 02:44:09.589] [main/WARN] [mixin/]: Error loading class: net/minecraft/client/renderer/entity/EntityRendererProvider$Context (java.lang.ClassNotFoundException: net.minecraft.client.renderer.entity.EntityRendererProvider$Context)
[16Aug2026 02:44:09.590] [main/WARN] [mixin/]: Error loading class: net/minecraft/client/renderer/entity/EntityRendererProvider$Context (java.lang.ClassNotFoundException: net.minecraft.client.renderer.entity.EntityRendererProvider$Context)
[16Aug2026 02:44:09.706] [main/INFO] [MixinExtras|Service/]: Initializing MixinExtras via com.llamalad7.mixinextras.service.MixinExtrasServiceImpl(version=0.5.3).
[16Aug2026 02:44:10.297] [main/WARN] [mixin/]: Static binding violation: PRIVATE @Overwrite method m_216202_ in modernfix-modernfix.mixins.json:perf.tag_id_caching.TagOrElementLocationMixin cannot reduce visibiliy of PUBLIC target method, visibility will be upgraded.
[16Aug2026 02:44:10.378] [main/WARN] [net.minecraft.SystemReport/]: Failed retrieving info for group hardware
java.lang.NoClassDefFoundError: com/sun/jna/Platform
	at oshi.SystemInfo.<clinit>(SystemInfo.java:60) ~[oshi-core-6.2.2.jar%2369!/:6.2.2]
	at net.minecraft.SystemReport.m_143564_(SystemReport.java:52) ~[server-1.20.1-20230612.114412-srg.jar%23409!/:?]
	at net.minecraft.SystemReport.m_143516_(SystemReport.java:82) ~[server-1.20.1-20230612.114412-srg.jar%23409!/:?]
	at net.minecraft.SystemReport.<init>(SystemReport.java:52) ~[server-1.20.1-20230612.114412-srg.jar%23409!/:?]
	at net.minecraft.CrashReport.<init>(CrashReport.java:31) ~[server-1.20.1-20230612.114412-srg.jar%23409!/:?]
	at net.minecraft.CrashReport.m_127529_(CrashReport.java:216) ~[server-1.20.1-20230612.114412-srg.jar%23409!/:?]
	at net.minecraft.server.Main.main(Main.java:116) ~[server-1.20.1-20230612.114412-srg.jar%23409!/:?]
	at jdk.internal.reflect.NativeMethodAccessorImpl.invoke0(Native Method) ~[?:?]
	at jdk.internal.reflect.NativeMethodAccessorImpl.invoke(NativeMethodAccessorImpl.java:77) ~[?:?]
	at jdk.internal.reflect.DelegatingMethodAccessorImpl.invoke(DelegatingMethodAccessorImpl.java:43) ~[?:?]
	at java.lang.reflect.Method.invoke(Method.java:569) ~[?:?]
	at net.minecraftforge.fml.loading.targets.CommonLaunchHandler.runTarget(CommonLaunchHandler.java:111) ~[fmlloader-1.20.1-47.4.1.jar%2367!/:?]
	at net.minecraftforge.fml.loading.targets.CommonLaunchHandler.serverService(CommonLaunchHandler.java:103) ~[fmlloader-1.20.1-47.4.1.jar%2367!/:?]
	at net.minecraftforge.fml.loading.targets.CommonServerLaunchHandler.lambda$makeService$0(CommonServerLaunchHandler.java:27) ~[fmlloader-1.20.1-47.4.1.jar%2367!/:?]
	at cpw.mods.modlauncher.LaunchServiceHandlerDecorator.launch(LaunchServiceHandlerDecorator.java:30) ~[modlauncher-10.0.9.jar%2353!/:?]
	at cpw.mods.modlauncher.LaunchServiceHandler.launch(LaunchServiceHandler.java:53) ~[modlauncher-10.0.9.jar%2353!/:?]
	at cpw.mods.modlauncher.LaunchServiceHandler.launch(LaunchServiceHandler.java:71) ~[modlauncher-10.0.9.jar%2353!/:?]
	at cpw.mods.modlauncher.Launcher.run(Launcher.java:108) ~[modlauncher-10.0.9.jar%2353!/:?]
	at cpw.mods.modlauncher.Launcher.main(Launcher.java:78) ~[modlauncher-10.0.9.jar%2353!/:?]
	at cpw.mods.modlauncher.BootstrapLaunchConsumer.accept(BootstrapLaunchConsumer.java:26) ~[modlauncher-10.0.9.jar%2353!/:?]
	at cpw.mods.modlauncher.BootstrapLaunchConsumer.accept(BootstrapLaunchConsumer.java:23) ~[modlauncher-10.0.9.jar%2353!/:?]
	at cpw.mods.bootstraplauncher.BootstrapLauncher.main(BootstrapLauncher.java:141) ~[bootstraplauncher-1.1.2.jar:?]
Caused by: java.lang.ClassNotFoundException: com.sun.jna.Platform
	at jdk.internal.loader.BuiltinClassLoader.loadClass(BuiltinClassLoader.java:641) ~[?:?]
	at java.lang.ClassLoader.loadClass(ClassLoader.java:525) ~[?:?]
	at cpw.mods.cl.ModuleClassLoader.loadClass(ModuleClassLoader.java:137) ~[securejarhandler-2.1.10.jar:?]
	at java.lang.ClassLoader.loadClass(ClassLoader.java:525) ~[?:?]
	... 22 more
[16Aug2026 02:44:10.446] [main/INFO] [net.minecraft.server.Bootstrap/]: ModernFix reached bootstrap stage (16.73 s after launch)
[16Aug2026 02:44:10.576] [main/WARN] [mixin/]: @Final field delegatesByName:Ljava/util/Map; in modernfix-modernfix.mixins.json:perf.forge_registry_alloc.ForgeRegistryMixin should be final
[16Aug2026 02:44:10.577] [main/WARN] [mixin/]: @Final field delegatesByValue:Ljava/util/Map; in modernfix-modernfix.mixins.json:perf.forge_registry_alloc.ForgeRegistryMixin should be final
[16Aug2026 02:44:11.366] [main/INFO] [net.minecraftforge.coremod.CoreMod.placebo/COREMODLOG]: Patching IForgeItemStack#getEnchantmentLevel
[16Aug2026 02:44:11.367] [main/INFO] [net.minecraftforge.coremod.CoreMod.placebo/COREMODLOG]: Patching IForgeItemStack#getEnchantmentLevel
[16Aug2026 02:44:12.240] [main/INFO] [net.minecraft.server.Bootstrap/]: Vanilla bootstrap took 1791 milliseconds
[16Aug2026 02:44:12.322] [main/WARN] [mixin/]: @ModifyConstant conflict. Skipping connectivity.mixins.json:ClientBoundCustomPayloadPacketLMixin->@ModifyConstant::modifyLimit(I)I with priority 1, already redirected by packetfixer.v1_19_4.forge.mixins.json:v1_19_4_forge.ClientboundCustomPayloadPacketMixin->@ModifyConstant::packetfixer$newSize(I)I with priority 1000
[16Aug2026 02:44:12.322] [main/WARN] [mixin/]: @ModifyConstant conflict. Skipping connectivity.mixins.json:ClientBoundCustomPayloadPacketLMixin->@ModifyConstant::modifyLimit(I)I with priority 1, already redirected by packetfixer.v1_19_4.forge.mixins.json:v1_19_4_forge.ClientboundCustomPayloadPacketMixin->@ModifyConstant::packetfixer$newSize(I)I with priority 1000
[16Aug2026 02:44:12.649] [main/INFO] [net.minecraftforge.coremod.CoreMod.placebo/COREMODLOG]: Patching IForgeItemStack#getEnchantmentLevel
[16Aug2026 02:44:12.650] [main/INFO] [net.minecraftforge.coremod.CoreMod.placebo/COREMODLOG]: Patching IForgeItemStack#getEnchantmentLevel
[16Aug2026 02:44:13.061] [main/WARN] [mixin/]: @Inject(@At("INVOKE_ASSIGN")) Shift.BY=1 on palladiumcore-common.mixins.json:LightningBoltMixin::handler$zea000$tick exceeds the maximum allowed value: 0. Increase the value of maxShiftBy to suppress this warning.
[16Aug2026 02:44:14.152] [main/WARN] [mixin/]: @Final field f_26027_:Lnet/minecraft/world/entity/ai/targeting/TargetingConditions; in guardvillagers.mixins.json:DefendVillageGoalGolemMixin should be final
[16Aug2026 02:44:14.784] [main/WARN] [mixin/]: @ModifyConstant conflict. Skipping smoothmovement.mixins.json:player.ServerGamePacketListenerImplMixin->@ModifyConstant::scalePlayerMovement(D)D with priority 1, already redirected by imfast.mixins.json:VelocityMixin->@ModifyConstant::imfast_MovedWrong(D)D with priority 1000
[16Aug2026 02:44:14.788] [main/WARN] [mixin/]: @ModifyConstant conflict. Skipping packetfixer.v1_19_4.forge.mixins.json:v1_19_4_forge.ServerGamePacketListenerImplMixin->@ModifyConstant::packetfixer$tick(J)J with priority 1000, already redirected by connectivity.mixins.json:ServerPlayNetHandlerMixin->@ModifyConstant::playTimeout(J)J with priority 1001
[16Aug2026 02:44:16.179] [modloading-worker-0/WARN] [mixin/]: @Redirect conflict. Skipping recipeessentials.mixins.json:RecipeManagerMixin->@Redirect::logErrorOnce(Lorg/slf4j/Logger;Ljava/lang/String;Ljava/lang/Object;Ljava/lang/Object;)V with priority 200, already redirected by modernfix-modernfix.mixins.json:perf.datapack_reload_exceptions.RecipeManagerMixin->@Redirect::silenceException(Lorg/slf4j/Logger;Ljava/lang/String;Ljava/lang/Object;Ljava/lang/Object;)V with priority 2000
[16Aug2026 02:44:16.441] [modloading-worker-0/INFO] [Puzzles Lib/]: Constructing common components for fastitemframes:main
[16Aug2026 02:44:16.654] [modloading-worker-0/WARN] [net.minecraftforge.common.ForgeConfigSpec/CORE]: Configuration file /workspaces/Chivirikas3/servidor_minecraft/config/guardvillagers-common.toml is not correct. Correcting
[16Aug2026 02:44:16.792] [modloading-worker-0/INFO] [io.wispforest.lmft.LMFTCommon/]: [LMFT]: Loaded Config File!
[16Aug2026 02:44:16.797] [modloading-worker-0/INFO] [Copper-Age-Backport/]: Loaded config: golemBuildSpawning=true, golemPressesButtons=true, buttonPressChance=5%, golemTransportStackSize=16, weatheringTickFrom=504000, weatheringTickTo=552000
[16Aug2026 02:44:16.805] [modloading-worker-0/INFO] [Copper-Age-Backport/]: Initializing Copper-Age-Backport on Forge
[16Aug2026 02:44:16.806] [modloading-worker-0/INFO] [Copper-Age-Backport/]: Registering sounds for Copper-Age-Backport
[16Aug2026 02:44:16.814] [modloading-worker-0/INFO] [Copper-Age-Backport/]: Registering memory module types for Copper-Age-Backport
[16Aug2026 02:44:16.817] [modloading-worker-0/INFO] [Copper-Age-Backport/]: Registering particles for Copper-Age-Backport
[16Aug2026 02:44:16.824] [modloading-worker-0/INFO] [Faewulf's Lib/]: [Faewulf's Lib] Loading
[16Aug2026 02:44:16.879] [modloading-worker-0/INFO] [Faewulf's Lib/]: [Faewulf's Lib] Initializing...
[16Aug2026 02:44:16.881] [modloading-worker-0/INFO] [Faewulf's Lib/]: [Faewulf's Lib] Hello from Faewulf with <3
[16Aug2026 02:44:16.881] [modloading-worker-0/INFO] [Copper-Age-Backport/]: Registering blocks for Copper-Age-Backport
[16Aug2026 02:44:16.881] [modloading-worker-0/INFO] [Faewulf's Lib/]: [Faewulf's Lib] Init done
[16Aug2026 02:44:16.975] [modloading-worker-0/INFO] [Copper-Age-Backport/]: Registering block entities for Copper-Age-Backport
[16Aug2026 02:44:16.977] [modloading-worker-0/INFO] [Copper-Age-Backport/]: Registering entities for Copper-Age-Backport
[16Aug2026 02:44:16.987] [modloading-worker-0/INFO] [Copper-Age-Backport/]: Registering items for Copper-Age-Backport
[16Aug2026 02:44:17.016] [modloading-worker-0/INFO] [com.iafenvoy.jupiter.Jupiter/]: Config spec system detected, register to Jupiter Config System.
[16Aug2026 02:44:17.028] [modloading-worker-0/INFO] [Copper-Age-Backport/]: ModCompat: Mod 'fastchest' not loaded, skipping compatibility module
[16Aug2026 02:44:17.029] [modloading-worker-0/INFO] [com.iafenvoy.jupiter.Jupiter/]: Cloth Config API detected, register to Jupiter Config System.
[16Aug2026 02:44:17.035] [modloading-worker-0/INFO] [Copper-Age-Backport/]: ModCompat: Mod 'sophisticatedstorage' not loaded, skipping compatibility module
[16Aug2026 02:44:17.036] [modloading-worker-0/INFO] [Copper-Age-Backport/]: ModCompat: Mod 'ironchest' not loaded, skipping compatibility module
[16Aug2026 02:44:17.036] [modloading-worker-0/INFO] [Copper-Age-Backport/]: ModCompat: Initializing 0 compatibility modules...
[16Aug2026 02:44:17.036] [modloading-worker-0/INFO] [Copper-Age-Backport/]: ModCompat: Initialization complete. 0 chest handlers, 0 container handlers registered.
[16Aug2026 02:44:17.036] [modloading-worker-0/INFO] [Copper-Age-Backport/]: Copper-Age-Backport initialized successfully!
[16Aug2026 02:44:17.187] [modloading-worker-0/INFO] [Collective/]: Loading Collective version 8.39.
[16Aug2026 02:44:17.247] [modloading-worker-0/INFO] [me.wesley1808.servercore.common.ServerCore/]: [ServerCore] Loaded V1.5.2+1.20.1!
[16Aug2026 02:44:17.386] [modloading-worker-0/INFO] [com.cupboard.Cupboard/]: Loaded config for: cupboard.json
[16Aug2026 02:44:17.391] [modloading-worker-0/INFO] [Piggyback/]: [Piggyback] Loading
[16Aug2026 02:44:17.391] [modloading-worker-0/INFO] [Piggyback/]: [Piggyback] Register commands...
[16Aug2026 02:44:17.409] [modloading-worker-0/INFO] [Piggyback/]: [Piggyback] Init done
[16Aug2026 02:44:17.476] [modloading-worker-0/INFO] [dev.architectury.networking.forge.NetworkManagerImpl/]: Registering C2S receiver with id architectury:sync_ids
[16Aug2026 02:44:17.503] [modloading-worker-0/INFO] [net.blay09.mods.balm.forge.config.ForgeBalmConfig/]: Registering config for inventoryessentials:common (COMMON) with 10 properties.
[16Aug2026 02:44:17.621] [modloading-worker-0/INFO] [net.blay09.mods.balm.forge.config.ForgeBalmConfig/]: Registering config for trashslot:common (COMMON) with 5 properties.
[16Aug2026 02:44:17.648] [modloading-worker-0/INFO] [dev.architectury.networking.forge.NetworkManagerImpl/]: Registering C2S receiver with id ftblibrary:edit_nbt_response
[16Aug2026 02:44:17.773] [modloading-worker-0/INFO] [KubeJS/]: Loaded common.properties
[16Aug2026 02:44:17.775] [modloading-worker-0/INFO] [KubeJS/]: Loaded dev.properties
[16Aug2026 02:44:17.793] [modloading-worker-0/INFO] [KubeJS/]: Looking for KubeJS plugins...
[16Aug2026 02:44:17.809] [modloading-worker-0/INFO] [KubeJS/]: Found plugin source kubejs
[16Aug2026 02:44:17.824] [modloading-worker-0/WARN] [KubeJS/]: Plugin dev.latvian.mods.kubejs.forge.BuiltinKubeJSForgeClientPlugin does not load on server side, skipping
[16Aug2026 02:44:17.824] [modloading-worker-0/WARN] [KubeJS/]: Plugin dev.latvian.mods.kubejs.integration.forge.gamestages.GameStagesIntegration does not have required mod gamestages loaded, skipping
[16Aug2026 02:44:17.825] [modloading-worker-0/INFO] [KubeJS/]: Found plugin source palladium
[16Aug2026 02:44:17.896] [modloading-worker-0/INFO] [KubeJS/]: Found plugin source fieldguide
[16Aug2026 02:44:17.900] [modloading-worker-0/INFO] [KubeJS/]: Done in 106.0 ms
[16Aug2026 02:44:17.989] [modloading-worker-0/INFO] [com.leclowndu93150.corpsecurioscompat.Main/]: Hello from Corpse Curios Compat!
[16Aug2026 02:44:18.201] [modloading-worker-0/INFO] [azurelib/FileWatching]: Registered azurelib config for auto-sync function
[16Aug2026 02:44:18.276] [modloading-worker-0/INFO] [net.minecraftforge.common.ForgeMod/FORGEMOD]: Forge mod loading, version 47.4.1, for MC 1.20.1 with MCP 20230612.114412
[16Aug2026 02:44:18.276] [modloading-worker-0/ERROR] [net.minecraft.server.packs.AbstractPackResources/]: Couldn't load pack metadata
com.google.gson.JsonSyntaxException: Missing pack_format, expected to find a Int
	at net.minecraft.util.GsonHelper.m_13927_(GsonHelper.java:277) ~[server-1.20.1-20230612.114412-srg.jar%23409!/:?]
	at net.minecraft.server.packs.metadata.pack.PackMetadataSectionSerializer.m_6322_(PackMetadataSectionSerializer.java:15) ~[server-1.20.1-20230612.114412-srg.jar%23409!/:?]
	at net.minecraft.server.packs.metadata.pack.PackMetadataSectionSerializer.m_6322_(PackMetadataSectionSerializer.java:9) ~[server-1.20.1-20230612.114412-srg.jar%23409!/:?]
	at net.minecraft.server.packs.AbstractPackResources.m_10214_(AbstractPackResources.java:52) ~[server-1.20.1-20230612.114412-srg.jar%23409!/:?]
	at net.minecraft.server.packs.AbstractPackResources.m_5550_(AbstractPackResources.java:33) ~[server-1.20.1-20230612.114412-srg.jar%23409!/:?]
	at net.minecraft.server.packs.repository.Pack.m_246334_(Pack.java:60) ~[server-1.20.1-20230612.114412-srg.jar%23409!/:?]
	at net.minecraft.server.packs.repository.Pack.m_245429_(Pack.java:35) ~[server-1.20.1-20230612.114412-srg.jar%23409!/:?]
	at net.threetag.palladium.addonpack.forge.AddonPackManagerImpl$ModPackSource.m_7686_(AddonPackManagerImpl.java:49) ~[palladium-4.5.8+1.20.1-forge.jar%23361!/:4.5.8+1.20.1]
	at net.minecraft.server.packs.repository.PackRepository.m_10526_(PackRepository.java:39) ~[server-1.20.1-20230612.114412-srg.jar%23409!/:?]
	at net.minecraft.server.packs.repository.PackRepository.m_10506_(PackRepository.java:31) ~[server-1.20.1-20230612.114412-srg.jar%23409!/:?]
	at dev.latvian.mods.kubejs.script.ScriptManager.handler$zfc000$loadFromDirectory(ScriptManager.java:537) ~[kubejs-forge-2001.6.5-build.26.jar%23332!/:2001.6.5-build.26]
	at dev.latvian.mods.kubejs.script.ScriptManager.loadFromDirectory(ScriptManager.java:150) ~[kubejs-forge-2001.6.5-build.26.jar%23332!/:2001.6.5-build.26]
	at dev.latvian.mods.kubejs.script.ScriptManager.reload(ScriptManager.java:72) ~[kubejs-forge-2001.6.5-build.26.jar%23332!/:2001.6.5-build.26]
	at dev.latvian.mods.kubejs.KubeJS.<init>(KubeJS.java:137) ~[kubejs-forge-2001.6.5-build.26.jar%23332!/:2001.6.5-build.26]
	at dev.latvian.mods.kubejs.forge.KubeJSForge.<init>(KubeJSForge.java:51) ~[kubejs-forge-2001.6.5-build.26.jar%23332!/:2001.6.5-build.26]
	at jdk.internal.reflect.NativeConstructorAccessorImpl.newInstance0(Native Method) ~[?:?]
	at jdk.internal.reflect.NativeConstructorAccessorImpl.newInstance(NativeConstructorAccessorImpl.java:77) ~[?:?]
	at jdk.internal.reflect.DelegatingConstructorAccessorImpl.newInstance(DelegatingConstructorAccessorImpl.java:45) ~[?:?]
	at java.lang.reflect.Constructor.newInstanceWithCaller(Constructor.java:500) ~[?:?]
	at java.lang.reflect.Constructor.newInstance(Constructor.java:481) ~[?:?]
	at net.minecraftforge.fml.javafmlmod.FMLModContainer.constructMod(FMLModContainer.java:77) ~[javafmllanguage-1.20.1-47.4.1.jar%23411!/:?]
	at net.minecraftforge.fml.ModContainer.lambda$buildTransitionHandler$5(ModContainer.java:126) ~[fmlcore-1.20.1-47.4.1.jar%23410!/:?]
	at java.util.concurrent.CompletableFuture$AsyncRun.run(CompletableFuture.java:1804) ~[?:?]
	at java.util.concurrent.CompletableFuture$AsyncRun.exec(CompletableFuture.java:1796) ~[?:?]
	at java.util.concurrent.ForkJoinTask.doExec(ForkJoinTask.java:373) ~[?:?]
	at java.util.concurrent.ForkJoinPool$WorkQueue.topLevelExec(ForkJoinPool.java:1182) ~[?:?]
	at java.util.concurrent.ForkJoinPool.scan(ForkJoinPool.java:1655) ~[?:?]
	at java.util.concurrent.ForkJoinPool.runWorker(ForkJoinPool.java:1622) ~[?:?]
	at java.util.concurrent.ForkJoinWorkerThread.run(ForkJoinWorkerThread.java:165) ~[?:?]
[16Aug2026 02:44:18.278] [modloading-worker-0/INFO] [net.minecraftforge.common.MinecraftForge/FORGE]: MinecraftForge v47.4.1 Initialized
[16Aug2026 02:44:18.278] [modloading-worker-0/WARN] [net.minecraft.server.packs.repository.Pack/]: Missing metadata in pack mod:minecraft
[16Aug2026 02:44:18.405] [modloading-worker-0/INFO] [Rhino Script Remapper/]: Loading Rhino Minecraft remapper...
[16Aug2026 02:44:18.409] [modloading-worker-0/INFO] [dev.latvian.mods.rhino.mod.util.RhinoProperties/]: Rhino properties loaded.
[16Aug2026 02:44:18.416] [modloading-worker-0/INFO] [Rhino Script Remapper/]: Loading mappings for 1.20.1
[16Aug2026 02:44:18.543] [modloading-worker-0/INFO] [Rhino Script Remapper/]: Done in 0.135 s
[16Aug2026 02:44:19.039] [modloading-worker-0/INFO] [KubeJS Startup/]: example.js#5: Hello, World! (Loaded startup scripts)
[16Aug2026 02:44:19.041] [modloading-worker-0/INFO] [KubeJS Startup/]: Loaded script startup_scripts:example.js in 0.072 s
[16Aug2026 02:44:19.063] [modloading-worker-0/INFO] [KubeJS Startup/]: Loaded script addonpack_fsang_hero:kubejs_scripts/x_ray_vision_ability.js in 0.021 s
[16Aug2026 02:44:19.071] [modloading-worker-0/INFO] [KubeJS Startup/]: Loaded script addonpack_fsang_hero:kubejs_scripts/xgene_manipulation.js in 0.008 s
[16Aug2026 02:44:19.078] [modloading-worker-0/INFO] [KubeJS Startup/]: Loaded script addonpack_fsang_hero:kubejs_scripts/worthy_ability.js in 0.004 s
[16Aug2026 02:44:19.108] [modloading-worker-0/INFO] [KubeJS Startup/]: addonpack_fsang_hero:kubejs_scripts/web_swing.js#2: Loaded Java class 'net.minecraft.network.protocol.game.ClientboundSetEntityMotionPacket'
[16Aug2026 02:44:19.109] [modloading-worker-0/INFO] [KubeJS Startup/]: Loaded script addonpack_fsang_hero:kubejs_scripts/web_swing.js in 0.031 s
[16Aug2026 02:44:19.111] [modloading-worker-0/INFO] [KubeJS Startup/]: Loaded script addonpack_fsang_hero:kubejs_scripts/wall_climb_move_condition.js in 0.001 s
[16Aug2026 02:44:19.112] [modloading-worker-0/INFO] [KubeJS Startup/]: Loaded script addonpack_fsang_hero:kubejs_scripts/wall_climb_condition.js in 0.001 s
[16Aug2026 02:44:19.122] [modloading-worker-0/INFO] [KubeJS Startup/]: addonpack_fsang_hero:kubejs_scripts/wall_climb.js#1: Loaded Java class 'net.minecraft.world.level.ClipContext'
[16Aug2026 02:44:19.123] [modloading-worker-0/INFO] [KubeJS Startup/]: Loaded script addonpack_fsang_hero:kubejs_scripts/wall_climb.js in 0.011 s
[16Aug2026 02:44:19.127] [modloading-worker-0/INFO] [KubeJS Startup/]: Loaded script addonpack_fsang_hero:kubejs_scripts/vulcan_shield2.js in 0.001 s
[16Aug2026 02:44:19.128] [modloading-worker-0/INFO] [KubeJS Startup/]: Loaded script addonpack_fsang_hero:kubejs_scripts/vulcan_shield1.js in 0.001 s
[16Aug2026 02:44:19.129] [modloading-worker-0/INFO] [KubeJS Startup/]: Loaded script addonpack_fsang_hero:kubejs_scripts/vulcan_overload.js in 0.001 s
[16Aug2026 02:44:19.135] [modloading-worker-0/INFO] [KubeJS Startup/]: Loaded script addonpack_fsang_hero:kubejs_scripts/viltrumite_skeleton.js in 0.004 s
[16Aug2026 02:44:19.139] [modloading-worker-0/INFO] [KubeJS Startup/]: Loaded script addonpack_fsang_hero:kubejs_scripts/uncontrollable_movement.js in 0.001 s
[16Aug2026 02:44:19.143] [modloading-worker-0/INFO] [KubeJS Startup/]: Loaded script addonpack_fsang_hero:kubejs_scripts/trident.js in 0.001 s
[16Aug2026 02:44:19.273] [modloading-worker-0/INFO] [KubeJS Startup/]: addonpack_fsang_hero:kubejs_scripts/transfer_property_raycast.js#2: Loaded Java class 'net.minecraft.world.entity.LivingEntity'
[16Aug2026 02:44:19.274] [modloading-worker-0/INFO] [KubeJS Startup/]: Loaded script addonpack_fsang_hero:kubejs_scripts/transfer_property_raycast.js in 0.13 s
[16Aug2026 02:44:19.279] [modloading-worker-0/INFO] [KubeJS Startup/]: Loaded script addonpack_fsang_hero:kubejs_scripts/totem_animation.js in 0.002 s
[16Aug2026 02:44:19.280] [modloading-worker-0/INFO] [KubeJS Startup/]: Loaded script addonpack_fsang_hero:kubejs_scripts/time_effect.js in 0.0 s
[16Aug2026 02:44:19.281] [modloading-worker-0/INFO] [KubeJS Startup/]: Loaded script addonpack_fsang_hero:kubejs_scripts/time_condition.js in 0.001 s
[16Aug2026 02:44:19.282] [modloading-worker-0/INFO] [KubeJS Startup/]: Loaded script addonpack_fsang_hero:kubejs_scripts/the_void.js in 0.001 s
[16Aug2026 02:44:19.284] [modloading-worker-0/INFO] [KubeJS Startup/]: Loaded script addonpack_fsang_hero:kubejs_scripts/tellraw_ability.js in 0.001 s
[16Aug2026 02:44:19.287] [modloading-worker-0/INFO] [KubeJS Startup/]: Loaded script addonpack_fsang_hero:kubejs_scripts/teleport_ability2.js in 0.001 s
[16Aug2026 02:44:19.289] [modloading-worker-0/INFO] [KubeJS Startup/]: Loaded script addonpack_fsang_hero:kubejs_scripts/teleport_ability.js in 0.001 s
[16Aug2026 02:44:19.293] [modloading-worker-0/INFO] [KubeJS Startup/]: Loaded script addonpack_fsang_hero:kubejs_scripts/telepathy_stop.js in 0.0 s
[16Aug2026 02:44:19.335] [modloading-worker-0/INFO] [KubeJS Startup/]: Loaded script addonpack_fsang_hero:kubejs_scripts/telekinesis.js in 0.042 s
[16Aug2026 02:44:19.341] [modloading-worker-0/INFO] [KubeJS Startup/]: Loaded script addonpack_fsang_hero:kubejs_scripts/tactile_telekinesis_stun.js in 0.003 s
[16Aug2026 02:44:19.345] [modloading-worker-0/INFO] [KubeJS Startup/]: Loaded script addonpack_fsang_hero:kubejs_scripts/symbiote_xenocive_dna.js in 0.004 s
[16Aug2026 02:44:19.350] [modloading-worker-0/INFO] [KubeJS Startup/]: Loaded script addonpack_fsang_hero:kubejs_scripts/symbiote_venom_dna.js in 0.001 s
[16Aug2026 02:44:19.351] [modloading-worker-0/INFO] [KubeJS Startup/]: Loaded script addonpack_fsang_hero:kubejs_scripts/symbiote_toxin_dna.js in 0.001 s
[16Aug2026 02:44:19.352] [modloading-worker-0/INFO] [KubeJS Startup/]: Loaded script addonpack_fsang_hero:kubejs_scripts/symbiote_thorn_dna.js in 0.001 s
[16Aug2026 02:44:19.352] [modloading-worker-0/INFO] [KubeJS Startup/]: Loaded script addonpack_fsang_hero:kubejs_scripts/symbiote_tempest_dna.js in 0.0 s
[16Aug2026 02:44:19.354] [modloading-worker-0/INFO] [zeta/]: Doing super early config setup for zeta
[16Aug2026 02:44:19.356] [modloading-worker-0/INFO] [KubeJS Startup/]: Loaded script addonpack_fsang_hero:kubejs_scripts/symbiote_strain_dna.js in 0.002 s
[16Aug2026 02:44:19.357] [modloading-worker-0/INFO] [KubeJS Startup/]: Loaded script addonpack_fsang_hero:kubejs_scripts/symbiote_sprain_dna.js in 0.001 s
[16Aug2026 02:44:19.358] [modloading-worker-0/INFO] [KubeJS Startup/]: Loaded script addonpack_fsang_hero:kubejs_scripts/symbiote_sleeper_dna.js in 0.001 s
[16Aug2026 02:44:19.358] [modloading-worker-0/INFO] [KubeJS Startup/]: Loaded script addonpack_fsang_hero:kubejs_scripts/symbiote_sickness.js in 0.0 s
[16Aug2026 02:44:19.360] [modloading-worker-0/INFO] [KubeJS Startup/]: Loaded script addonpack_fsang_hero:kubejs_scripts/symbiote_scream_dna.js in 0.001 s
[16Aug2026 02:44:19.363] [modloading-worker-0/INFO] [KubeJS Startup/]: Loaded script addonpack_fsang_hero:kubejs_scripts/symbiote_scorn_dna.js in 0.001 s
[16Aug2026 02:44:19.364] [modloading-worker-0/INFO] [KubeJS Startup/]: Loaded script addonpack_fsang_hero:kubejs_scripts/symbiote_riot_dna.js in 0.001 s
[16Aug2026 02:44:19.367] [modloading-worker-0/INFO] [KubeJS Startup/]: Loaded script addonpack_fsang_hero:kubejs_scripts/symbiote_reaper_dna.js in 0.001 s
[16Aug2026 02:44:19.367] [modloading-worker-0/INFO] [KubeJS Startup/]: Loaded script addonpack_fsang_hero:kubejs_scripts/symbiote_phage_dna.js in 0.0 s
[16Aug2026 02:44:19.368] [modloading-worker-0/INFO] [KubeJS Startup/]: Loaded script addonpack_fsang_hero:kubejs_scripts/symbiote_montechiari_dna.js in 0.0 s
[16Aug2026 02:44:19.372] [modloading-worker-0/INFO] [KubeJS Startup/]: Loaded script addonpack_fsang_hero:kubejs_scripts/symbiote_misery_dna.js in 0.001 s
[16Aug2026 02:44:19.378] [modloading-worker-0/INFO] [KubeJS Startup/]: Loaded script addonpack_fsang_hero:kubejs_scripts/symbiote_lasher_dna.js in 0.006 s
[16Aug2026 02:44:19.379] [modloading-worker-0/INFO] [KubeJS Startup/]: Loaded script addonpack_fsang_hero:kubejs_scripts/symbiote_inumis_dna.js in 0.0 s
[16Aug2026 02:44:19.380] [modloading-worker-0/INFO] [KubeJS Startup/]: Loaded script addonpack_fsang_hero:kubejs_scripts/symbiote_hybrid_dna.js in 0.001 s
[16Aug2026 02:44:19.381] [modloading-worker-0/INFO] [KubeJS Startup/]: Loaded script addonpack_fsang_hero:kubejs_scripts/symbiote_host_rider_dna.js in 0.001 s
[16Aug2026 02:44:19.387] [modloading-worker-0/INFO] [KubeJS Startup/]: Loaded script addonpack_fsang_hero:kubejs_scripts/symbiote_grendel_dna.js in 0.001 s
[16Aug2026 02:44:19.387] [modloading-worker-0/INFO] [KubeJS Startup/]: Loaded script addonpack_fsang_hero:kubejs_scripts/symbiote_fang_dna.js in 0.0 s
[16Aug2026 02:44:19.388] [modloading-worker-0/INFO] [KubeJS Startup/]: Loaded script addonpack_fsang_hero:kubejs_scripts/symbiote_fallout_dna.js in 0.0 s
[16Aug2026 02:44:19.391] [modloading-worker-0/INFO] [KubeJS Startup/]: Loaded script addonpack_fsang_hero:kubejs_scripts/symbiote_enhancement.js in 0.0 s
[16Aug2026 02:44:19.392] [modloading-worker-0/INFO] [KubeJS Startup/]: Loaded script addonpack_fsang_hero:kubejs_scripts/symbiote_empty_dna.js in 0.0 s
[16Aug2026 02:44:19.393] [modloading-worker-0/INFO] [KubeJS Startup/]: Loaded script addonpack_fsang_hero:kubejs_scripts/symbiote_death_angel_dna.js in 0.001 s
[16Aug2026 02:44:19.390] [modloading-worker-0/WARN] [mixinsquared-annotation-adjuster/]: Modified mixin "dev.uncandango.alltheleaks.mixin.core.main.RecipeCrawlHandlerMixin". Check debug logs for more information.
[16Aug2026 02:44:19.397] [modloading-worker-0/INFO] [KubeJS Startup/]: Loaded script addonpack_fsang_hero:kubejs_scripts/symbiote_curse_dna.js in 0.001 s
[16Aug2026 02:44:19.397] [modloading-worker-0/WARN] [mixinsquared-annotation-adjuster/]: Modified mixin "dev.uncandango.alltheleaks.mixin.core.main.RecipeCrawlHandlerMixin". Check debug logs for more information.
[16Aug2026 02:44:19.399] [modloading-worker-0/WARN] [mixinsquared-annotation-adjuster/]: Modified mixin "dev.uncandango.alltheleaks.mixin.core.main.RecipeCrawlHandlerMixin". Check debug logs for more information.
[16Aug2026 02:44:19.401] [modloading-worker-0/INFO] [KubeJS Startup/]: Loaded script addonpack_fsang_hero:kubejs_scripts/symbiote_carnage_dna.js in 0.003 s
[16Aug2026 02:44:19.407] [modloading-worker-0/INFO] [KubeJS Startup/]: Loaded script addonpack_fsang_hero:kubejs_scripts/symbiote_bloom_dna.js in 0.001 s
[16Aug2026 02:44:19.407] [modloading-worker-0/INFO] [KubeJS Startup/]: Loaded script addonpack_fsang_hero:kubejs_scripts/symbiote_blackout_dna.js in 0.0 s
[16Aug2026 02:44:19.408] [modloading-worker-0/INFO] [KubeJS Startup/]: Loaded script addonpack_fsang_hero:kubejs_scripts/symbiote_authority_dna.js in 0.0 s
[16Aug2026 02:44:19.409] [modloading-worker-0/INFO] [KubeJS Startup/]: Loaded script addonpack_fsang_hero:kubejs_scripts/symbiote_artificial_venom_dna.js in 0.001 s
[16Aug2026 02:44:19.409] [modloading-worker-0/INFO] [KubeJS Startup/]: Loaded script addonpack_fsang_hero:kubejs_scripts/symbiote_artificial_toxin_dna.js in 0.0 s
[16Aug2026 02:44:19.411] [modloading-worker-0/INFO] [KubeJS Startup/]: Loaded script addonpack_fsang_hero:kubejs_scripts/symbiote_artificial_sleeper_dna.js in 0.001 s
[16Aug2026 02:44:19.412] [modloading-worker-0/INFO] [KubeJS Startup/]: Loaded script addonpack_fsang_hero:kubejs_scripts/symbiote_artificial_scream_dna.js in 0.0 s
[16Aug2026 02:44:19.414] [modloading-worker-0/INFO] [KubeJS Startup/]: Loaded script addonpack_fsang_hero:kubejs_scripts/symbiote_artificial_scorn_dna.js in 0.001 s
[16Aug2026 02:44:19.414] [modloading-worker-0/INFO] [KubeJS Startup/]: Loaded script addonpack_fsang_hero:kubejs_scripts/symbiote_artificial_riot_dna.js in 0.0 s
[16Aug2026 02:44:19.415] [modloading-worker-0/INFO] [KubeJS Startup/]: Loaded script addonpack_fsang_hero:kubejs_scripts/symbiote_artificial_phage_dna.js in 0.0 s
[16Aug2026 02:44:19.418] [modloading-worker-0/INFO] [KubeJS Startup/]: Loaded script addonpack_fsang_hero:kubejs_scripts/symbiote_artificial_lasher_dna.js in 0.001 s
[16Aug2026 02:44:19.419] [modloading-worker-0/INFO] [KubeJS Startup/]: Loaded script addonpack_fsang_hero:kubejs_scripts/symbiote_artificial_carnage_dna.js in 0.001 s
[16Aug2026 02:44:19.420] [modloading-worker-0/INFO] [KubeJS Startup/]: Loaded script addonpack_fsang_hero:kubejs_scripts/symbiote_artificial_agony_dna.js in 0.001 s
[16Aug2026 02:44:19.422] [modloading-worker-0/INFO] [KubeJS Startup/]: Loaded script addonpack_fsang_hero:kubejs_scripts/symbiote_aquamarine_dna.js in 0.0 s
[16Aug2026 02:44:19.422] [modloading-worker-0/INFO] [KubeJS Startup/]: Loaded script addonpack_fsang_hero:kubejs_scripts/symbiote_agony_dna.js in 0.0 s
[16Aug2026 02:44:19.425] [modloading-worker-0/INFO] [KubeJS Startup/]: Loaded script addonpack_fsang_hero:kubejs_scripts/suffocation.js in 0.002 s
[16Aug2026 02:44:19.426] [modloading-worker-0/INFO] [KubeJS Startup/]: Loaded script addonpack_fsang_hero:kubejs_scripts/stealth_tag.js in 0.001 s
[16Aug2026 02:44:19.427] [modloading-worker-0/INFO] [KubeJS Startup/]: Loaded script addonpack_fsang_hero:kubejs_scripts/speed_transfer_effect.js in 0.001 s
[16Aug2026 02:44:19.430] [modloading-worker-0/INFO] [KubeJS Startup/]: Loaded script addonpack_fsang_hero:kubejs_scripts/speed_power.js in 0.002 s
[16Aug2026 02:44:19.431] [modloading-worker-0/INFO] [KubeJS Startup/]: Loaded script addonpack_fsang_hero:kubejs_scripts/speedforce_chemicals.js in 0.0 s
[16Aug2026 02:44:19.433] [modloading-worker-0/INFO] [KubeJS Startup/]: Loaded script addonpack_fsang_hero:kubejs_scripts/sound_poisoning.js in 0.0 s
[16Aug2026 02:44:19.434] [modloading-worker-0/INFO] [KubeJS Startup/]: Loaded script addonpack_fsang_hero:kubejs_scripts/slow_time_effect.js in 0.001 s
[16Aug2026 02:44:19.434] [modloading-worker-0/INFO] [KubeJS Startup/]: Loaded script addonpack_fsang_hero:kubejs_scripts/shock.js in 0.0 s
[16Aug2026 02:44:19.437] [modloading-worker-0/INFO] [KubeJS Startup/]: Loaded script addonpack_fsang_hero:kubejs_scripts/screen_shake.js in 0.003 s
[16Aug2026 02:44:19.440] [modloading-worker-0/INFO] [KubeJS Startup/]: Loaded script addonpack_fsang_hero:kubejs_scripts/screenshot.js in 0.003 s
[16Aug2026 02:44:19.448] [modloading-worker-0/INFO] [KubeJS Startup/]: addonpack_fsang_hero:kubejs_scripts/scourge_virus.js#3: Loaded Java class 'net.minecraft.world.item.alchemy.PotionBrewing'
[16Aug2026 02:44:19.449] [modloading-worker-0/INFO] [KubeJS Startup/]: addonpack_fsang_hero:kubejs_scripts/scourge_virus.js#4: Loaded Java class 'net.minecraft.world.item.alchemy.Potions'
[16Aug2026 02:44:19.449] [modloading-worker-0/INFO] [KubeJS Startup/]: addonpack_fsang_hero:kubejs_scripts/scourge_virus.js#5: Loaded Java class 'net.minecraft.world.item.alchemy.Potion'
[16Aug2026 02:44:19.471] [modloading-worker-0/INFO] [KubeJS Startup/]: addonpack_fsang_hero:kubejs_scripts/scourge_virus.js#6: Loaded Java class 'net.minecraft.world.item.Item'
[16Aug2026 02:44:19.474] [modloading-worker-0/INFO] [KubeJS Startup/]: addonpack_fsang_hero:kubejs_scripts/scourge_virus.js#7: Loaded Java class 'net.minecraft.core.registries.BuiltInRegistries'
[16Aug2026 02:44:19.474] [modloading-worker-0/INFO] [KubeJS Startup/]: addonpack_fsang_hero:kubejs_scripts/scourge_virus.js#8: Loaded Java class 'net.minecraft.resources.ResourceLocation'
[16Aug2026 02:44:19.484] [modloading-worker-0/INFO] [KubeJS Startup/]: addonpack_fsang_hero:kubejs_scripts/scourge_virus.js#9: Loaded Java class 'dev.latvian.mods.kubejs.misc.PotionBuilder'
[16Aug2026 02:44:19.487] [modloading-worker-0/INFO] [KubeJS Startup/]: Loaded script addonpack_fsang_hero:kubejs_scripts/scourge_virus.js in 0.044 s
[16Aug2026 02:44:19.491] [modloading-worker-0/INFO] [KubeJS Startup/]: Loaded script addonpack_fsang_hero:kubejs_scripts/scoreboard_math.js in 0.001 s
[16Aug2026 02:44:19.491] [modloading-worker-0/INFO] [KubeJS Startup/]: Loaded script addonpack_fsang_hero:kubejs_scripts/scoreboard_ability.js in 0.0 s
[16Aug2026 02:44:19.492] [modloading-worker-0/INFO] [KubeJS Startup/]: Loaded script addonpack_fsang_hero:kubejs_scripts/scarab_shield.js in 0.0 s
[16Aug2026 02:44:19.493] [modloading-worker-0/INFO] [KubeJS Startup/]: Loaded script addonpack_fsang_hero:kubejs_scripts/scan_target_stats.js in 0.001 s
[16Aug2026 02:44:19.494] [modloading-worker-0/INFO] [KubeJS Startup/]: Loaded script addonpack_fsang_hero:kubejs_scripts/save_point.js in 0.001 s
[16Aug2026 02:44:19.495] [modloading-worker-0/INFO] [KubeJS Startup/]: Loaded script addonpack_fsang_hero:kubejs_scripts/safe_player_has_effect.js in 0.001 s
[16Aug2026 02:44:19.504] [modloading-worker-0/INFO] [KubeJS Startup/]: addonpack_fsang_hero:kubejs_scripts/rf_percentage_condition.js#2: Loaded Java class 'net.threetag.palladium.compat.curiostinkets.CuriosTrinketsUtil'
[16Aug2026 02:44:19.523] [modloading-worker-0/INFO] [KubeJS Startup/]: addonpack_fsang_hero:kubejs_scripts/rf_percentage_condition.js#3: Loaded Java class 'net.threetag.palladium.energy.EnergyHelper'
[16Aug2026 02:44:19.523] [modloading-worker-0/INFO] [KubeJS Startup/]: Loaded script addonpack_fsang_hero:kubejs_scripts/rf_percentage_condition.js in 0.028 s
[16Aug2026 02:44:19.529] [modloading-worker-0/INFO] [KubeJS Startup/]: addonpack_fsang_hero:kubejs_scripts/rf_hud.js#89: Loaded Java class 'net.minecraft.world.entity.EquipmentSlot'
[16Aug2026 02:44:19.534] [modloading-worker-0/INFO] [KubeJS Startup/]: Loaded script addonpack_fsang_hero:kubejs_scripts/rf_hud.js in 0.009 s
[16Aug2026 02:44:19.535] [modloading-worker-0/INFO] [KubeJS Startup/]: Loaded script addonpack_fsang_hero:kubejs_scripts/remove_power.js in 0.001 s
[16Aug2026 02:44:19.537] [modloading-worker-0/INFO] [KubeJS Startup/]: Loaded script addonpack_fsang_hero:kubejs_scripts/remove_hand_item_ability.js in 0.001 s
[16Aug2026 02:44:19.540] [modloading-worker-0/INFO] [KubeJS Startup/]: Loaded script addonpack_fsang_hero:kubejs_scripts/regenerative_healing.js in 0.0 s
[16Aug2026 02:44:19.542] [modloading-worker-0/INFO] [KubeJS Startup/]: Loaded script addonpack_fsang_hero:kubejs_scripts/redstone_pulse.js in 0.001 s
[16Aug2026 02:44:19.546] [modloading-worker-0/INFO] [KubeJS Startup/]: Loaded script addonpack_fsang_hero:kubejs_scripts/reality_herald.js in 0.001 s
[16Aug2026 02:44:19.551] [modloading-worker-0/INFO] [KubeJS Startup/]: addonpack_fsang_hero:kubejs_scripts/ray_mine.js#2: Loaded Java class 'net.minecraft.core.BlockPos'
[16Aug2026 02:44:19.553] [modloading-worker-0/INFO] [KubeJS Startup/]: Loaded script addonpack_fsang_hero:kubejs_scripts/ray_mine.js in 0.006 s
[16Aug2026 02:44:19.555] [modloading-worker-0/INFO] [KubeJS Startup/]: Loaded script addonpack_fsang_hero:kubejs_scripts/random_potion_effect.js in 0.001 s
[16Aug2026 02:44:19.555] [modloading-worker-0/INFO] [KubeJS Startup/]: Loaded script addonpack_fsang_hero:kubejs_scripts/radioactive_waste.js in 0.0 s
[16Aug2026 02:44:19.556] [modloading-worker-0/INFO] [KubeJS Startup/]: Loaded script addonpack_fsang_hero:kubejs_scripts/radioactive_liquid.js in 0.0 s
[16Aug2026 02:44:19.558] [modloading-worker-0/INFO] [KubeJS Startup/]: Loaded script addonpack_fsang_hero:kubejs_scripts/radiant_black_hole.js in 0.001 s
[16Aug2026 02:44:19.559] [modloading-worker-0/INFO] [KubeJS Startup/]: Loaded script addonpack_fsang_hero:kubejs_scripts/psychic_damage.js in 0.001 s
[16Aug2026 02:44:19.560] [modloading-worker-0/INFO] [KubeJS Startup/]: Loaded script addonpack_fsang_hero:kubejs_scripts/property_set.js in 0.0 s
[16Aug2026 02:44:19.568] [modloading-worker-0/INFO] [KubeJS Startup/]: addonpack_fsang_hero:kubejs_scripts/property_multi_attribute_modifier.js#2: Loaded Java class 'java.util.UUID'
[16Aug2026 02:44:19.569] [modloading-worker-0/INFO] [KubeJS Startup/]: Loaded script addonpack_fsang_hero:kubejs_scripts/property_multi_attribute_modifier.js in 0.005 s
[16Aug2026 02:44:19.571] [modloading-worker-0/INFO] [KubeJS Startup/]: addonpack_fsang_hero:kubejs_scripts/property_give.js#1: Loaded Java class 'net.minecraft.world.phys.AABB'
[16Aug2026 02:44:19.583] [modloading-worker-0/INFO] [KubeJS Startup/]: addonpack_fsang_hero:kubejs_scripts/property_give.js#2: Loaded Java class 'net.minecraft.world.entity.Entity'
[16Aug2026 02:44:19.585] [modloading-worker-0/INFO] [KubeJS Startup/]: addonpack_fsang_hero:kubejs_scripts/property_give.js#3: Loaded Java class 'net.minecraft.world.entity.EntityType'
[16Aug2026 02:44:19.590] [modloading-worker-0/INFO] [KubeJS Startup/]: Loaded script addonpack_fsang_hero:kubejs_scripts/property_give.js in 0.021 s
[16Aug2026 02:44:19.593] [modloading-worker-0/INFO] [KubeJS Startup/]: addonpack_fsang_hero:kubejs_scripts/projectile_offset.js#3: Loaded Java class 'net.minecraft.world.phys.Vec3'
[16Aug2026 02:44:19.595] [modloading-worker-0/INFO] [KubeJS Startup/]: Loaded script addonpack_fsang_hero:kubejs_scripts/projectile_offset.js in 0.004 s
[16Aug2026 02:44:19.596] [modloading-worker-0/INFO] [KubeJS Startup/]: Loaded script addonpack_fsang_hero:kubejs_scripts/power_selected.js in 0.001 s
[16Aug2026 02:44:19.600] [modloading-worker-0/INFO] [KubeJS Startup/]: Loaded script addonpack_fsang_hero:kubejs_scripts/power_reset.js in 0.001 s
[16Aug2026 02:44:19.603] [modloading-worker-0/INFO] [KubeJS Startup/]: Loaded script addonpack_fsang_hero:kubejs_scripts/power_negation_effects.js in 0.001 s
[16Aug2026 02:44:19.603] [modloading-worker-0/INFO] [KubeJS Startup/]: Loaded script addonpack_fsang_hero:kubejs_scripts/power_dampen.js in 0.0 s
[16Aug2026 02:44:19.606] [modloading-worker-0/INFO] [KubeJS Startup/]: Loaded script addonpack_fsang_hero:kubejs_scripts/potion_punch.js in 0.0 s
[16Aug2026 02:44:19.612] [modloading-worker-0/INFO] [KubeJS Startup/]: Loaded script addonpack_fsang_hero:kubejs_scripts/pocket_storage.js in 0.005 s
[16Aug2026 02:44:19.615] [modloading-worker-0/INFO] [KubeJS Startup/]: Loaded script addonpack_fsang_hero:kubejs_scripts/phoenix_healing.js in 0.001 s
[16Aug2026 02:44:19.615] [modloading-worker-0/INFO] [KubeJS Startup/]: Loaded script addonpack_fsang_hero:kubejs_scripts/phasing.js in 0.0 s
[16Aug2026 02:44:19.624] [modloading-worker-0/INFO] [KubeJS Startup/]: Loaded script addonpack_fsang_hero:kubejs_scripts/penance.js in 0.008 s
[16Aug2026 02:44:19.627] [modloading-worker-0/INFO] [KubeJS Startup/]: Loaded script addonpack_fsang_hero:kubejs_scripts/particle_shield.js in 0.002 s
[16Aug2026 02:44:19.644] [modloading-worker-0/INFO] [KubeJS Startup/]: Loaded script addonpack_fsang_hero:kubejs_scripts/palladium_property_ability.js in 0.001 s
[16Aug2026 02:44:19.649] [modloading-worker-0/INFO] [KubeJS Startup/]: Loaded script addonpack_fsang_hero:kubejs_scripts/no_movement.js in 0.005 s
[16Aug2026 02:44:19.695] [modloading-worker-0/INFO] [KubeJS Startup/]: addonpack_fsang_hero:kubejs_scripts/nearby_entity_with_power.js#5: Loaded Java class 'net.minecraft.world.entity.player.Player'
[16Aug2026 02:44:19.700] [modloading-worker-0/INFO] [KubeJS Startup/]: Loaded script addonpack_fsang_hero:kubejs_scripts/nearby_entity_with_power.js in 0.051 s
[16Aug2026 02:44:19.704] [modloading-worker-0/INFO] [KubeJS Startup/]: Loaded script addonpack_fsang_hero:kubejs_scripts/multi_attribute_modifier.js in 0.003 s
[16Aug2026 02:44:19.704] [modloading-worker-0/INFO] [KubeJS Startup/]: Loaded script addonpack_fsang_hero:kubejs_scripts/move_to_target.js in 0.0 s
[16Aug2026 02:44:19.706] [modloading-worker-0/INFO] [KubeJS Startup/]: Loaded script addonpack_fsang_hero:kubejs_scripts/movement_direction_condition.js in 0.001 s
[16Aug2026 02:44:19.708] [modloading-worker-0/INFO] [KubeJS Startup/]: Loaded script addonpack_fsang_hero:kubejs_scripts/mjolnir_block.js in 0.001 s
[16Aug2026 02:44:19.718] [modloading-worker-0/INFO] [KubeJS Startup/]: Loaded script addonpack_fsang_hero:kubejs_scripts/mine_block.js in 0.009 s
[16Aug2026 02:44:19.718] [modloading-worker-0/INFO] [KubeJS Startup/]: Loaded script addonpack_fsang_hero:kubejs_scripts/mindless_attack.js in 0.0 s
[16Aug2026 02:44:19.719] [modloading-worker-0/INFO] [KubeJS Startup/]: Loaded script addonpack_fsang_hero:kubejs_scripts/martian_skeleton.js in 0.001 s
[16Aug2026 02:44:19.719] [modloading-worker-0/INFO] [KubeJS Startup/]: Loaded script addonpack_fsang_hero:kubejs_scripts/magnetism_poisoning.js in 0.0 s
[16Aug2026 02:44:19.721] [modloading-worker-0/INFO] [KubeJS Startup/]: Loaded script addonpack_fsang_hero:kubejs_scripts/magnetic_hold.js in 0.002 s
[16Aug2026 02:44:19.737] [modloading-worker-0/INFO] [KubeJS Startup/]: Loaded script addonpack_fsang_hero:kubejs_scripts/list_power.js in 0.016 s
[16Aug2026 02:44:19.738] [modloading-worker-0/INFO] [KubeJS Startup/]: Loaded script addonpack_fsang_hero:kubejs_scripts/leap_scoreboard.js in 0.001 s
[16Aug2026 02:44:19.739] [modloading-worker-0/INFO] [KubeJS Startup/]: Loaded script addonpack_fsang_hero:kubejs_scripts/leap_back.js in 0.0 s
[16Aug2026 02:44:19.742] [modloading-worker-0/INFO] [KubeJS Startup/]: Loaded script addonpack_fsang_hero:kubejs_scripts/leap.js in 0.001 s
[16Aug2026 02:44:19.745] [modloading-worker-0/INFO] [KubeJS Startup/]: Loaded script addonpack_fsang_hero:kubejs_scripts/land_suffocation.js in 0.003 s
[16Aug2026 02:44:19.746] [modloading-worker-0/INFO] [KubeJS Startup/]: Loaded script addonpack_fsang_hero:kubejs_scripts/kryptonite_poisoning.js in 0.001 s
[16Aug2026 02:44:19.747] [modloading-worker-0/INFO] [KubeJS Startup/]: Loaded script addonpack_fsang_hero:kubejs_scripts/kryptonite.js in 0.0 s
[16Aug2026 02:44:19.747] [modloading-worker-0/INFO] [KubeJS Startup/]: Loaded script addonpack_fsang_hero:kubejs_scripts/kryptonain_skeleton.js in 0.0 s
[16Aug2026 02:44:19.751] [modloading-worker-0/INFO] [KubeJS Startup/]: Loaded script addonpack_fsang_hero:kubejs_scripts/kree_skeleton.js in 0.003 s
[16Aug2026 02:44:19.753] [modloading-worker-0/INFO] [KubeJS Startup/]: addonpack_fsang_hero:kubejs_scripts/kree_energy.js#2: Loaded Java class 'net.minecraftforge.event.entity.living.LivingHurtEvent'
[16Aug2026 02:44:19.754] [modloading-worker-0/INFO] [KubeJS Startup/]: Loaded script addonpack_fsang_hero:kubejs_scripts/kree_energy.js in 0.003 s
[16Aug2026 02:44:19.757] [modloading-worker-0/INFO] [KubeJS Startup/]: Loaded script addonpack_fsang_hero:kubejs_scripts/jumping.js in 0.001 s
[16Aug2026 02:44:19.758] [modloading-worker-0/INFO] [KubeJS Startup/]: Loaded script addonpack_fsang_hero:kubejs_scripts/iventory_condition.js in 0.001 s
[16Aug2026 02:44:19.760] [modloading-worker-0/INFO] [KubeJS Startup/]: Loaded script addonpack_fsang_hero:kubejs_scripts/is_rf_condition.js in 0.001 s
[16Aug2026 02:44:19.763] [modloading-worker-0/INFO] [KubeJS Startup/]: Loaded script addonpack_fsang_hero:kubejs_scripts/in_game_time_condition.js in 0.0 s
[16Aug2026 02:44:19.764] [modloading-worker-0/INFO] [KubeJS Startup/]: Loaded script addonpack_fsang_hero:kubejs_scripts/ice_block.js in 0.0 s
[16Aug2026 02:44:19.765] [modloading-worker-0/INFO] [KubeJS Startup/]: Loaded script addonpack_fsang_hero:kubejs_scripts/hunger.js in 0.0 s
[16Aug2026 02:44:19.765] [modloading-worker-0/INFO] [KubeJS Startup/]: Loaded script addonpack_fsang_hero:kubejs_scripts/hulk_out.js in 0.0 s
[16Aug2026 02:44:19.765] [modloading-worker-0/INFO] [KubeJS Startup/]: Loaded script addonpack_fsang_hero:kubejs_scripts/hellspawn.js in 0.0 s
[16Aug2026 02:44:19.766] [modloading-worker-0/INFO] [KubeJS Startup/]: Loaded script addonpack_fsang_hero:kubejs_scripts/height_condition.js in 0.001 s
[16Aug2026 02:44:19.768] [modloading-worker-0/INFO] [KubeJS Startup/]: Loaded script addonpack_fsang_hero:kubejs_scripts/health_below_percent.js in 0.0 s
[16Aug2026 02:44:19.769] [modloading-worker-0/INFO] [KubeJS Startup/]: Loaded script addonpack_fsang_hero:kubejs_scripts/head_rotation_condition.js in 0.0 s
[16Aug2026 02:44:19.770] [modloading-worker-0/INFO] [KubeJS Startup/]: Loaded script addonpack_fsang_hero:kubejs_scripts/hand_condition.js in 0.001 s
[16Aug2026 02:44:19.770] [modloading-worker-0/INFO] [KubeJS Startup/]: Loaded script addonpack_fsang_hero:kubejs_scripts/ground_distance.js in 0.0 s
[16Aug2026 02:44:19.773] [modloading-worker-0/INFO] [KubeJS Startup/]: Loaded script addonpack_fsang_hero:kubejs_scripts/grant_xgene.js in 0.0 s
[16Aug2026 02:44:19.774] [modloading-worker-0/INFO] [KubeJS Startup/]: Loaded script addonpack_fsang_hero:kubejs_scripts/grant_effect.js in 0.001 s
[16Aug2026 02:44:19.775] [modloading-worker-0/INFO] [KubeJS Startup/]: Loaded script addonpack_fsang_hero:kubejs_scripts/god_of_lightning.js in 0.0 s
[16Aug2026 02:44:19.776] [modloading-worker-0/INFO] [KubeJS Startup/]: Loaded script addonpack_fsang_hero:kubejs_scripts/glide.js in 0.001 s
[16Aug2026 02:44:19.778] [modloading-worker-0/INFO] [KubeJS Startup/]: Loaded script addonpack_fsang_hero:kubejs_scripts/get_uuid.js in 0.0 s
[16Aug2026 02:44:19.779] [modloading-worker-0/INFO] [KubeJS Startup/]: Loaded script addonpack_fsang_hero:kubejs_scripts/get_username.js in 0.001 s
[16Aug2026 02:44:19.780] [modloading-worker-0/INFO] [KubeJS Startup/]: Loaded script addonpack_fsang_hero:kubejs_scripts/get_energy_condition2.js in 0.001 s
[16Aug2026 02:44:19.784] [modloading-worker-0/INFO] [KubeJS Startup/]: Loaded script addonpack_fsang_hero:kubejs_scripts/get_energy_condition.js in 0.002 s
[16Aug2026 02:44:19.788] [modloading-worker-0/INFO] [KubeJS Startup/]: Loaded script addonpack_fsang_hero:kubejs_scripts/gamma_radiation.js in 0.0 s
[16Aug2026 02:44:19.790] [modloading-worker-0/INFO] [KubeJS Startup/]: addonpack_fsang_hero:kubejs_scripts/gamerules.js#1: Loaded Java class 'net.minecraft.world.level.GameRules'
[16Aug2026 02:44:19.795] [modloading-worker-0/INFO] [KubeJS Startup/]: Loaded script addonpack_fsang_hero:kubejs_scripts/gamerules.js in 0.007 s
[16Aug2026 02:44:19.803] [modloading-worker-0/INFO] [KubeJS Startup/]: addonpack_fsang_hero:kubejs_scripts/fsang_write_item_data.js#5: Loaded Java class 'net.minecraft.world.InteractionHand'
[16Aug2026 02:44:19.808] [modloading-worker-0/INFO] [KubeJS Startup/]: Loaded script addonpack_fsang_hero:kubejs_scripts/fsang_write_item_data.js in 0.012 s
[16Aug2026 02:44:19.810] [modloading-worker-0/INFO] [KubeJS Startup/]: Loaded script addonpack_fsang_hero:kubejs_scripts/fsang_rf_charger.js in 0.0 s
[16Aug2026 02:44:19.811] [modloading-worker-0/INFO] [KubeJS Startup/]: Loaded script addonpack_fsang_hero:kubejs_scripts/freezing.js in 0.001 s
[16Aug2026 02:44:19.811] [modloading-worker-0/INFO] [KubeJS Startup/]: Loaded script addonpack_fsang_hero:kubejs_scripts/first_person.js in 0.0 s
[16Aug2026 02:44:19.814] [modloading-worker-0/INFO] [KubeJS Startup/]: Loaded script addonpack_fsang_hero:kubejs_scripts/explosion.js in 0.001 s
[16Aug2026 02:44:19.832] [modloading-worker-0/INFO] [thedarkcolour.kotlinforforge.test.KotlinForForge/]: Kotlin For Forge Enabled!
[16Aug2026 02:44:19.842] [modloading-worker-0/INFO] [KubeJS Startup/]: addonpack_fsang_hero:kubejs_scripts/entity_nearby.js#60: Loaded Java class 'net.minecraft.world.entity.Mob'
[16Aug2026 02:44:19.858] [modloading-worker-0/INFO] [KubeJS Startup/]: addonpack_fsang_hero:kubejs_scripts/entity_nearby.js#61: Loaded Java class 'net.minecraft.world.entity.monster.Monster'
[16Aug2026 02:44:19.862] [modloading-worker-0/INFO] [Sherds API/]: Initializing Sherds API for Forge in a production environment...
[16Aug2026 02:44:19.867] [modloading-worker-0/INFO] [KubeJS Startup/]: Loaded script addonpack_fsang_hero:kubejs_scripts/entity_nearby.js in 0.05 s
[16Aug2026 02:44:19.871] [modloading-worker-0/INFO] [KubeJS Startup/]: Loaded script addonpack_fsang_hero:kubejs_scripts/entity_motion.js in 0.003 s
[16Aug2026 02:44:19.874] [modloading-worker-0/INFO] [KubeJS Startup/]: Loaded script addonpack_fsang_hero:kubejs_scripts/entity_damage.js in 0.001 s
[16Aug2026 02:44:19.876] [modloading-worker-0/INFO] [KubeJS Startup/]: addonpack_fsang_hero:kubejs_scripts/enderchest_ability.js#2: Loaded Java class 'net.minecraft.network.chat.Component'
[16Aug2026 02:44:19.882] [modloading-worker-0/INFO] [KubeJS Startup/]: addonpack_fsang_hero:kubejs_scripts/enderchest_ability.js#3: Loaded Java class 'net.minecraft.world.inventory.ContainerLevelAccess'
[16Aug2026 02:44:19.887] [modloading-worker-0/INFO] [KubeJS Startup/]: addonpack_fsang_hero:kubejs_scripts/enderchest_ability.js#4: Loaded Java class 'net.minecraft.world.inventory.CraftingMenu'
[16Aug2026 02:44:19.889] [modloading-worker-0/INFO] [KubeJS Startup/]: addonpack_fsang_hero:kubejs_scripts/enderchest_ability.js#5: Loaded Java class 'net.minecraft.world.SimpleMenuProvider'
[16Aug2026 02:44:19.891] [modloading-worker-0/INFO] [KubeJS Startup/]: Loaded script addonpack_fsang_hero:kubejs_scripts/enderchest_ability.js in 0.017 s
[16Aug2026 02:44:19.893] [modloading-worker-0/INFO] [KubeJS Startup/]: Loaded script addonpack_fsang_hero:kubejs_scripts/effect_immunity.js in 0.001 s
[16Aug2026 02:44:19.905] [modloading-worker-0/INFO] [KubeJS Startup/]: Loaded script addonpack_fsang_hero:kubejs_scripts/earthquake.js in 0.011 s
[16Aug2026 02:44:19.906] [modloading-worker-0/INFO] [STDERR/]: [com.modfixer.ModFixer:<init>:45]: [ModFixer] Loaded.
[16Aug2026 02:44:19.913] [modloading-worker-0/INFO] [KubeJS Startup/]: Loaded script addonpack_fsang_hero:kubejs_scripts/dynamic_attribute.js in 0.001 s
[16Aug2026 02:44:19.921] [modloading-worker-0/INFO] [KubeJS Startup/]: Loaded script addonpack_fsang_hero:kubejs_scripts/drain_per_tick.js in 0.002 s
[16Aug2026 02:44:19.921] [modloading-worker-0/INFO] [KubeJS Startup/]: Loaded script addonpack_fsang_hero:kubejs_scripts/disarm.js in 0.0 s
[16Aug2026 02:44:19.924] [modloading-worker-0/INFO] [KubeJS Startup/]: Loaded script addonpack_fsang_hero:kubejs_scripts/decay_effect.js in 0.0 s
[16Aug2026 02:44:19.926] [modloading-worker-0/INFO] [KubeJS Startup/]: Loaded script addonpack_fsang_hero:kubejs_scripts/damage_reduction.js in 0.001 s
[16Aug2026 02:44:19.929] [modloading-worker-0/INFO] [KubeJS Startup/]: Loaded script addonpack_fsang_hero:kubejs_scripts/damage_divider.js in 0.001 s
[16Aug2026 02:44:19.933] [modloading-worker-0/INFO] [quark-zeta/]: Discovered 164 modules to load.
[16Aug2026 02:44:19.933] [modloading-worker-0/INFO] [quark-zeta/]: Constructing module Abacus...
[16Aug2026 02:44:19.934] [modloading-worker-0/INFO] [KubeJS Startup/]: Loaded script addonpack_fsang_hero:kubejs_scripts/curios_trinkets_condition.js in 0.001 s
[16Aug2026 02:44:19.934] [modloading-worker-0/INFO] [KubeJS Startup/]: Loaded script addonpack_fsang_hero:kubejs_scripts/cosmic_radiation.js in 0.0 s
[16Aug2026 02:44:19.945] [modloading-worker-0/INFO] [quark-zeta/]: Constructing module Adjustable Chat...
[16Aug2026 02:44:19.945] [modloading-worker-0/INFO] [quark-zeta/]: Constructing module Ambient Discs...
[16Aug2026 02:44:19.946] [modloading-worker-0/INFO] [quark-zeta/]: Constructing module Ancient Tomes...
[16Aug2026 02:44:19.947] [modloading-worker-0/INFO] [KubeJS Startup/]: addonpack_fsang_hero:kubejs_scripts/coord_menu.js#2: Loaded Java class 'net.threetag.palladium.power.SuperpowerUtil'
[16Aug2026 02:44:19.950] [modloading-worker-0/INFO] [KubeJS Startup/]: Loaded script addonpack_fsang_hero:kubejs_scripts/coord_menu.js in 0.015 s
[16Aug2026 02:44:19.951] [modloading-worker-0/INFO] [KubeJS Startup/]: Loaded script addonpack_fsang_hero:kubejs_scripts/cooldown_ability.js in 0.001 s
[16Aug2026 02:44:19.954] [modloading-worker-0/INFO] [KubeJS Startup/]: Loaded script addonpack_fsang_hero:kubejs_scripts/check_block.js in 0.0 s
[16Aug2026 02:44:19.954] [modloading-worker-0/INFO] [KubeJS Startup/]: Loaded script addonpack_fsang_hero:kubejs_scripts/charging.js in 0.0 s
[16Aug2026 02:44:19.957] [modloading-worker-0/INFO] [KubeJS Startup/]: Loaded script addonpack_fsang_hero:kubejs_scripts/chain_lightning.js in 0.001 s
[16Aug2026 02:44:19.958] [modloading-worker-0/INFO] [KubeJS Startup/]: Loaded script addonpack_fsang_hero:kubejs_scripts/block_condition.js in 0.001 s
[16Aug2026 02:44:19.961] [modloading-worker-0/INFO] [KubeJS Startup/]: Loaded script addonpack_fsang_hero:kubejs_scripts/blocking_condition.js in 0.001 s
[16Aug2026 02:44:19.961] [modloading-worker-0/INFO] [KubeJS Startup/]: Loaded script addonpack_fsang_hero:kubejs_scripts/biome_condition.js in 0.0 s
[16Aug2026 02:44:19.968] [modloading-worker-0/INFO] [quark-zeta/]: Constructing module Ancient Wood...
[16Aug2026 02:44:19.970] [modloading-worker-0/INFO] [KubeJS Startup/]: Loaded script addonpack_fsang_hero:kubejs_scripts/bifrost.js in 0.006 s
[16Aug2026 02:44:19.971] [modloading-worker-0/INFO] [KubeJS Startup/]: Loaded script addonpack_fsang_hero:kubejs_scripts/asgardian_effect.js in 0.001 s
[16Aug2026 02:44:19.977] [modloading-worker-0/INFO] [KubeJS Startup/]: Loaded script addonpack_fsang_hero:kubejs_scripts/armor_handling.js in 0.005 s
[16Aug2026 02:44:19.977] [modloading-worker-0/INFO] [Puzzles Lib/]: Constructing common components for puzzleslib:main
[16Aug2026 02:44:19.978] [modloading-worker-0/INFO] [KubeJS Startup/]: Loaded script addonpack_fsang_hero:kubejs_scripts/armor_durability.js in 0.0 s
[16Aug2026 02:44:19.978] [modloading-worker-0/INFO] [KubeJS Startup/]: Loaded script addonpack_fsang_hero:kubejs_scripts/aoe_repel.js in 0.0 s
[16Aug2026 02:44:19.982] [modloading-worker-0/INFO] [KubeJS Startup/]: Loaded script addonpack_fsang_hero:kubejs_scripts/any_power_condition.js in 0.0 s
[16Aug2026 02:44:19.983] [modloading-worker-0/INFO] [KubeJS Startup/]: Loaded script addonpack_fsang_hero:kubejs_scripts/ad_astra_breathing.js in 0.0 s
[16Aug2026 02:44:19.983] [modloading-worker-0/INFO] [KubeJS Startup/]: Loaded script addonpack_fsang_hero:kubejs_scripts/ad_astra_ability.js in 0.0 s
[16Aug2026 02:44:19.988] [modloading-worker-0/INFO] [KubeJS Startup/]: addonpack_omni_extras:kubejs_scripts/upchuck_swallow.js#2: Loaded Java class 'virtuoel.pehkui.api.ScaleTypes'
[16Aug2026 02:44:19.991] [modloading-worker-0/INFO] [KubeJS Startup/]: Loaded script addonpack_omni_extras:kubejs_scripts/upchuck_swallow.js in 0.008 s
[16Aug2026 02:44:19.993] [modloading-worker-0/INFO] [KubeJS Startup/]: Loaded script addonpack_omni_extras:kubejs_scripts/targeted.js in 0.001 s
[16Aug2026 02:44:19.993] [modloading-worker-0/INFO] [quark-zeta/]: Constructing module Armed Armor Stands...
[16Aug2026 02:44:19.994] [modloading-worker-0/INFO] [quark-zeta/]: Constructing module Auto Walk Keybind...
[16Aug2026 02:44:19.995] [modloading-worker-0/INFO] [quark-zeta/]: Constructing module Automatic Recipe Unlock...
[16Aug2026 02:44:19.995] [modloading-worker-0/INFO] [KubeJS Startup/]: Loaded script addonpack_omni_extras:kubejs_scripts/startupstuff.js in 0.001 s
[16Aug2026 02:44:19.996] [modloading-worker-0/INFO] [quark-zeta/]: Constructing module Automatic Tool Restock...
[16Aug2026 02:44:19.996] [modloading-worker-0/INFO] [KubeJS Startup/]: Loaded script addonpack_omni_extras:kubejs_scripts/sounds.js in 0.001 s
[16Aug2026 02:44:19.997] [modloading-worker-0/INFO] [KubeJS Startup/]: Loaded script addonpack_omni_extras:kubejs_scripts/score_charge.js in 0.0 s
[16Aug2026 02:44:19.999] [modloading-worker-0/INFO] [KubeJS Startup/]: Loaded script addonpack_omni_extras:kubejs_scripts/rng_score.js in 0.0 s
[16Aug2026 02:44:20.000] [modloading-worker-0/INFO] [quark-zeta/]: Constructing module Azalea Wood...
[16Aug2026 02:44:20.001] [modloading-worker-0/INFO] [quark-zeta/]: Constructing module Back Button Keybind...
[16Aug2026 02:44:20.002] [modloading-worker-0/INFO] [quark-zeta/]: Constructing module Backpack...
[16Aug2026 02:44:20.001] [modloading-worker-0/INFO] [KubeJS Startup/]: Loaded script addonpack_omni_extras:kubejs_scripts/quake.js in 0.002 s
[16Aug2026 02:44:20.003] [modloading-worker-0/INFO] [KubeJS Startup/]: Loaded script addonpack_omni_extras:kubejs_scripts/punch_condition.js in 0.001 s
[16Aug2026 02:44:20.005] [modloading-worker-0/INFO] [KubeJS Startup/]: Loaded script addonpack_omni_extras:kubejs_scripts/property_set.js in 0.0 s
[16Aug2026 02:44:20.006] [modloading-worker-0/INFO] [KubeJS Startup/]: Loaded script addonpack_omni_extras:kubejs_scripts/has_effect.js in 0.0 s
[16Aug2026 02:44:20.015] [modloading-worker-0/INFO] [quark-zeta/]: Constructing module Beacon Redirection...
[16Aug2026 02:44:20.017] [modloading-worker-0/INFO] [KubeJS Startup/]: addonpack_omni_extras:kubejs_scripts/grab.js#1: Loaded Java class 'net.minecraft.Util'
[16Aug2026 02:44:20.019] [modloading-worker-0/INFO] [quark-zeta/]: Constructing module Better Elytra Rocket...
[16Aug2026 02:44:20.019] [modloading-worker-0/INFO] [quark-zeta/]: Constructing module Big Stone Clusters...
[16Aug2026 02:44:20.021] [modloading-worker-0/INFO] [KubeJS Startup/]: Loaded script addonpack_omni_extras:kubejs_scripts/grab.js in 0.015 s
[16Aug2026 02:44:20.023] [modloading-worker-0/INFO] [KubeJS Startup/]: Loaded script addonpack_omni_extras:kubejs_scripts/functions.js in 0.0 s
[16Aug2026 02:44:20.027] [modloading-worker-0/INFO] [KubeJS Startup/]: Loaded script addonpack_omni_extras:kubejs_scripts/energy.js in 0.001 s
[16Aug2026 02:44:20.028] [modloading-worker-0/INFO] [quark-zeta/]: Constructing module Blossom Trees...
[16Aug2026 02:44:20.032] [modloading-worker-0/INFO] [quark-zeta/]: Constructing module Bottled Cloud...
[16Aug2026 02:44:20.034] [modloading-worker-0/INFO] [quark-zeta/]: Constructing module Buckets Show Inhabitants...
[16Aug2026 02:44:20.034] [modloading-worker-0/INFO] [quark-zeta/]: Constructing module Camera...
[16Aug2026 02:44:20.036] [modloading-worker-0/INFO] [quark-zeta/]: Constructing module Campfires Boost Elytra...
[16Aug2026 02:44:20.036] [modloading-worker-0/INFO] [quark-zeta/]: Constructing module Celebratory Lamps...
[16Aug2026 02:44:20.036] [modloading-worker-0/INFO] [quark-zeta/]: Constructing module Chains Connect Blocks...
[16Aug2026 02:44:20.037] [modloading-worker-0/INFO] [quark-zeta/]: Constructing module Chest Searching...
[16Aug2026 02:44:20.037] [modloading-worker-0/INFO] [quark-zeta/]: Constructing module Chorus Vegetation...
[16Aug2026 02:44:20.043] [modloading-worker-0/INFO] [quark-zeta/]: Constructing module Chute...
[16Aug2026 02:44:20.050] [modloading-worker-0/INFO] [KubeJS Startup/]: addonpack_omni_extras:kubejs_scripts/drilling.js#2: Loaded Java class 'net.minecraft.world.level.block.Block'
[16Aug2026 02:44:20.051] [modloading-worker-0/INFO] [KubeJS Startup/]: addonpack_omni_extras:kubejs_scripts/drilling.js#4: Loaded Java class 'net.minecraft.world.item.Items'
[16Aug2026 02:44:20.054] [modloading-worker-0/INFO] [quark-zeta/]: Constructing module Climate Control Remover...
[16Aug2026 02:44:20.055] [modloading-worker-0/INFO] [quark-zeta/]: Constructing module Color Runes...
[16Aug2026 02:44:20.061] [modloading-worker-0/INFO] [KubeJS Startup/]: addonpack_omni_extras:kubejs_scripts/drilling.js#5: Loaded Java class 'net.minecraft.world.item.ItemStack'
[16Aug2026 02:44:20.064] [modloading-worker-0/INFO] [KubeJS Startup/]: Loaded script addonpack_omni_extras:kubejs_scripts/drilling.js in 0.036 s
[16Aug2026 02:44:20.064] [modloading-worker-0/INFO] [quark-zeta/]: Constructing module Compasses Work Everywhere...
[16Aug2026 02:44:20.065] [modloading-worker-0/INFO] [quark-zeta/]: Constructing module Compressed Blocks...
[16Aug2026 02:44:20.066] [modloading-worker-0/INFO] [quark-zeta/]: Constructing module Coral On Cactus...
[16Aug2026 02:44:20.067] [modloading-worker-0/INFO] [KubeJS Startup/]: Loaded script addonpack_omni_extras:kubejs_scripts/detectwater.js in 0.003 s
[16Aug2026 02:44:20.069] [modloading-worker-0/INFO] [quark-zeta/]: Constructing module Corundum...
[16Aug2026 02:44:20.070] [modloading-worker-0/INFO] [KubeJS Startup/]: Loaded script addonpack_omni_extras:kubejs_scripts/custom_projectile.js in 0.001 s
[16Aug2026 02:44:20.072] [modloading-worker-0/INFO] [KubeJS Startup/]: Loaded script addonpack_omni_extras:kubejs_scripts/conditions.js in 0.002 s
[16Aug2026 02:44:20.078] [modloading-worker-0/INFO] [KubeJS Startup/]: Loaded script addonpack_omni_extras:kubejs_scripts/aoe_stuff.js in 0.006 s
[16Aug2026 02:44:20.082] [modloading-worker-0/INFO] [Puzzles Lib/]: Constructing common components for overflowingbars:main
[16Aug2026 02:44:20.086] [modloading-worker-0/INFO] [KubeJS Startup/]: Loaded script addonpack_omni_extras:kubejs_scripts/alien_codex.js in 0.006 s
[16Aug2026 02:44:20.087] [modloading-worker-0/INFO] [quark-zeta/]: Constructing module Crabs...
[16Aug2026 02:44:20.091] [modloading-worker-0/INFO] [quark-zeta/]: Constructing module Crafter...
[16Aug2026 02:44:20.095] [modloading-worker-0/INFO] [quark-zeta/]: Constructing module Crate...
[16Aug2026 02:44:20.096] [modloading-worker-0/INFO] [quark-zeta/]: Constructing module Diamond Repair...
[16Aug2026 02:44:20.108] [modloading-worker-0/INFO] [quark-zeta/]: Constructing module Dispensers Place Blocks...
[16Aug2026 02:44:20.108] [modloading-worker-0/INFO] [quark-zeta/]: Constructing module Double Door Opening...
[16Aug2026 02:44:20.111] [modloading-worker-0/INFO] [quark-zeta/]: Constructing module Dragon Scales...
[16Aug2026 02:44:20.112] [modloading-worker-0/INFO] [quark-zeta/]: Constructing module Duskbound Blocks...
[16Aug2026 02:44:20.112] [modloading-worker-0/INFO] [quark-zeta/]: Constructing module Dyeable Item Frames...
[16Aug2026 02:44:20.116] [modloading-worker-0/INFO] [quark-zeta/]: Constructing module Easy Transfering...
[16Aug2026 02:44:20.117] [modloading-worker-0/INFO] [KubeJS Startup/]: Loaded script addonpack_ult_core:kubejs_scripts/ult_core_removal.js in 0.026 s
[16Aug2026 02:44:20.122] [modloading-worker-0/INFO] [KubeJS Startup/]: Loaded script addonpack_florauna:kubejs_scripts/zip.js in 0.002 s
[16Aug2026 02:44:20.125] [modloading-worker-0/INFO] [quark-zeta/]: Constructing module Elytra Indicator...
[16Aug2026 02:44:20.127] [modloading-worker-0/INFO] [KubeJS Startup/]: Loaded script addonpack_florauna:kubejs_scripts/sounds.js in 0.0 s
[16Aug2026 02:44:20.129] [modloading-worker-0/INFO] [quark-zeta/]: Constructing module Emotes...
[16Aug2026 02:44:20.130] [modloading-worker-0/INFO] [KubeJS Startup/]: Loaded script addonpack_florauna:kubejs_scripts/alien_codex.js in 0.002 s
[16Aug2026 02:44:20.130] [modloading-worker-0/INFO] [quark-zeta/]: Constructing module Enchantment Predicates...
[16Aug2026 02:44:20.132] [modloading-worker-0/INFO] [KubeJS Startup/]: Loaded script addonpack_chrono_machina:kubejs_scripts/zz_chronosapien_color_base_patch.js in 0.001 s
[16Aug2026 02:44:20.131] [modloading-worker-0/INFO] [quark-zeta/]: Constructing module Enchantments Begone...
[16Aug2026 02:44:20.134] [modloading-worker-0/INFO] [KubeJS Startup/]: Loaded script addonpack_chrono_machina:kubejs_scripts/alien_codex.js in 0.002 s
[16Aug2026 02:44:20.135] [modloading-worker-0/INFO] [KubeJS Startup/]: Loaded script addonpack_omniverse_time_pack:kubejs_scripts/effects.js in 0.0 s
[16Aug2026 02:44:20.135] [modloading-worker-0/INFO] [KubeJS Startup/]: Loaded script addonpack_omniverse_time_pack:kubejs_scripts/conditions.js in 0.0 s
[16Aug2026 02:44:20.135] [modloading-worker-0/INFO] [quark-zeta/]: Constructing module Ender Watcher...
[16Aug2026 02:44:20.139] [modloading-worker-0/INFO] [quark-zeta/]: Constructing module Endermosh Music Disc...
[16Aug2026 02:44:20.142] [modloading-worker-0/INFO] [quark-zeta/]: Constructing module Enhanced Ladders...
[16Aug2026 02:44:20.142] [modloading-worker-0/INFO] [quark-zeta/]: Constructing module Expanded Item Interactions...
[16Aug2026 02:44:20.143] [modloading-worker-0/INFO] [KubeJS Startup/]: Loaded script addonpack_omniverse_time_pack:kubejs_scripts/alien_codex.js in 0.005 s
[16Aug2026 02:44:20.143] [modloading-worker-0/INFO] [KubeJS Startup/]: Loaded script addonpack_omni_evo_aliens:kubejs_scripts/items.js in 0.0 s
[16Aug2026 02:44:20.146] [modloading-worker-0/INFO] [quark-zeta/]: Constructing module Fairy Rings...
[16Aug2026 02:44:20.146] [modloading-worker-0/INFO] [KubeJS Startup/]: Loaded script addonpack_omni_evo_aliens:kubejs_scripts/alien_codex.js in 0.003 s
[16Aug2026 02:44:20.147] [modloading-worker-0/INFO] [KubeJS Startup/]: Loaded script addonpack_omni_evo_aliens:kubejs_scripts/ad_astra_freeze_immunity.js in 0.0 s
[16Aug2026 02:44:20.150] [modloading-worker-0/INFO] [quark-zeta/]: Constructing module Fallen Logs...
[16Aug2026 02:44:20.151] [modloading-worker-0/INFO] [quark-zeta/]: Constructing module Feeding Trough...
[16Aug2026 02:44:20.152] [modloading-worker-0/INFO] [KubeJS Startup/]: Loaded script addonpack_bhmod:kubejs_scripts/alien_codex.js in 0.005 s
[16Aug2026 02:44:20.153] [modloading-worker-0/INFO] [KubeJS Startup/]: Loaded script addonpack_bhmod:kubejs_scripts/items.js in 0.0 s
[16Aug2026 02:44:20.155] [modloading-worker-0/INFO] [KubeJS Startup/]: Loaded script addonpack_amped:kubejs_scripts/uppercut.js in 0.001 s
[16Aug2026 02:44:20.156] [modloading-worker-0/INFO] [KubeJS Startup/]: Loaded script addonpack_amped:kubejs_scripts/scaredy_cat.js in 0.001 s
[16Aug2026 02:44:20.160] [modloading-worker-0/INFO] [quark-zeta/]: Constructing module Forgotten...
[16Aug2026 02:44:20.162] [modloading-worker-0/INFO] [KubeJS Startup/]: Loaded script addonpack_amped:kubejs_scripts/alien_codex.js in 0.006 s
[16Aug2026 02:44:20.163] [modloading-worker-0/INFO] [KubeJS Startup/]: Loaded script addonpack_afomni:kubejs_scripts/new_ice_block.js in 0.001 s
[16Aug2026 02:44:20.163] [modloading-worker-0/INFO] [KubeJS Startup/]: Loaded script addonpack_afomni:kubejs_scripts/leap_vax.js in 0.0 s
[16Aug2026 02:44:20.164] [modloading-worker-0/INFO] [KubeJS Startup/]: Loaded script addonpack_afomni:kubejs_scripts/is_mainhand.js in 0.0 s
[16Aug2026 02:44:20.164] [modloading-worker-0/INFO] [KubeJS Startup/]: Loaded script addonpack_afomni:kubejs_scripts/freezing_effect.js in 0.0 s
[16Aug2026 02:44:20.164] [modloading-worker-0/INFO] [KubeJS Startup/]: Loaded script addonpack_afomni:kubejs_scripts/chroma_leap.js in 0.0 s
[16Aug2026 02:44:20.172] [modloading-worker-0/INFO] [KubeJS Startup/]: Loaded script addonpack_afomni:kubejs_scripts/aoe_damage.js in 0.007 s
[16Aug2026 02:44:20.180] [modloading-worker-0/INFO] [quark-zeta/]: Constructing module Foxhound...
[16Aug2026 02:44:20.181] [modloading-worker-0/INFO] [quark-zeta/]: Constructing module Framed Glass...
[16Aug2026 02:44:20.183] [modloading-worker-0/INFO] [quark-zeta/]: Constructing module Game Nerfs...
[16Aug2026 02:44:20.183] [modloading-worker-0/INFO] [quark-zeta/]: Constructing module Glass Item Frame...
[16Aug2026 02:44:20.186] [modloading-worker-0/INFO] [quark-zeta/]: Constructing module Glass Shard...
[16Aug2026 02:44:20.187] [modloading-worker-0/INFO] [quark-zeta/]: Constructing module Glimmering Weald...
[16Aug2026 02:44:20.192] [modloading-worker-0/INFO] [KubeJS Startup/]: Loaded script addonpack_aeo:kubejs_scripts/transformmodified.js in 0.019 s
[16Aug2026 02:44:20.196] [modloading-worker-0/INFO] [KubeJS Startup/]: Loaded script addonpack_aeo:kubejs_scripts/sounds.js in 0.002 s
[16Aug2026 02:44:20.199] [modloading-worker-0/INFO] [quark-zeta/]: Constructing module Gold Bars...
[16Aug2026 02:44:20.199] [modloading-worker-0/INFO] [quark-zeta/]: Constructing module Gold Tools Have Fortune...
[16Aug2026 02:44:20.200] [modloading-worker-0/INFO] [quark-zeta/]: Constructing module Grab Chickens...
[16Aug2026 02:44:20.201] [modloading-worker-0/INFO] [quark-zeta/]: Constructing module Grate...
[16Aug2026 02:44:20.203] [modloading-worker-0/INFO] [quark-zeta/]: Constructing module Gravisand...
[16Aug2026 02:44:20.204] [modloading-worker-0/INFO] [quark-zeta/]: Constructing module Greener Grass...
[16Aug2026 02:44:20.206] [modloading-worker-0/INFO] [quark-zeta/]: Constructing module Hedges...
[16Aug2026 02:44:20.209] [modloading-worker-0/INFO] [quark-zeta/]: Constructing module Hoe Harvesting...
[16Aug2026 02:44:20.212] [modloading-worker-0/INFO] [KubeJS Startup/]: Loaded script addonpack_aeo:kubejs_scripts/ovcycle.js in 0.015 s
[16Aug2026 02:44:20.213] [modloading-worker-0/INFO] [quark-zeta/]: Constructing module Hollow Logs...
[16Aug2026 02:44:20.215] [modloading-worker-0/INFO] [quark-zeta/]: Constructing module Horses Swim...
[16Aug2026 02:44:20.215] [modloading-worker-0/INFO] [quark-zeta/]: Constructing module Hotbar Changer...
[16Aug2026 02:44:20.216] [modloading-worker-0/INFO] [quark-zeta/]: Constructing module Improved Sponges...
[16Aug2026 02:44:20.216] [modloading-worker-0/INFO] [quark-zeta/]: Constructing module Improved Tooltips...
[16Aug2026 02:44:20.217] [modloading-worker-0/INFO] [quark-zeta/]: Constructing module Industrial Palette...
[16Aug2026 02:44:20.220] [modloading-worker-0/INFO] [KubeJS Startup/]: Loaded script addonpack_aeo:kubejs_scripts/modules.js in 0.006 s
[16Aug2026 02:44:20.220] [modloading-worker-0/INFO] [quark-zeta/]: Constructing module Inventory Sorting...
[16Aug2026 02:44:20.221] [modloading-worker-0/INFO] [KubeJS Startup/]: Loaded script addonpack_aeo:kubejs_scripts/galvan_completed_blueprint.js in 0.001 s
[16Aug2026 02:44:20.221] [modloading-worker-0/INFO] [quark-zeta/]: Constructing module Iron Rod...
[16Aug2026 02:44:20.235] [modloading-worker-0/INFO] [quark-zeta/]: Constructing module Item Sharing...
[16Aug2026 02:44:20.236] [modloading-worker-0/INFO] [quark-zeta/]: Constructing module Japanese Palette...
[16Aug2026 02:44:20.237] [modloading-worker-0/INFO] [quark-zeta/]: Constructing module Leaf Carpet...
[16Aug2026 02:44:20.238] [modloading-worker-0/INFO] [quark-zeta/]: Constructing module Lock Rotation...
[16Aug2026 02:44:20.240] [modloading-worker-0/INFO] [KubeJS Startup/]: Loaded script addonpack_aeo:kubejs_scripts/decouplemodified.js in 0.016 s
[16Aug2026 02:44:20.242] [modloading-worker-0/INFO] [quark-zeta/]: Constructing module Long Range Pick Block...
[16Aug2026 02:44:20.243] [modloading-worker-0/INFO] [quark-zeta/]: Constructing module Magma Keeps Concrete Powder...
[16Aug2026 02:44:20.243] [modloading-worker-0/INFO] [quark-zeta/]: Constructing module Magnets...
[16Aug2026 02:44:20.248] [modloading-worker-0/INFO] [quark-zeta/]: Constructing module Map Washing...
[16Aug2026 02:44:20.250] [modloading-worker-0/INFO] [quark-zeta/]: Constructing module Matrix Enchanting...
[16Aug2026 02:44:20.256] [modloading-worker-0/INFO] [KubeJS Startup/]: Loaded script addonpack_aeo:kubejs_scripts/core_removalmodified.js in 0.016 s
[16Aug2026 02:44:20.256] [modloading-worker-0/INFO] [KubeJS Startup/]: Loaded script addonpack_aeo:kubejs_scripts/core_functions.js in 0.0 s
[16Aug2026 02:44:20.257] [modloading-worker-0/INFO] [quark-zeta/]: Constructing module Metal Buttons...
[16Aug2026 02:44:20.258] [modloading-worker-0/INFO] [quark-zeta/]: Constructing module Microcrafting Helper...
[16Aug2026 02:44:20.258] [modloading-worker-0/INFO] [quark-zeta/]: Constructing module Midori...
[16Aug2026 02:44:20.259] [modloading-worker-0/INFO] [quark-zeta/]: Constructing module Monster Box...
[16Aug2026 02:44:20.259] [modloading-worker-0/INFO] [KubeJS Startup/]: Loaded script addonpack_aeo:kubejs_scripts/codesmodified.js in 0.002 s
[16Aug2026 02:44:20.259] [modloading-worker-0/INFO] [quark-zeta/]: Constructing module More Banner Layers...
[16Aug2026 02:44:20.260] [modloading-worker-0/INFO] [KubeJS Startup/]: Loaded script addonpack_aeo:kubejs_scripts/blocks.js in 0.001 s
[16Aug2026 02:44:20.260] [modloading-worker-0/INFO] [quark-zeta/]: Constructing module More Brick Types...
[16Aug2026 02:44:20.261] [modloading-worker-0/INFO] [KubeJS Startup/]: Loaded script addonpack_aeo:kubejs_scripts/banger.js in 0.001 s
[16Aug2026 02:44:20.262] [modloading-worker-0/INFO] [quark-zeta/]: Constructing module More Mud Blocks...
[16Aug2026 02:44:20.263] [modloading-worker-0/INFO] [quark-zeta/]: Constructing module More Note Block Sounds...
[16Aug2026 02:44:20.263] [modloading-worker-0/INFO] [quark-zeta/]: Constructing module More Potted Plants...
[16Aug2026 02:44:20.264] [modloading-worker-0/INFO] [quark-zeta/]: Constructing module More Villagers...
[16Aug2026 02:44:20.265] [modloading-worker-0/INFO] [quark-zeta/]: Constructing module Narrator Readout...
[16Aug2026 02:44:20.265] [modloading-worker-0/INFO] [KubeJS Startup/]: Loaded script addonpack_aeo:kubejs_scripts/alien_codex.js in 0.004 s
[16Aug2026 02:44:20.266] [modloading-worker-0/INFO] [quark-zeta/]: Constructing module Nether Brick Fence Gate...
[16Aug2026 02:44:20.268] [modloading-worker-0/INFO] [quark-zeta/]: Constructing module Nether Obsidian Spikes...
[16Aug2026 02:44:20.269] [modloading-worker-0/INFO] [quark-zeta/]: Constructing module New Stone Types...
[16Aug2026 02:44:20.272] [modloading-worker-0/INFO] [quark-zeta/]: Constructing module No Durability On Cosmetics...
[16Aug2026 02:44:20.272] [modloading-worker-0/INFO] [quark-zeta/]: Constructing module No More Lava Pockets...
[16Aug2026 02:44:20.272] [modloading-worker-0/INFO] [quark-zeta/]: Constructing module Obsidian Plate...
[16Aug2026 02:44:20.273] [modloading-worker-0/INFO] [quark-zeta/]: Constructing module Overlay Shader...
[16Aug2026 02:44:20.273] [modloading-worker-0/INFO] [quark-zeta/]: Constructing module Parrot Eggs...
[16Aug2026 02:44:20.274] [modloading-worker-0/INFO] [quark-zeta/]: Constructing module Pat The Dogs...
[16Aug2026 02:44:20.275] [modloading-worker-0/INFO] [quark-zeta/]: Constructing module Pathfinder Maps...
[16Aug2026 02:44:20.278] [modloading-worker-0/INFO] [quark-zeta/]: Constructing module Permafrost...
[16Aug2026 02:44:20.280] [modloading-worker-0/INFO] [quark-zeta/]: Constructing module Petals On Water...
[16Aug2026 02:44:20.281] [modloading-worker-0/INFO] [quark-zeta/]: Constructing module Pickarang...
[16Aug2026 02:44:20.284] [modloading-worker-0/INFO] [quark-zeta/]: Constructing module Pig Litters...
[16Aug2026 02:44:20.284] [modloading-worker-0/INFO] [quark-zeta/]: Constructing module Pipes...
[16Aug2026 02:44:20.288] [modloading-worker-0/INFO] [KubeJS Startup/]: Loaded script addonpack_omni_evo:kubejs_scripts/watch_decouple.js in 0.022 s
[16Aug2026 02:44:20.290] [modloading-worker-0/INFO] [quark-zeta/]: Constructing module Pistons Move Tile Entities...
[16Aug2026 02:44:20.292] [modloading-worker-0/INFO] [quark-zeta/]: Constructing module Poison Potato Usage...
[16Aug2026 02:44:20.293] [modloading-worker-0/INFO] [quark-zeta/]: Constructing module Quick Armor Swapping...
[16Aug2026 02:44:20.293] [modloading-worker-0/INFO] [quark-zeta/]: Constructing module Rainbow Lamps...
[16Aug2026 02:44:20.293] [modloading-worker-0/INFO] [quark-zeta/]: Constructing module Raw Metal Bricks...
[16Aug2026 02:44:20.293] [modloading-worker-0/INFO] [KubeJS Startup/]: Loaded script addonpack_omni_evo:kubejs_scripts/ultimates.js in 0.001 s
[16Aug2026 02:44:20.293] [modloading-worker-0/INFO] [quark-zeta/]: Constructing module Reacharound Placing...
[16Aug2026 02:44:20.299] [modloading-worker-0/INFO] [KubeJS Startup/]: Loaded script addonpack_omni_evo:kubejs_scripts/recal_core_removal.js in 0.006 s
[16Aug2026 02:44:20.300] [modloading-worker-0/INFO] [KubeJS Startup/]: Loaded script addonpack_omni_evo:kubejs_scripts/rebirth.js in 0.001 s
[16Aug2026 02:44:20.301] [modloading-worker-0/INFO] [KubeJS Startup/]: Loaded script addonpack_omni_evo:kubejs_scripts/multi_attribute.js in 0.001 s
[16Aug2026 02:44:20.302] [modloading-worker-0/INFO] [quark-zeta/]: Constructing module Redstone Randomizer...
[16Aug2026 02:44:20.303] [modloading-worker-0/INFO] [KubeJS Startup/]: Loaded script addonpack_omni_evo:kubejs_scripts/items.js in 0.002 s
[16Aug2026 02:44:20.304] [modloading-worker-0/INFO] [quark-zeta/]: Constructing module Renewable Spore Blossoms...
[16Aug2026 02:44:20.309] [modloading-worker-0/INFO] [KubeJS Startup/]: Loaded script addonpack_omni_evo:kubejs_scripts/block_placer.js in 0.006 s
[16Aug2026 02:44:20.315] [modloading-worker-0/INFO] [quark-zeta/]: Constructing module Replace Scaffolding...
[16Aug2026 02:44:20.316] [modloading-worker-0/INFO] [quark-zeta/]: Constructing module Rope...
[16Aug2026 02:44:20.320] [modloading-worker-0/INFO] [KubeJS Startup/]: Loaded script addonpack_omni_evo:kubejs_scripts/alien_codex.js in 0.004 s
[16Aug2026 02:44:20.321] [modloading-worker-0/INFO] [quark-zeta/]: Constructing module Safer Creatures...
[16Aug2026 02:44:20.322] [modloading-worker-0/INFO] [quark-zeta/]: Constructing module Seed Pouch...
[16Aug2026 02:44:20.328] [modloading-worker-0/INFO] [KubeJS Startup/]: Loaded script addonpack_stretchakln:kubejs_scripts/telekinesis.js in 0.006 s
[16Aug2026 02:44:20.328] [modloading-worker-0/INFO] [quark-zeta/]: Constructing module Shear Vines...
[16Aug2026 02:44:20.330] [modloading-worker-0/INFO] [KubeJS Startup/]: Loaded script addonpack_stretchakln:kubejs_scripts/sounds.js in 0.0 s
[16Aug2026 02:44:20.334] [modloading-worker-0/INFO] [KubeJS Startup/]: Loaded script addonpack_stretchakln:kubejs_scripts/alien_codex.js in 0.002 s
[16Aug2026 02:44:20.339] [modloading-worker-0/INFO] [KubeJS Startup/]: Loaded script addonpack_fempack:kubejs_scripts/alien_codex.js in 0.005 s
[16Aug2026 02:44:20.340] [modloading-worker-0/INFO] [KubeJS Startup/]: Loaded script addonpack_chromastone:kubejs_scripts/hunger_fix2.js in 0.001 s
[16Aug2026 02:44:20.346] [modloading-worker-0/INFO] [quark-zeta/]: Constructing module Shiba...
[16Aug2026 02:44:20.347] [modloading-worker-0/INFO] [quark-zeta/]: Constructing module Shingles...
[16Aug2026 02:44:20.347] [modloading-worker-0/INFO] [quark-zeta/]: Constructing module Shulker Packing...
[16Aug2026 02:44:20.348] [modloading-worker-0/INFO] [quark-zeta/]: Constructing module Simple Harvest...
[16Aug2026 02:44:20.351] [modloading-worker-0/INFO] [quark-zeta/]: Constructing module Skull Pikes...
[16Aug2026 02:44:20.353] [modloading-worker-0/INFO] [quark-zeta/]: Constructing module Slabs To Blocks...
[16Aug2026 02:44:20.353] [modloading-worker-0/INFO] [quark-zeta/]: Constructing module Slime In A Bucket...
[16Aug2026 02:44:20.355] [modloading-worker-0/INFO] [quark-zeta/]: Constructing module Slimes To Magma Cubes...
[16Aug2026 02:44:20.355] [modloading-worker-0/INFO] [quark-zeta/]: Constructing module Snow Golem Player Heads...
[16Aug2026 02:44:20.355] [modloading-worker-0/INFO] [quark-zeta/]: Constructing module Soul Candles...
[16Aug2026 02:44:20.356] [modloading-worker-0/INFO] [quark-zeta/]: Constructing module Soul Sandstone...
[16Aug2026 02:44:20.356] [modloading-worker-0/INFO] [quark-zeta/]: Constructing module Spawner Replacer...
[16Aug2026 02:44:20.357] [modloading-worker-0/INFO] [quark-zeta/]: Constructing module Spiral Spires...
[16Aug2026 02:44:20.358] [modloading-worker-0/INFO] [KubeJS Startup/]: addonpack_chromastone:kubejs_scripts/effects.js#1: Loaded Java class 'net.minecraft.nbt.CompoundTag'
[16Aug2026 02:44:20.361] [modloading-worker-0/INFO] [KubeJS Startup/]: Loaded script addonpack_chromastone:kubejs_scripts/effects.js in 0.02 s
[16Aug2026 02:44:20.358] [modloading-worker-0/INFO] [quark-zeta/]: Constructing module Stonelings...
[16Aug2026 02:44:20.364] [modloading-worker-0/INFO] [KubeJS Startup/]: Loaded script addonpack_alienevo:kubejs_scripts/items.js in 0.001 s
[16Aug2026 02:44:20.364] [modloading-worker-0/INFO] [KubeJS Startup/]: Loaded script addonpack_alienevo:kubejs_scripts/wall_run_up.js in 0.0 s
[16Aug2026 02:44:20.364] [modloading-worker-0/INFO] [KubeJS Startup/]: Loaded script addonpack_alienevo:kubejs_scripts/wall_run_down.js in 0.0 s
[16Aug2026 02:44:20.365] [modloading-worker-0/INFO] [quark-zeta/]: Constructing module Stools...
[16Aug2026 02:44:20.365] [modloading-worker-0/INFO] [quark-zeta/]: Constructing module Sturdy Stone...
[16Aug2026 02:44:20.366] [modloading-worker-0/INFO] [KubeJS Startup/]: Loaded script addonpack_alienevo:kubejs_scripts/wall_run.js in 0.001 s
[16Aug2026 02:44:20.367] [modloading-worker-0/INFO] [KubeJS Startup/]: Loaded script addonpack_alienevo:kubejs_scripts/wall_climb_small.js in 0.001 s
[16Aug2026 02:44:20.368] [modloading-worker-0/INFO] [KubeJS Startup/]: Loaded script addonpack_alienevo:kubejs_scripts/wall_climb_move_condition.js in 0.001 s
[16Aug2026 02:44:20.368] [modloading-worker-0/INFO] [KubeJS Startup/]: Loaded script addonpack_alienevo:kubejs_scripts/wall_climb_condition.js in 0.0 s
[16Aug2026 02:44:20.369] [modloading-worker-0/INFO] [quark-zeta/]: Constructing module Thatch...
[16Aug2026 02:44:20.371] [modloading-worker-0/INFO] [quark-zeta/]: Constructing module Tiny Potato...
[16Aug2026 02:44:20.373] [modloading-worker-0/INFO] [KubeJS Startup/]: Loaded script addonpack_alienevo:kubejs_scripts/wall_climb.js in 0.004 s
[16Aug2026 02:44:20.376] [modloading-worker-0/INFO] [quark-zeta/]: Constructing module Torch Arrow...
[16Aug2026 02:44:20.378] [modloading-worker-0/INFO] [quark-zeta/]: Constructing module Toretoise...
[16Aug2026 02:44:20.378] [modloading-worker-0/INFO] [quark-zeta/]: Constructing module Totem Of Holding...
[16Aug2026 02:44:20.382] [modloading-worker-0/INFO] [quark-zeta/]: Constructing module Trowel...
[16Aug2026 02:44:20.383] [modloading-worker-0/INFO] [quark-zeta/]: Constructing module Usage Ticker...
[16Aug2026 02:44:20.383] [modloading-worker-0/INFO] [quark-zeta/]: Constructing module Uses For Curses...
[16Aug2026 02:44:20.384] [modloading-worker-0/INFO] [quark-zeta/]: Constructing module Utility Recipes...
[16Aug2026 02:44:20.385] [modloading-worker-0/INFO] [KubeJS Startup/]: Loaded script addonpack_alienevo:kubejs_scripts/transform.js in 0.008 s
[16Aug2026 02:44:20.385] [modloading-worker-0/INFO] [KubeJS Startup/]: Loaded script addonpack_alienevo:kubejs_scripts/store_armor.js in 0.0 s
[16Aug2026 02:44:20.386] [modloading-worker-0/INFO] [KubeJS Startup/]: Loaded script addonpack_alienevo:kubejs_scripts/stat_ability.js in 0.001 s
[16Aug2026 02:44:20.389] [modloading-worker-0/INFO] [quark-zeta/]: Constructing module Variant Animal Textures...
[16Aug2026 02:44:20.390] [modloading-worker-0/INFO] [quark-zeta/]: Constructing module Variant Bookshelves...
[16Aug2026 02:44:20.390] [modloading-worker-0/INFO] [quark-zeta/]: Constructing module Variant Chests...
[16Aug2026 02:44:20.392] [modloading-worker-0/INFO] [KubeJS Startup/]: Loaded script addonpack_alienevo:kubejs_scripts/spawn_particles_block.js in 0.006 s
[16Aug2026 02:44:20.393] [modloading-worker-0/INFO] [KubeJS Startup/]: Loaded script addonpack_alienevo:kubejs_scripts/sounds.js in 0.001 s
[16Aug2026 02:44:20.397] [modloading-worker-0/INFO] [KubeJS Startup/]: Loaded script addonpack_alienevo:kubejs_scripts/slot_transform.js in 0.003 s
[16Aug2026 02:44:20.399] [modloading-worker-0/INFO] [KubeJS Startup/]: Loaded script addonpack_alienevo:kubejs_scripts/screen_shake.js in 0.001 s
[16Aug2026 02:44:20.404] [modloading-worker-0/INFO] [KubeJS Startup/]: Loaded script addonpack_alienevo:kubejs_scripts/rolling_mechanics.js in 0.004 s
[16Aug2026 02:44:20.405] [modloading-worker-0/INFO] [KubeJS Startup/]: Loaded script addonpack_alienevo:kubejs_scripts/recharge.js in 0.0 s
[16Aug2026 02:44:20.407] [modloading-worker-0/INFO] [KubeJS Startup/]: Loaded script addonpack_alienevo:kubejs_scripts/quick_change_wheel_condition.js in 0.0 s
[16Aug2026 02:44:20.408] [modloading-worker-0/INFO] [KubeJS Startup/]: Loaded script addonpack_alienevo:kubejs_scripts/quick_change.js in 0.001 s
[16Aug2026 02:44:20.408] [modloading-worker-0/INFO] [quark-zeta/]: Constructing module Variant Furnaces...
[16Aug2026 02:44:20.411] [modloading-worker-0/INFO] [KubeJS Startup/]: Loaded script addonpack_alienevo:kubejs_scripts/pyro_surf.js in 0.003 s
[16Aug2026 02:44:20.413] [modloading-worker-0/INFO] [KubeJS Startup/]: Loaded script addonpack_alienevo:kubejs_scripts/projectile.js in 0.001 s
[16Aug2026 02:44:20.415] [modloading-worker-0/INFO] [quark-zeta/]: Constructing module Variant Ladders...
[16Aug2026 02:44:20.416] [modloading-worker-0/INFO] [quark-zeta/]: Constructing module Variant Selector...
[16Aug2026 02:44:20.417] [modloading-worker-0/INFO] [KubeJS Startup/]: Loaded script addonpack_alienevo:kubejs_scripts/predator_vision.js in 0.001 s
[16Aug2026 02:44:20.418] [modloading-worker-0/INFO] [KubeJS Startup/]: Loaded script addonpack_alienevo:kubejs_scripts/playlist_cycle.js in 0.001 s
[16Aug2026 02:44:20.420] [modloading-worker-0/INFO] [KubeJS Startup/]: Loaded script addonpack_alienevo:kubejs_scripts/ore_detect.js in 0.002 s
[16Aug2026 02:44:20.419] [modloading-worker-0/INFO] [quark-zeta/]: Constructing module Vertical Planks...
[16Aug2026 02:44:20.421] [modloading-worker-0/INFO] [quark-zeta/]: Constructing module Vertical Slabs...
[16Aug2026 02:44:20.424] [modloading-worker-0/INFO] [KubeJS Startup/]: Loaded script addonpack_alienevo:kubejs_scripts/omnitrix_timer.js in 0.003 s
[16Aug2026 02:44:20.426] [modloading-worker-0/INFO] [KubeJS Startup/]: Loaded script addonpack_alienevo:kubejs_scripts/omnitrix_cycle_animation.js in 0.001 s
[16Aug2026 02:44:20.428] [modloading-worker-0/INFO] [KubeJS Startup/]: Loaded script addonpack_alienevo:kubejs_scripts/omnitrix_cycle.js in 0.002 s
[16Aug2026 02:44:20.429] [modloading-worker-0/INFO] [KubeJS Startup/]: Loaded script addonpack_alienevo:kubejs_scripts/omni_properties.js in 0.0 s
[16Aug2026 02:44:20.430] [modloading-worker-0/INFO] [KubeJS Startup/]: Loaded script addonpack_alienevo:kubejs_scripts/motion_water.js in 0.001 s
[16Aug2026 02:44:20.433] [modloading-worker-0/INFO] [KubeJS Startup/]: Loaded script addonpack_alienevo:kubejs_scripts/motion_to_entity.js in 0.003 s
[16Aug2026 02:44:20.433] [modloading-worker-0/INFO] [KubeJS Startup/]: Loaded script addonpack_alienevo:kubejs_scripts/motion_dash.js in 0.0 s
[16Aug2026 02:44:20.434] [modloading-worker-0/INFO] [KubeJS Startup/]: Loaded script addonpack_alienevo:kubejs_scripts/motion.js in 0.0 s
[16Aug2026 02:44:20.436] [modloading-worker-0/INFO] [KubeJS Startup/]: Loaded script addonpack_alienevo:kubejs_scripts/items.js in 0.001 s
[16Aug2026 02:44:20.436] [modloading-worker-0/INFO] [KubeJS Startup/]: Loaded script addonpack_alienevo:kubejs_scripts/is_alien.js in 0.0 s
[16Aug2026 02:44:20.436] [modloading-worker-0/INFO] [KubeJS Startup/]: Loaded script addonpack_alienevo:kubejs_scripts/invulnerable.js in 0.0 s
[16Aug2026 02:44:20.437] [modloading-worker-0/INFO] [KubeJS Startup/]: Loaded script addonpack_alienevo:kubejs_scripts/infinity.js in 0.001 s
[16Aug2026 02:44:20.438] [modloading-worker-0/INFO] [KubeJS Startup/]: Loaded script addonpack_alienevo:kubejs_scripts/ice_layer.js in 0.001 s
[16Aug2026 02:44:20.439] [modloading-worker-0/INFO] [KubeJS Startup/]: Loaded script addonpack_alienevo:kubejs_scripts/hunger_fix.js in 0.0 s
[16Aug2026 02:44:20.442] [modloading-worker-0/INFO] [KubeJS Startup/]: Loaded script addonpack_alienevo:kubejs_scripts/ground_slam.js in 0.002 s
[16Aug2026 02:44:20.443] [modloading-worker-0/INFO] [quark-zeta/]: Constructing module Vexes Die With Their Masters...
[16Aug2026 02:44:20.444] [modloading-worker-0/INFO] [quark-zeta/]: Constructing module Villager Rerolling Rework...
[16Aug2026 02:44:20.444] [modloading-worker-0/INFO] [KubeJS Startup/]: Loaded script addonpack_alienevo:kubejs_scripts/grapple.js in 0.002 s
[16Aug2026 02:44:20.444] [modloading-worker-0/INFO] [quark-zeta/]: Constructing module Villagers Follow Emeralds...
[16Aug2026 02:44:20.445] [modloading-worker-0/INFO] [quark-zeta/]: Constructing module Wooden Posts...
[16Aug2026 02:44:20.447] [modloading-worker-0/INFO] [quark-zeta/]: Constructing module Wool Shuts Up Minecarts...
[16Aug2026 02:44:20.448] [modloading-worker-0/INFO] [quark-zeta/]: Constructing module Wraith...
[16Aug2026 02:44:20.451] [modloading-worker-0/INFO] [quark-zeta/]: Constructing module Zombie Villagers On Normal...
[16Aug2026 02:44:20.451] [modloading-worker-0/INFO] [quark-zeta/]: Constructing module More Stone Variants...
[16Aug2026 02:44:20.452] [modloading-worker-0/INFO] [quark-zeta/]: Constructed 164 modules.
[16Aug2026 02:44:20.455] [modloading-worker-0/INFO] [KubeJS Startup/]: Loaded script addonpack_alienevo:kubejs_scripts/goo_fire.js in 0.009 s
[16Aug2026 02:44:20.456] [modloading-worker-0/INFO] [KubeJS Startup/]: Loaded script addonpack_alienevo:kubejs_scripts/glow_crystals.js in 0.001 s
[16Aug2026 02:44:20.458] [modloading-worker-0/INFO] [KubeJS Startup/]: Loaded script addonpack_alienevo:kubejs_scripts/glide.js in 0.001 s
[16Aug2026 02:44:20.459] [modloading-worker-0/INFO] [KubeJS Startup/]: Loaded script addonpack_alienevo:kubejs_scripts/galvan_blueprints.js in 0.001 s
[16Aug2026 02:44:20.460] [modloading-worker-0/INFO] [KubeJS Startup/]: Loaded script addonpack_alienevo:kubejs_scripts/freeze_immunity.js in 0.0 s
[16Aug2026 02:44:20.460] [modloading-worker-0/INFO] [KubeJS Startup/]: Loaded script addonpack_alienevo:kubejs_scripts/flatten.js in 0.0 s
[16Aug2026 02:44:20.461] [modloading-worker-0/INFO] [KubeJS Startup/]: Loaded script addonpack_alienevo:kubejs_scripts/fire_immunity.js in 0.001 s
[16Aug2026 02:44:20.466] [modloading-worker-0/INFO] [KubeJS Startup/]: Loaded script addonpack_alienevo:kubejs_scripts/fire_absorb.js in 0.005 s
[16Aug2026 02:44:20.466] [modloading-worker-0/INFO] [KubeJS Startup/]: Loaded script addonpack_alienevo:kubejs_scripts/explosion.js in 0.0 s
[16Aug2026 02:44:20.468] [modloading-worker-0/INFO] [KubeJS Startup/]: Loaded script addonpack_alienevo:kubejs_scripts/entity_damage.js in 0.001 s
[16Aug2026 02:44:20.469] [modloading-worker-0/INFO] [KubeJS Startup/]: Loaded script addonpack_alienevo:kubejs_scripts/draganoid.js in 0.001 s
[16Aug2026 02:44:20.471] [modloading-worker-0/INFO] [KubeJS Startup/]: Loaded script addonpack_alienevo:kubejs_scripts/directional_damage.js in 0.002 s
[16Aug2026 02:44:20.475] [modloading-worker-0/INFO] [KubeJS Startup/]: Loaded script addonpack_alienevo:kubejs_scripts/diamond_creation.js in 0.004 s
[16Aug2026 02:44:20.477] [modloading-worker-0/INFO] [KubeJS Startup/]: Loaded script addonpack_alienevo:kubejs_scripts/detransform.js in 0.001 s
[16Aug2026 02:44:20.486] [modloading-worker-0/INFO] [KubeJS Startup/]: Loaded script addonpack_alienevo:kubejs_scripts/decouple.js in 0.009 s
[16Aug2026 02:44:20.490] [modloading-worker-0/INFO] [KubeJS Startup/]: Loaded script addonpack_alienevo:kubejs_scripts/damage_effect.js in 0.001 s
[16Aug2026 02:44:20.491] [modloading-worker-0/INFO] [KubeJS Startup/]: Loaded script addonpack_alienevo:kubejs_scripts/cycle_sounds.js in 0.001 s
[16Aug2026 02:44:20.491] [modloading-worker-0/INFO] [KubeJS Startup/]: Loaded script addonpack_alienevo:kubejs_scripts/current_alien_nickname_condition.js in 0.0 s
[16Aug2026 02:44:20.499] [modloading-worker-0/INFO] [KubeJS Startup/]: Loaded script addonpack_alienevo:kubejs_scripts/crystal_pillar.js in 0.008 s
[16Aug2026 02:44:20.510] [modloading-worker-0/INFO] [KubeJS Startup/]: Loaded script addonpack_alienevo:kubejs_scripts/core_removal.js in 0.007 s
[16Aug2026 02:44:20.513] [modloading-worker-0/INFO] [KubeJS Startup/]: Loaded script addonpack_alienevo:kubejs_scripts/color_modules.js in 0.001 s
[16Aug2026 02:44:20.516] [modloading-worker-0/INFO] [KubeJS Startup/]: Loaded script addonpack_alienevo:kubejs_scripts/codes.js in 0.001 s
[16Aug2026 02:44:20.516] [modloading-worker-0/INFO] [KubeJS Startup/]: Loaded script addonpack_alienevo:kubejs_scripts/charge_leap.js in 0.0 s
[16Aug2026 02:44:20.518] [modloading-worker-0/INFO] [KubeJS Startup/]: Loaded script addonpack_alienevo:kubejs_scripts/bounce.js in 0.001 s
[16Aug2026 02:44:20.520] [modloading-worker-0/INFO] [KubeJS Startup/]: Loaded script addonpack_alienevo:kubejs_scripts/blocks.js in 0.001 s
[16Aug2026 02:44:20.522] [modloading-worker-0/INFO] [KubeJS Startup/]: Loaded script addonpack_alienevo:kubejs_scripts/block_wave.js in 0.002 s
[16Aug2026 02:44:20.526] [modloading-worker-0/INFO] [KubeJS Startup/]: Loaded script addonpack_alienevo:kubejs_scripts/behind.js in 0.003 s
[16Aug2026 02:44:20.530] [modloading-worker-0/INFO] [KubeJS Startup/]: Loaded script addonpack_alienevo:kubejs_scripts/astro_powers.js in 0.004 s
[16Aug2026 02:44:20.533] [modloading-worker-0/INFO] [KubeJS Startup/]: Loaded script addonpack_alienevo:kubejs_scripts/alienevo_watch_condition.js in 0.003 s
[16Aug2026 02:44:20.535] [modloading-worker-0/INFO] [KubeJS Startup/]: Loaded script addonpack_alienevo:kubejs_scripts/alienevo_color_condition.js in 0.002 s
[16Aug2026 02:44:20.543] [modloading-worker-0/INFO] [KubeJS Startup/]: Loaded script addonpack_alienevo:kubejs_scripts/alien_codex.js in 0.008 s
[16Aug2026 02:44:20.546] [modloading-worker-0/INFO] [KubeJS Startup/]: Loaded script addonpack_alienevo:kubejs_scripts/alien_codex.js in 0.003 s
[16Aug2026 02:44:20.548] [modloading-worker-0/INFO] [KubeJS Startup/]: Loaded script addonpack_alienevo:kubejs_scripts/sounds.js in 0.002 s
[16Aug2026 02:44:20.551] [modloading-worker-0/INFO] [KubeJS Startup/]: Loaded script addonpack_aeroflame:kubejs_scripts/things.js in 0.003 s
[16Aug2026 02:44:20.553] [modloading-worker-0/INFO] [KubeJS Startup/]: Loaded script addonpack_aeroflame:kubejs_scripts/sounds.js in 0.002 s
[16Aug2026 02:44:20.556] [modloading-worker-0/INFO] [KubeJS Startup/]: Loaded script addonpack_aeroflame:kubejs_scripts/projectal.js in 0.003 s
[16Aug2026 02:44:20.562] [modloading-worker-0/INFO] [KubeJS Startup/]: Loaded script addonpack_aeroflame:kubejs_scripts/dome.js in 0.006 s
[16Aug2026 02:44:20.563] [modloading-worker-0/INFO] [quark-zeta/]: Doing super early config setup for quark
[16Aug2026 02:44:20.566] [modloading-worker-0/INFO] [KubeJS Startup/]: Loaded script addonpack_aeroflame:kubejs_scripts/aoeability.js in 0.003 s
[16Aug2026 02:44:20.567] [modloading-worker-0/INFO] [KubeJS Startup/]: Loaded script addonpack_aeroflame:kubejs_scripts/alien_codex.js in 0.0 s
[16Aug2026 02:44:20.567] [modloading-worker-0/INFO] [KubeJS Startup/]: Loaded script addonpack_aeroflame:kubejs_scripts/ad_astra_freeze_immunity.js in 0.0 s
[16Aug2026 02:44:20.576] [modloading-worker-0/INFO] [KubeJS Startup/]: Loaded script addonpack_spidermonkey:kubejs_scripts/swing.js in 0.004 s
[16Aug2026 02:44:20.579] [modloading-worker-0/INFO] [KubeJS Startup/]: Loaded script addonpack_spidermonkey:kubejs_scripts/sounds.js in 0.002 s
[16Aug2026 02:44:20.580] [modloading-worker-0/INFO] [KubeJS Startup/]: Loaded script addonpack_spidermonkey:kubejs_scripts/item.js in 0.001 s
[16Aug2026 02:44:20.581] [modloading-worker-0/INFO] [KubeJS Startup/]: Loaded script addonpack_spidermonkey:kubejs_scripts/effects.js in 0.001 s
[16Aug2026 02:44:20.581] [modloading-worker-0/INFO] [KubeJS Startup/]: Loaded script addonpack_spidermonkey:kubejs_scripts/climbing_movement.js in 0.0 s
[16Aug2026 02:44:20.582] [modloading-worker-0/INFO] [KubeJS Startup/]: Loaded script addonpack_spidermonkey:kubejs_scripts/climbing_condtion.js in 0.001 s
[16Aug2026 02:44:20.586] [modloading-worker-0/INFO] [KubeJS Startup/]: Loaded script addonpack_spidermonkey:kubejs_scripts/climb.js in 0.004 s
[16Aug2026 02:44:20.590] [modloading-worker-0/INFO] [KubeJS Startup/]: Loaded script addonpack_spidermonkey:kubejs_scripts/alien_codex.js in 0.001 s
[16Aug2026 02:44:20.614] [modloading-worker-0/INFO] [KubeJS Startup/]: Loaded script addonpack_aliens_reworked:kubejs_scripts/alien_codex.js in 0.024 s
[16Aug2026 02:44:20.614] [modloading-worker-0/INFO] [KubeJS Startup/]: Loaded script addonpack_galvan:kubejs_scripts/upgrade_template.js in 0.0 s
[16Aug2026 02:44:20.615] [modloading-worker-0/INFO] [KubeJS Startup/]: Loaded script addonpack_galvan:kubejs_scripts/is_falling.js in 0.0 s
[16Aug2026 02:44:20.615] [modloading-worker-0/INFO] [KubeJS Startup/]: Loaded script addonpack_galvan:kubejs_scripts/held_item.js in 0.0 s
[16Aug2026 02:44:20.618] [modloading-worker-0/INFO] [KubeJS Startup/]: Loaded script addonpack_galvan:kubejs_scripts/anvil.js in 0.001 s
[16Aug2026 02:44:20.623] [modloading-worker-0/INFO] [KubeJS Startup/]: Loaded 353/353 KubeJS startup scripts in 2.074 s with 0 errors and 0 warnings
[16Aug2026 02:44:20.660] [modloading-worker-0/ERROR] [net.minecraftforge.fml.loading.RuntimeDistCleaner/DISTXFORM]: Attempted to load class net/minecraft/client/Minecraft for invalid dist DEDICATED_SERVER
[16Aug2026 02:44:20.663] [modloading-worker-0/INFO] [STDERR/]: [dev.latvian.mods.rhino.JavaMembers:getDeclaredMethodsSafe:836]: [Rhino] Failed to get declared methods for net.threetag.palladium.util.icon.ItemIcon: java.lang.RuntimeException: Attempted to load class net/minecraft/client/Minecraft for invalid dist DEDICATED_SERVER
[16Aug2026 02:44:20.711] [modloading-worker-0/ERROR] [net.threetag.palladium.Palladium/]: Failed to register ability property "%s", type "%s" is not supported
[16Aug2026 02:44:20.713] [modloading-worker-0/ERROR] [net.threetag.palladium.Palladium/]: Failed to register ability property "%s", type "%s" is not supported
[16Aug2026 02:44:20.713] [modloading-worker-0/ERROR] [net.threetag.palladium.Palladium/]: Failed to register ability property "%s", type "%s" is not supported
[16Aug2026 02:44:20.718] [modloading-worker-0/INFO] [KubeJS Startup/]: addonpack_alienevo:kubejs_scripts/motion_to_entity.js#6: Loaded Java class 'net.minecraft.world.phys.HitResult'
[16Aug2026 02:44:20.730] [modloading-worker-0/INFO] [KubeJS Startup/]: addonpack_alienevo:kubejs_scripts/motion_to_entity.js#7: Loaded Java class 'net.minecraft.world.entity.decoration.ArmorStand'
[16Aug2026 02:44:20.733] [modloading-worker-0/INFO] [KubeJS Startup/]: addonpack_alienevo:kubejs_scripts/motion_to_entity.js#8: Loaded Java class 'net.minecraft.world.entity.boss.enderdragon.EndCrystal'
[16Aug2026 02:44:20.826] [modloading-worker-0/ERROR] [net.threetag.palladium.Palladium/]: Failed to register ability property "%s", type "%s" is not supported
[16Aug2026 02:44:20.830] [modloading-worker-0/ERROR] [net.threetag.palladium.Palladium/]: Failed to register ability property "%s", type "%s" is not supported
[16Aug2026 02:44:20.832] [modloading-worker-0/ERROR] [net.threetag.palladium.Palladium/]: Failed to register ability property "%s", type "%s" is not supported
[16Aug2026 02:44:20.845] [modloading-worker-0/INFO] [KubeJS Startup/]: addonpack_fsang_hero:kubejs_scripts/block_condition.js#32: Loaded Java class 'net.minecraft.world.level.block.state.properties.BlockStateProperties'
[16Aug2026 02:44:20.846] [modloading-worker-0/INFO] [KubeJS Startup/]: addonpack_fsang_hero:kubejs_scripts/biome_condition.js#2: Loaded Java class 'net.minecraft.core.registries.Registries'
[16Aug2026 02:44:20.846] [modloading-worker-0/INFO] [KubeJS Startup/]: addonpack_fsang_hero:kubejs_scripts/biome_condition.js#3: Loaded Java class 'net.minecraft.tags.TagKey'
[16Aug2026 02:44:20.854] [modloading-worker-0/WARN] [KubeJS Startup/]: addonpack_fsang_hero:kubejs_scripts/vulcan_shield2.js#12: blockBuilder.material(string) is no longer supported! Use .soundType(SoundType) and .mapColor(MapColor) instead!
[16Aug2026 02:44:20.855] [modloading-worker-0/WARN] [KubeJS Startup/]: addonpack_fsang_hero:kubejs_scripts/vulcan_shield1.js#12: blockBuilder.material(string) is no longer supported! Use .soundType(SoundType) and .mapColor(MapColor) instead!
[16Aug2026 02:44:20.861] [modloading-worker-0/WARN] [KubeJS Startup/]: addonpack_fsang_hero:kubejs_scripts/scarab_shield.js#12: blockBuilder.material(string) is no longer supported! Use .soundType(SoundType) and .mapColor(MapColor) instead!
[16Aug2026 02:44:20.984] [modloading-worker-0/INFO] [dev.architectury.networking.forge.NetworkManagerImpl/]: Registering C2S receiver with id kubejs:send_data_from_client
[16Aug2026 02:44:20.987] [modloading-worker-0/INFO] [dev.architectury.networking.forge.NetworkManagerImpl/]: Registering C2S receiver with id kubejs:first_click
[16Aug2026 02:44:21.006] [main/INFO] [net.threetag.palladium.Palladium/]: Starting addonpack initialisation...
[16Aug2026 02:44:21.020] [main/ERROR] [net.minecraft.server.packs.AbstractPackResources/]: Couldn't load pack metadata
com.google.gson.JsonSyntaxException: Missing pack_format, expected to find a Int
	at net.minecraft.util.GsonHelper.m_13927_(GsonHelper.java:277) ~[server-1.20.1-20230612.114412-srg.jar%23409!/:?]
	at net.minecraft.server.packs.metadata.pack.PackMetadataSectionSerializer.m_6322_(PackMetadataSectionSerializer.java:15) ~[server-1.20.1-20230612.114412-srg.jar%23409!/:?]
	at net.minecraft.server.packs.metadata.pack.PackMetadataSectionSerializer.m_6322_(PackMetadataSectionSerializer.java:9) ~[server-1.20.1-20230612.114412-srg.jar%23409!/:?]
	at net.minecraft.server.packs.AbstractPackResources.m_10214_(AbstractPackResources.java:52) ~[server-1.20.1-20230612.114412-srg.jar%23409!/:?]
	at net.minecraft.server.packs.AbstractPackResources.m_5550_(AbstractPackResources.java:33) ~[server-1.20.1-20230612.114412-srg.jar%23409!/:?]
	at net.minecraft.server.packs.repository.Pack.m_246334_(Pack.java:60) ~[server-1.20.1-20230612.114412-srg.jar%23409!/:?]
	at net.minecraft.server.packs.repository.Pack.m_245429_(Pack.java:35) ~[server-1.20.1-20230612.114412-srg.jar%23409!/:?]
	at net.threetag.palladium.addonpack.forge.AddonPackManagerImpl$ModPackSource.m_7686_(AddonPackManagerImpl.java:49) ~[palladium-4.5.8+1.20.1-forge.jar%23361!/:4.5.8+1.20.1]
	at net.minecraft.server.packs.repository.PackRepository.m_10526_(PackRepository.java:39) ~[server-1.20.1-20230612.114412-srg.jar%23409!/:?]
	at net.minecraft.server.packs.repository.PackRepository.m_10506_(PackRepository.java:31) ~[server-1.20.1-20230612.114412-srg.jar%23409!/:?]
	at net.threetag.palladium.addonpack.AddonPackManager.beginLoading(AddonPackManager.java:141) ~[palladium-4.5.8+1.20.1-forge.jar%23361!/:4.5.8+1.20.1]
	at net.threetag.palladium.addonpack.AddonPackManager.startLoading(AddonPackManager.java:55) ~[palladium-4.5.8+1.20.1-forge.jar%23361!/:4.5.8+1.20.1]
	at java.util.concurrent.CompletableFuture$AsyncRun.run(CompletableFuture.java:1804) ~[?:?]
	at net.minecraftforge.fml.DeferredWorkQueue.lambda$makeRunnable$2(DeferredWorkQueue.java:81) ~[fmlcore-1.20.1-47.4.1.jar%23410!/:?]
	at net.minecraftforge.fml.DeferredWorkQueue.makeRunnable(DeferredWorkQueue.java:76) ~[fmlcore-1.20.1-47.4.1.jar%23410!/:?]
	at net.minecraftforge.fml.DeferredWorkQueue.lambda$runTasks$0(DeferredWorkQueue.java:60) ~[fmlcore-1.20.1-47.4.1.jar%23410!/:?]
	at java.util.concurrent.ConcurrentLinkedDeque.forEach(ConcurrentLinkedDeque.java:1650) ~[?:?]
	at net.minecraftforge.fml.DeferredWorkQueue.runTasks(DeferredWorkQueue.java:60) ~[fmlcore-1.20.1-47.4.1.jar%23410!/:?]
	at net.minecraftforge.fml.core.ParallelTransition.lambda$finalActivityGenerator$2(ParallelTransition.java:35) ~[forge-1.20.1-47.4.1-universal.jar%23414!/:?]
	at java.util.concurrent.CompletableFuture$UniApply.tryFire(CompletableFuture.java:646) ~[?:?]
	at java.util.concurrent.CompletableFuture$Completion.run(CompletableFuture.java:482) ~[?:?]
	at net.minecraftforge.fml.ModWorkManager$SyncExecutor.driveOne(ModWorkManager.java:43) ~[fmlcore-1.20.1-47.4.1.jar%23410!/:?]
	at net.minecraftforge.fml.ModWorkManager$DrivenExecutor.drive(ModWorkManager.java:28) ~[fmlcore-1.20.1-47.4.1.jar%23410!/:?]
	at net.minecraftforge.fml.ModLoader.waitForTransition(ModLoader.java:224) ~[fmlcore-1.20.1-47.4.1.jar%23410!/:?]
	at net.minecraftforge.fml.ModLoader.lambda$dispatchAndHandleError$20(ModLoader.java:210) ~[fmlcore-1.20.1-47.4.1.jar%23410!/:?]
	at java.util.Optional.ifPresent(Optional.java:178) ~[?:?]
	at net.minecraftforge.fml.ModLoader.dispatchAndHandleError(ModLoader.java:210) ~[fmlcore-1.20.1-47.4.1.jar%23410!/:?]
	at net.minecraftforge.fml.ModLoader.lambda$gatherAndInitializeMods$13(ModLoader.java:183) ~[fmlcore-1.20.1-47.4.1.jar%23410!/:?]
	at java.lang.Iterable.forEach(Iterable.java:75) ~[?:?]
	at net.minecraftforge.fml.ModLoader.gatherAndInitializeMods(ModLoader.java:183) ~[fmlcore-1.20.1-47.4.1.jar%23410!/:?]
	at net.minecraftforge.server.loading.ServerModLoader.load(ServerModLoader.java:30) ~[forge-1.20.1-47.4.1-universal.jar%23414!/:?]
	at net.minecraft.server.Main.main(Main.java:125) ~[server-1.20.1-20230612.114412-srg.jar%23409!/:?]
	at jdk.internal.reflect.NativeMethodAccessorImpl.invoke0(Native Method) ~[?:?]
	at jdk.internal.reflect.NativeMethodAccessorImpl.invoke(NativeMethodAccessorImpl.java:77) ~[?:?]
	at jdk.internal.reflect.DelegatingMethodAccessorImpl.invoke(DelegatingMethodAccessorImpl.java:43) ~[?:?]
	at java.lang.reflect.Method.invoke(Method.java:569) ~[?:?]
	at net.minecraftforge.fml.loading.targets.CommonLaunchHandler.runTarget(CommonLaunchHandler.java:111) ~[fmlloader-1.20.1-47.4.1.jar%2367!/:?]
	at net.minecraftforge.fml.loading.targets.CommonLaunchHandler.serverService(CommonLaunchHandler.java:103) ~[fmlloader-1.20.1-47.4.1.jar%2367!/:?]
	at net.minecraftforge.fml.loading.targets.CommonServerLaunchHandler.lambda$makeService$0(CommonServerLaunchHandler.java:27) ~[fmlloader-1.20.1-47.4.1.jar%2367!/:?]
	at cpw.mods.modlauncher.LaunchServiceHandlerDecorator.launch(LaunchServiceHandlerDecorator.java:30) ~[modlauncher-10.0.9.jar%2353!/:?]
	at cpw.mods.modlauncher.LaunchServiceHandler.launch(LaunchServiceHandler.java:53) ~[modlauncher-10.0.9.jar%2353!/:?]
	at cpw.mods.modlauncher.LaunchServiceHandler.launch(LaunchServiceHandler.java:71) ~[modlauncher-10.0.9.jar%2353!/:?]
	at cpw.mods.modlauncher.Launcher.run(Launcher.java:108) ~[modlauncher-10.0.9.jar%2353!/:?]
	at cpw.mods.modlauncher.Launcher.main(Launcher.java:78) ~[modlauncher-10.0.9.jar%2353!/:?]
	at cpw.mods.modlauncher.BootstrapLaunchConsumer.accept(BootstrapLaunchConsumer.java:26) ~[modlauncher-10.0.9.jar%2353!/:?]
	at cpw.mods.modlauncher.BootstrapLaunchConsumer.accept(BootstrapLaunchConsumer.java:23) ~[modlauncher-10.0.9.jar%2353!/:?]
	at cpw.mods.bootstraplauncher.BootstrapLauncher.main(BootstrapLauncher.java:141) ~[bootstraplauncher-1.1.2.jar:?]
[16Aug2026 02:44:21.022] [main/WARN] [net.minecraft.server.packs.repository.Pack/]: Missing metadata in pack mod:minecraft
[16Aug2026 02:44:21.029] [main/INFO] [net.threetag.palladium.Palladium/]: Skipping mod:actuallyharvest as it's not been marked as an addonpack
[16Aug2026 02:44:21.029] [main/ERROR] [net.threetag.palladium.Palladium/]: Cannot invoke "net.threetag.palladium.addonpack.PackData.getId()" because "packData" is null
[16Aug2026 02:44:21.031] [main/INFO] [net.threetag.palladium.Palladium/]: Skipping mod:aiimprovements as it's not been marked as an addonpack
[16Aug2026 02:44:21.031] [main/ERROR] [net.threetag.palladium.Palladium/]: Cannot invoke "net.threetag.palladium.addonpack.PackData.getId()" because "packData" is null
[16Aug2026 02:44:21.040] [main/INFO] [net.threetag.palladium.Palladium/]: Skipping mod:alltheleaks as it's not been marked as an addonpack
[16Aug2026 02:44:21.041] [main/ERROR] [net.threetag.palladium.Palladium/]: Cannot invoke "net.threetag.palladium.addonpack.PackData.getId()" because "packData" is null
[16Aug2026 02:44:21.043] [main/INFO] [net.threetag.palladium.Palladium/]: Skipping mod:almanac as it's not been marked as an addonpack
[16Aug2026 02:44:21.044] [main/ERROR] [net.threetag.palladium.Palladium/]: Cannot invoke "net.threetag.palladium.addonpack.PackData.getId()" because "packData" is null
[16Aug2026 02:44:21.044] [main/INFO] [net.threetag.palladium.Palladium/]: Skipping mod:alternate_current as it's not been marked as an addonpack
[16Aug2026 02:44:21.045] [main/ERROR] [net.threetag.palladium.Palladium/]: Cannot invoke "net.threetag.palladium.addonpack.PackData.getId()" because "packData" is null
[16Aug2026 02:44:21.045] [main/INFO] [net.threetag.palladium.Palladium/]: Skipping mod:ambient_rain_fog as it's not been marked as an addonpack
[16Aug2026 02:44:21.045] [main/ERROR] [net.threetag.palladium.Palladium/]: Cannot invoke "net.threetag.palladium.addonpack.PackData.getId()" because "packData" is null
[16Aug2026 02:44:21.046] [main/INFO] [net.threetag.palladium.Palladium/]: Skipping mod:architectury as it's not been marked as an addonpack
[16Aug2026 02:44:21.046] [main/ERROR] [net.threetag.palladium.Palladium/]: Cannot invoke "net.threetag.palladium.addonpack.PackData.getId()" because "packData" is null
[16Aug2026 02:44:21.046] [main/INFO] [net.threetag.palladium.Palladium/]: Skipping mod:attributefix as it's not been marked as an addonpack
[16Aug2026 02:44:21.046] [main/ERROR] [net.threetag.palladium.Palladium/]: Cannot invoke "net.threetag.palladium.addonpack.PackData.getId()" because "packData" is null
[16Aug2026 02:44:21.047] [main/INFO] [net.threetag.palladium.Palladium/]: Skipping mod:azurelib as it's not been marked as an addonpack
[16Aug2026 02:44:21.047] [main/ERROR] [net.threetag.palladium.Palladium/]: Cannot invoke "net.threetag.palladium.addonpack.PackData.getId()" because "packData" is null
[16Aug2026 02:44:21.047] [main/INFO] [net.threetag.palladium.Palladium/]: Skipping mod:backport as it's not been marked as an addonpack
[16Aug2026 02:44:21.047] [main/ERROR] [net.threetag.palladium.Palladium/]: Cannot invoke "net.threetag.palladium.addonpack.PackData.getId()" because "packData" is null
[16Aug2026 02:44:21.048] [main/INFO] [net.threetag.palladium.Palladium/]: Skipping mod:baguettelib as it's not been marked as an addonpack
[16Aug2026 02:44:21.048] [main/ERROR] [net.threetag.palladium.Palladium/]: Cannot invoke "net.threetag.palladium.addonpack.PackData.getId()" because "packData" is null
[16Aug2026 02:44:21.048] [main/INFO] [net.threetag.palladium.Palladium/]: Skipping mod:balm as it's not been marked as an addonpack
[16Aug2026 02:44:21.048] [main/ERROR] [net.threetag.palladium.Palladium/]: Cannot invoke "net.threetag.palladium.addonpack.PackData.getId()" because "packData" is null
[16Aug2026 02:44:21.048] [main/INFO] [net.threetag.palladium.Palladium/]: Skipping mod:betterchunkloading as it's not been marked as an addonpack
[16Aug2026 02:44:21.049] [main/ERROR] [net.threetag.palladium.Palladium/]: Cannot invoke "net.threetag.palladium.addonpack.PackData.getId()" because "packData" is null
[16Aug2026 02:44:21.049] [main/INFO] [net.threetag.palladium.Palladium/]: Skipping mod:betterspawnercontrol as it's not been marked as an addonpack
[16Aug2026 02:44:21.049] [main/ERROR] [net.threetag.palladium.Palladium/]: Cannot invoke "net.threetag.palladium.addonpack.PackData.getId()" because "packData" is null
[16Aug2026 02:44:21.049] [main/INFO] [net.threetag.palladium.Palladium/]: Skipping mod:bhmod as it's not been marked as an addonpack
[16Aug2026 02:44:21.050] [main/ERROR] [net.threetag.palladium.Palladium/]: Cannot invoke "net.threetag.palladium.addonpack.PackData.getId()" because "packData" is null
[16Aug2026 02:44:21.050] [main/INFO] [net.threetag.palladium.Palladium/]: Skipping mod:blueprint as it's not been marked as an addonpack
[16Aug2026 02:44:21.050] [main/ERROR] [net.threetag.palladium.Palladium/]: Cannot invoke "net.threetag.palladium.addonpack.PackData.getId()" because "packData" is null
[16Aug2026 02:44:21.051] [main/INFO] [net.threetag.palladium.Palladium/]: Skipping mod:brutalbosses as it's not been marked as an addonpack
[16Aug2026 02:44:21.051] [main/ERROR] [net.threetag.palladium.Palladium/]: Cannot invoke "net.threetag.palladium.addonpack.PackData.getId()" because "packData" is null
[16Aug2026 02:44:21.051] [main/INFO] [net.threetag.palladium.Palladium/]: Skipping mod:caelus as it's not been marked as an addonpack
[16Aug2026 02:44:21.051] [main/ERROR] [net.threetag.palladium.Palladium/]: Cannot invoke "net.threetag.palladium.addonpack.PackData.getId()" because "packData" is null
[16Aug2026 02:44:21.052] [main/INFO] [net.threetag.palladium.Palladium/]: Skipping mod:carbonconfig as it's not been marked as an addonpack
[16Aug2026 02:44:21.052] [main/ERROR] [net.threetag.palladium.Palladium/]: Cannot invoke "net.threetag.palladium.addonpack.PackData.getId()" because "packData" is null
[16Aug2026 02:44:21.052] [main/INFO] [net.threetag.palladium.Palladium/]: Skipping mod:carryon as it's not been marked as an addonpack
[16Aug2026 02:44:21.052] [main/ERROR] [net.threetag.palladium.Palladium/]: Cannot invoke "net.threetag.palladium.addonpack.PackData.getId()" because "packData" is null
[16Aug2026 02:44:21.053] [main/INFO] [net.threetag.palladium.Palladium/]: Skipping mod:chrono as it's not been marked as an addonpack
[16Aug2026 02:44:21.053] [main/ERROR] [net.threetag.palladium.Palladium/]: Cannot invoke "net.threetag.palladium.addonpack.PackData.getId()" because "packData" is null
[16Aug2026 02:44:21.053] [main/INFO] [net.threetag.palladium.Palladium/]: Skipping mod:chunksending as it's not been marked as an addonpack
[16Aug2026 02:44:21.053] [main/ERROR] [net.threetag.palladium.Palladium/]: Cannot invoke "net.threetag.palladium.addonpack.PackData.getId()" because "packData" is null
[16Aug2026 02:44:21.054] [main/INFO] [net.threetag.palladium.Palladium/]: Skipping mod:chunky as it's not been marked as an addonpack
[16Aug2026 02:44:21.054] [main/ERROR] [net.threetag.palladium.Palladium/]: Cannot invoke "net.threetag.palladium.addonpack.PackData.getId()" because "packData" is null
[16Aug2026 02:44:21.054] [main/INFO] [net.threetag.palladium.Palladium/]: Skipping mod:citadel as it's not been marked as an addonpack
[16Aug2026 02:44:21.054] [main/ERROR] [net.threetag.palladium.Palladium/]: Cannot invoke "net.threetag.palladium.addonpack.PackData.getId()" because "packData" is null
[16Aug2026 02:44:21.055] [main/INFO] [net.threetag.palladium.Palladium/]: Skipping mod:cloth_config as it's not been marked as an addonpack
[16Aug2026 02:44:21.055] [main/ERROR] [net.threetag.palladium.Palladium/]: Cannot invoke "net.threetag.palladium.addonpack.PackData.getId()" because "packData" is null
[16Aug2026 02:44:21.055] [main/INFO] [net.threetag.palladium.Palladium/]: Skipping mod:clumps as it's not been marked as an addonpack
[16Aug2026 02:44:21.055] [main/ERROR] [net.threetag.palladium.Palladium/]: Cannot invoke "net.threetag.palladium.addonpack.PackData.getId()" because "packData" is null
[16Aug2026 02:44:21.056] [main/INFO] [net.threetag.palladium.Palladium/]: Skipping mod:collective as it's not been marked as an addonpack
[16Aug2026 02:44:21.057] [main/ERROR] [net.threetag.palladium.Palladium/]: Cannot invoke "net.threetag.palladium.addonpack.PackData.getId()" because "packData" is null
[16Aug2026 02:44:21.057] [main/INFO] [net.threetag.palladium.Palladium/]: Skipping mod:configlibtxf as it's not been marked as an addonpack
[16Aug2026 02:44:21.057] [main/ERROR] [net.threetag.palladium.Palladium/]: Cannot invoke "net.threetag.palladium.addonpack.PackData.getId()" because "packData" is null
[16Aug2026 02:44:21.057] [main/INFO] [net.threetag.palladium.Palladium/]: Skipping mod:configured as it's not been marked as an addonpack
[16Aug2026 02:44:21.058] [main/ERROR] [net.threetag.palladium.Palladium/]: Cannot invoke "net.threetag.palladium.addonpack.PackData.getId()" because "packData" is null
[16Aug2026 02:44:21.058] [main/INFO] [net.threetag.palladium.Palladium/]: Skipping mod:connectivity as it's not been marked as an addonpack
[16Aug2026 02:44:21.058] [main/ERROR] [net.threetag.palladium.Palladium/]: Cannot invoke "net.threetag.palladium.addonpack.PackData.getId()" because "packData" is null
[16Aug2026 02:44:21.058] [main/INFO] [net.threetag.palladium.Palladium/]: Skipping mod:copperagebackport as it's not been marked as an addonpack
[16Aug2026 02:44:21.059] [main/ERROR] [net.threetag.palladium.Palladium/]: Cannot invoke "net.threetag.palladium.addonpack.PackData.getId()" because "packData" is null
[16Aug2026 02:44:21.059] [main/INFO] [net.threetag.palladium.Palladium/]: Skipping mod:corgilib as it's not been marked as an addonpack
[16Aug2026 02:44:21.059] [main/ERROR] [net.threetag.palladium.Palladium/]: Cannot invoke "net.threetag.palladium.addonpack.PackData.getId()" because "packData" is null
[16Aug2026 02:44:21.059] [main/INFO] [net.threetag.palladium.Palladium/]: Skipping mod:corpse as it's not been marked as an addonpack
[16Aug2026 02:44:21.059] [main/ERROR] [net.threetag.palladium.Palladium/]: Cannot invoke "net.threetag.palladium.addonpack.PackData.getId()" because "packData" is null
[16Aug2026 02:44:21.060] [main/INFO] [net.threetag.palladium.Palladium/]: Skipping mod:corpsecurioscompat as it's not been marked as an addonpack
[16Aug2026 02:44:21.060] [main/ERROR] [net.threetag.palladium.Palladium/]: Cannot invoke "net.threetag.palladium.addonpack.PackData.getId()" because "packData" is null
[16Aug2026 02:44:21.060] [main/INFO] [net.threetag.palladium.Palladium/]: Skipping mod:cosmeticarmorreworked as it's not been marked as an addonpack
[16Aug2026 02:44:21.060] [main/ERROR] [net.threetag.palladium.Palladium/]: Cannot invoke "net.threetag.palladium.addonpack.PackData.getId()" because "packData" is null
[16Aug2026 02:44:21.062] [main/INFO] [net.threetag.palladium.Palladium/]: Skipping mod:cosmeticcorpsecompat as it's not been marked as an addonpack
[16Aug2026 02:44:21.062] [main/ERROR] [net.threetag.palladium.Palladium/]: Cannot invoke "net.threetag.palladium.addonpack.PackData.getId()" because "packData" is null
[16Aug2026 02:44:21.063] [main/INFO] [net.threetag.palladium.Palladium/]: Skipping mod:cupboard as it's not been marked as an addonpack
[16Aug2026 02:44:21.063] [main/ERROR] [net.threetag.palladium.Palladium/]: Cannot invoke "net.threetag.palladium.addonpack.PackData.getId()" because "packData" is null
[16Aug2026 02:44:21.063] [main/INFO] [net.threetag.palladium.Palladium/]: Skipping mod:curios as it's not been marked as an addonpack
[16Aug2026 02:44:21.063] [main/ERROR] [net.threetag.palladium.Palladium/]: Cannot invoke "net.threetag.palladium.addonpack.PackData.getId()" because "packData" is null
[16Aug2026 02:44:21.063] [main/INFO] [net.threetag.palladium.Palladium/]: Skipping mod:disenchanting_table as it's not been marked as an addonpack
[16Aug2026 02:44:21.064] [main/ERROR] [net.threetag.palladium.Palladium/]: Cannot invoke "net.threetag.palladium.addonpack.PackData.getId()" because "packData" is null
[16Aug2026 02:44:21.064] [main/INFO] [net.threetag.palladium.Palladium/]: Skipping mod:easier_omnitrix_alien_evo_addon as it's not been marked as an addonpack
[16Aug2026 02:44:21.064] [main/ERROR] [net.threetag.palladium.Palladium/]: Cannot invoke "net.threetag.palladium.addonpack.PackData.getId()" because "packData" is null
[16Aug2026 02:44:21.064] [main/INFO] [net.threetag.palladium.Palladium/]: Skipping mod:evercrops as it's not been marked as an addonpack
[16Aug2026 02:44:21.065] [main/ERROR] [net.threetag.palladium.Palladium/]: Cannot invoke "net.threetag.palladium.addonpack.PackData.getId()" because "packData" is null
[16Aug2026 02:44:21.065] [main/INFO] [net.threetag.palladium.Palladium/]: Skipping mod:everfurnace as it's not been marked as an addonpack
[16Aug2026 02:44:21.066] [main/ERROR] [net.threetag.palladium.Palladium/]: Cannot invoke "net.threetag.palladium.addonpack.PackData.getId()" because "packData" is null
[16Aug2026 02:44:21.066] [main/INFO] [net.threetag.palladium.Palladium/]: Skipping mod:faewulf_lib as it's not been marked as an addonpack
[16Aug2026 02:44:21.066] [main/ERROR] [net.threetag.palladium.Palladium/]: Cannot invoke "net.threetag.palladium.addonpack.PackData.getId()" because "packData" is null
[16Aug2026 02:44:21.066] [main/INFO] [net.threetag.palladium.Palladium/]: Skipping mod:fallingtree as it's not been marked as an addonpack
[16Aug2026 02:44:21.067] [main/ERROR] [net.threetag.palladium.Palladium/]: Cannot invoke "net.threetag.palladium.addonpack.PackData.getId()" because "packData" is null
[16Aug2026 02:44:21.067] [main/INFO] [net.threetag.palladium.Palladium/]: Skipping mod:fastasyncworldsave as it's not been marked as an addonpack
[16Aug2026 02:44:21.067] [main/ERROR] [net.threetag.palladium.Palladium/]: Cannot invoke "net.threetag.palladium.addonpack.PackData.getId()" because "packData" is null
[16Aug2026 02:44:21.067] [main/INFO] [net.threetag.palladium.Palladium/]: Skipping mod:fastfurnace as it's not been marked as an addonpack
[16Aug2026 02:44:21.067] [main/ERROR] [net.threetag.palladium.Palladium/]: Cannot invoke "net.threetag.palladium.addonpack.PackData.getId()" because "packData" is null
[16Aug2026 02:44:21.068] [main/INFO] [net.threetag.palladium.Palladium/]: Skipping mod:fastitemframes as it's not been marked as an addonpack
[16Aug2026 02:44:21.068] [main/ERROR] [net.threetag.palladium.Palladium/]: Cannot invoke "net.threetag.palladium.addonpack.PackData.getId()" because "packData" is null
[16Aug2026 02:44:21.068] [main/INFO] [net.threetag.palladium.Palladium/]: Skipping mod:fastpaintings as it's not been marked as an addonpack
[16Aug2026 02:44:21.069] [main/ERROR] [net.threetag.palladium.Palladium/]: Cannot invoke "net.threetag.palladium.addonpack.PackData.getId()" because "packData" is null
[16Aug2026 02:44:21.069] [main/INFO] [net.threetag.palladium.Palladium/]: Skipping mod:ferritecore as it's not been marked as an addonpack
[16Aug2026 02:44:21.069] [main/ERROR] [net.threetag.palladium.Palladium/]: Cannot invoke "net.threetag.palladium.addonpack.PackData.getId()" because "packData" is null
[16Aug2026 02:44:21.070] [main/INFO] [net.threetag.palladium.Palladium/]: Skipping mod:fieldguide as it's not been marked as an addonpack
[16Aug2026 02:44:21.070] [main/ERROR] [net.threetag.palladium.Palladium/]: Cannot invoke "net.threetag.palladium.addonpack.PackData.getId()" because "packData" is null
[16Aug2026 02:44:21.070] [main/INFO] [net.threetag.palladium.Palladium/]: Skipping mod:fokusapi as it's not been marked as an addonpack
[16Aug2026 02:44:21.070] [main/ERROR] [net.threetag.palladium.Palladium/]: Cannot invoke "net.threetag.palladium.addonpack.PackData.getId()" because "packData" is null
[16Aug2026 02:44:21.071] [main/INFO] [net.threetag.palladium.Palladium/]: Skipping mod:forge as it's not been marked as an addonpack
[16Aug2026 02:44:21.071] [main/ERROR] [net.threetag.palladium.Palladium/]: Cannot invoke "net.threetag.palladium.addonpack.PackData.getId()" because "packData" is null
[16Aug2026 02:44:21.072] [main/INFO] [net.threetag.palladium.Palladium/]: Enabled Feature Flag for worldgen/ruined_multiverse_portals
[16Aug2026 02:44:21.073] [main/INFO] [net.threetag.palladium.Palladium/]: Skipping mod:ftbessentials as it's not been marked as an addonpack
[16Aug2026 02:44:21.073] [main/ERROR] [net.threetag.palladium.Palladium/]: Cannot invoke "net.threetag.palladium.addonpack.PackData.getId()" because "packData" is null
[16Aug2026 02:44:21.073] [main/INFO] [net.threetag.palladium.Palladium/]: Skipping mod:ftblibrary as it's not been marked as an addonpack
[16Aug2026 02:44:21.074] [main/ERROR] [net.threetag.palladium.Palladium/]: Cannot invoke "net.threetag.palladium.addonpack.PackData.getId()" because "packData" is null
[16Aug2026 02:44:21.074] [main/INFO] [net.threetag.palladium.Palladium/]: Skipping mod:gallery as it's not been marked as an addonpack
[16Aug2026 02:44:21.074] [main/ERROR] [net.threetag.palladium.Palladium/]: Cannot invoke "net.threetag.palladium.addonpack.PackData.getId()" because "packData" is null
[16Aug2026 02:44:21.075] [main/INFO] [net.threetag.palladium.Palladium/]: Skipping mod:gbf as it's not been marked as an addonpack
[16Aug2026 02:44:21.075] [main/ERROR] [net.threetag.palladium.Palladium/]: Cannot invoke "net.threetag.palladium.addonpack.PackData.getId()" because "packData" is null
[16Aug2026 02:44:21.075] [main/INFO] [net.threetag.palladium.Palladium/]: Skipping mod:geckolib as it's not been marked as an addonpack
[16Aug2026 02:44:21.075] [main/ERROR] [net.threetag.palladium.Palladium/]: Cannot invoke "net.threetag.palladium.addonpack.PackData.getId()" because "packData" is null
[16Aug2026 02:44:21.076] [main/INFO] [net.threetag.palladium.Palladium/]: Skipping mod:golden_dandelion_in_different_version as it's not been marked as an addonpack
[16Aug2026 02:44:21.076] [main/ERROR] [net.threetag.palladium.Palladium/]: Cannot invoke "net.threetag.palladium.addonpack.PackData.getId()" because "packData" is null
[16Aug2026 02:44:21.076] [main/INFO] [net.threetag.palladium.Palladium/]: Skipping mod:golemoverhaul as it's not been marked as an addonpack
[16Aug2026 02:44:21.076] [main/ERROR] [net.threetag.palladium.Palladium/]: Cannot invoke "net.threetag.palladium.addonpack.PackData.getId()" because "packData" is null
[16Aug2026 02:44:21.076] [main/INFO] [net.threetag.palladium.Palladium/]: Skipping mod:gpumemleakfix as it's not been marked as an addonpack
[16Aug2026 02:44:21.077] [main/ERROR] [net.threetag.palladium.Palladium/]: Cannot invoke "net.threetag.palladium.addonpack.PackData.getId()" because "packData" is null
[16Aug2026 02:44:21.077] [main/INFO] [net.threetag.palladium.Palladium/]: Skipping mod:guardvillagers as it's not been marked as an addonpack
[16Aug2026 02:44:21.077] [main/ERROR] [net.threetag.palladium.Palladium/]: Cannot invoke "net.threetag.palladium.addonpack.PackData.getId()" because "packData" is null
[16Aug2026 02:44:21.077] [main/INFO] [net.threetag.palladium.Palladium/]: Skipping mod:holdmybeer as it's not been marked as an addonpack
[16Aug2026 02:44:21.078] [main/ERROR] [net.threetag.palladium.Palladium/]: Cannot invoke "net.threetag.palladium.addonpack.PackData.getId()" because "packData" is null
[16Aug2026 02:44:21.078] [main/INFO] [net.threetag.palladium.Palladium/]: Skipping mod:hyrule_terrors as it's not been marked as an addonpack
[16Aug2026 02:44:21.078] [main/ERROR] [net.threetag.palladium.Palladium/]: Cannot invoke "net.threetag.palladium.addonpack.PackData.getId()" because "packData" is null
[16Aug2026 02:44:21.078] [main/INFO] [net.threetag.palladium.Palladium/]: Skipping mod:iceandfire as it's not been marked as an addonpack
[16Aug2026 02:44:21.079] [main/ERROR] [net.threetag.palladium.Palladium/]: Cannot invoke "net.threetag.palladium.addonpack.PackData.getId()" because "packData" is null
[16Aug2026 02:44:21.079] [main/INFO] [net.threetag.palladium.Palladium/]: Skipping mod:imfast as it's not been marked as an addonpack
[16Aug2026 02:44:21.079] [main/ERROR] [net.threetag.palladium.Palladium/]: Cannot invoke "net.threetag.palladium.addonpack.PackData.getId()" because "packData" is null
[16Aug2026 02:44:21.079] [main/INFO] [net.threetag.palladium.Palladium/]: Skipping mod:immersive_optimization as it's not been marked as an addonpack
[16Aug2026 02:44:21.080] [main/ERROR] [net.threetag.palladium.Palladium/]: Cannot invoke "net.threetag.palladium.addonpack.PackData.getId()" because "packData" is null
[16Aug2026 02:44:21.080] [main/INFO] [net.threetag.palladium.Palladium/]: Skipping mod:incendium as it's not been marked as an addonpack
[16Aug2026 02:44:21.080] [main/ERROR] [net.threetag.palladium.Palladium/]: Cannot invoke "net.threetag.palladium.addonpack.PackData.getId()" because "packData" is null
[16Aug2026 02:44:21.081] [main/INFO] [net.threetag.palladium.Palladium/]: Skipping mod:inventoryessentials as it's not been marked as an addonpack
[16Aug2026 02:44:21.081] [main/ERROR] [net.threetag.palladium.Palladium/]: Cannot invoke "net.threetag.palladium.addonpack.PackData.getId()" because "packData" is null
[16Aug2026 02:44:21.081] [main/INFO] [net.threetag.palladium.Palladium/]: Skipping mod:jei as it's not been marked as an addonpack
[16Aug2026 02:44:21.081] [main/ERROR] [net.threetag.palladium.Palladium/]: Cannot invoke "net.threetag.palladium.addonpack.PackData.getId()" because "packData" is null
[16Aug2026 02:44:21.082] [main/INFO] [net.threetag.palladium.Palladium/]: Skipping mod:jupiter as it's not been marked as an addonpack
[16Aug2026 02:44:21.082] [main/ERROR] [net.threetag.palladium.Palladium/]: Cannot invoke "net.threetag.palladium.addonpack.PackData.getId()" because "packData" is null
[16Aug2026 02:44:21.082] [main/INFO] [net.threetag.palladium.Palladium/]: Skipping mod:kotlinforforge as it's not been marked as an addonpack
[16Aug2026 02:44:21.082] [main/ERROR] [net.threetag.palladium.Palladium/]: Cannot invoke "net.threetag.palladium.addonpack.PackData.getId()" because "packData" is null
[16Aug2026 02:44:21.083] [main/INFO] [net.threetag.palladium.Palladium/]: Skipping mod:krypton as it's not been marked as an addonpack
[16Aug2026 02:44:21.083] [main/ERROR] [net.threetag.palladium.Palladium/]: Cannot invoke "net.threetag.palladium.addonpack.PackData.getId()" because "packData" is null
[16Aug2026 02:44:21.083] [main/INFO] [net.threetag.palladium.Palladium/]: Skipping mod:kubejs as it's not been marked as an addonpack
[16Aug2026 02:44:21.083] [main/ERROR] [net.threetag.palladium.Palladium/]: Cannot invoke "net.threetag.palladium.addonpack.PackData.getId()" because "packData" is null
[16Aug2026 02:44:21.084] [main/INFO] [net.threetag.palladium.Palladium/]: Skipping mod:kuma_api as it's not been marked as an addonpack
[16Aug2026 02:44:21.084] [main/ERROR] [net.threetag.palladium.Palladium/]: Cannot invoke "net.threetag.palladium.addonpack.PackData.getId()" because "packData" is null
[16Aug2026 02:44:21.084] [main/INFO] [net.threetag.palladium.Palladium/]: Skipping mod:labels as it's not been marked as an addonpack
[16Aug2026 02:44:21.084] [main/ERROR] [net.threetag.palladium.Palladium/]: Cannot invoke "net.threetag.palladium.addonpack.PackData.getId()" because "packData" is null
[16Aug2026 02:44:21.085] [main/INFO] [net.threetag.palladium.Palladium/]: Skipping mod:lagless as it's not been marked as an addonpack
[16Aug2026 02:44:21.085] [main/ERROR] [net.threetag.palladium.Palladium/]: Cannot invoke "net.threetag.palladium.addonpack.PackData.getId()" because "packData" is null
[16Aug2026 02:44:21.085] [main/INFO] [net.threetag.palladium.Palladium/]: Skipping mod:leaky as it's not been marked as an addonpack
[16Aug2026 02:44:21.085] [main/ERROR] [net.threetag.palladium.Palladium/]: Cannot invoke "net.threetag.palladium.addonpack.PackData.getId()" because "packData" is null
[16Aug2026 02:44:21.085] [main/INFO] [net.threetag.palladium.Palladium/]: Skipping mod:letmedespawn as it's not been marked as an addonpack
[16Aug2026 02:44:21.086] [main/ERROR] [net.threetag.palladium.Palladium/]: Cannot invoke "net.threetag.palladium.addonpack.PackData.getId()" because "packData" is null
[16Aug2026 02:44:21.086] [main/INFO] [net.threetag.palladium.Palladium/]: Skipping mod:limitedchunks as it's not been marked as an addonpack
[16Aug2026 02:44:21.086] [main/ERROR] [net.threetag.palladium.Palladium/]: Cannot invoke "net.threetag.palladium.addonpack.PackData.getId()" because "packData" is null
[16Aug2026 02:44:21.086] [main/INFO] [net.threetag.palladium.Palladium/]: Skipping mod:lithostitched as it's not been marked as an addonpack
[16Aug2026 02:44:21.087] [main/ERROR] [net.threetag.palladium.Palladium/]: Cannot invoke "net.threetag.palladium.addonpack.PackData.getId()" because "packData" is null
[16Aug2026 02:44:21.087] [main/INFO] [net.threetag.palladium.Palladium/]: Skipping mod:lmft as it's not been marked as an addonpack
[16Aug2026 02:44:21.087] [main/ERROR] [net.threetag.palladium.Palladium/]: Cannot invoke "net.threetag.palladium.addonpack.PackData.getId()" because "packData" is null
[16Aug2026 02:44:21.087] [main/INFO] [net.threetag.palladium.Palladium/]: Skipping mod:logbegone as it's not been marked as an addonpack
[16Aug2026 02:44:21.088] [main/ERROR] [net.threetag.palladium.Palladium/]: Cannot invoke "net.threetag.palladium.addonpack.PackData.getId()" because "packData" is null
[16Aug2026 02:44:21.088] [main/INFO] [net.threetag.palladium.Palladium/]: Skipping mod:luckperms as it's not been marked as an addonpack
[16Aug2026 02:44:21.088] [main/ERROR] [net.threetag.palladium.Palladium/]: Cannot invoke "net.threetag.palladium.addonpack.PackData.getId()" because "packData" is null
[16Aug2026 02:44:21.088] [main/INFO] [net.threetag.palladium.Palladium/]: Skipping mod:mcjtylib as it's not been marked as an addonpack
[16Aug2026 02:44:21.089] [main/ERROR] [net.threetag.palladium.Palladium/]: Cannot invoke "net.threetag.palladium.addonpack.PackData.getId()" because "packData" is null
[16Aug2026 02:44:21.089] [main/INFO] [net.threetag.palladium.Palladium/]: Skipping mod:mixinsquared as it's not been marked as an addonpack
[16Aug2026 02:44:21.090] [main/ERROR] [net.threetag.palladium.Palladium/]: Cannot invoke "net.threetag.palladium.addonpack.PackData.getId()" because "packData" is null
[16Aug2026 02:44:21.090] [main/INFO] [net.threetag.palladium.Palladium/]: Skipping mod:mixintrace as it's not been marked as an addonpack
[16Aug2026 02:44:21.090] [main/ERROR] [net.threetag.palladium.Palladium/]: Cannot invoke "net.threetag.palladium.addonpack.PackData.getId()" because "packData" is null
[16Aug2026 02:44:21.090] [main/INFO] [net.threetag.palladium.Palladium/]: Skipping mod:mobcatcher as it's not been marked as an addonpack
[16Aug2026 02:44:21.091] [main/ERROR] [net.threetag.palladium.Palladium/]: Cannot invoke "net.threetag.palladium.addonpack.PackData.getId()" because "packData" is null
[16Aug2026 02:44:21.091] [main/INFO] [net.threetag.palladium.Palladium/]: Skipping mod:modernfix as it's not been marked as an addonpack
[16Aug2026 02:44:21.091] [main/ERROR] [net.threetag.palladium.Palladium/]: Cannot invoke "net.threetag.palladium.addonpack.PackData.getId()" because "packData" is null
[16Aug2026 02:44:21.091] [main/INFO] [net.threetag.palladium.Palladium/]: Skipping mod:modfixer as it's not been marked as an addonpack
[16Aug2026 02:44:21.092] [main/ERROR] [net.threetag.palladium.Palladium/]: Cannot invoke "net.threetag.palladium.addonpack.PackData.getId()" because "packData" is null
[16Aug2026 02:44:21.092] [main/INFO] [net.threetag.palladium.Palladium/]: Skipping mod:monolib as it's not been marked as an addonpack
[16Aug2026 02:44:21.092] [main/ERROR] [net.threetag.palladium.Palladium/]: Cannot invoke "net.threetag.palladium.addonpack.PackData.getId()" because "packData" is null
[16Aug2026 02:44:21.092] [main/INFO] [net.threetag.palladium.Palladium/]: Skipping mod:moonlight as it's not been marked as an addonpack
[16Aug2026 02:44:21.093] [main/ERROR] [net.threetag.palladium.Palladium/]: Cannot invoke "net.threetag.palladium.addonpack.PackData.getId()" because "packData" is null
[16Aug2026 02:44:21.093] [main/INFO] [net.threetag.palladium.Palladium/]: Skipping mod:mr_omnicut_betterwoodstonecutter as it's not been marked as an addonpack
[16Aug2026 02:44:21.093] [main/ERROR] [net.threetag.palladium.Palladium/]: Cannot invoke "net.threetag.palladium.addonpack.PackData.getId()" because "packData" is null
[16Aug2026 02:44:21.093] [main/INFO] [net.threetag.palladium.Palladium/]: Skipping mod:name_tag_backport as it's not been marked as an addonpack
[16Aug2026 02:44:21.094] [main/ERROR] [net.threetag.palladium.Palladium/]: Cannot invoke "net.threetag.palladium.addonpack.PackData.getId()" because "packData" is null
[16Aug2026 02:44:21.094] [main/INFO] [net.threetag.palladium.Palladium/]: Skipping mod:neruina as it's not been marked as an addonpack
[16Aug2026 02:44:21.094] [main/ERROR] [net.threetag.palladium.Palladium/]: Cannot invoke "net.threetag.palladium.addonpack.PackData.getId()" because "packData" is null
[16Aug2026 02:44:21.094] [main/INFO] [net.threetag.palladium.Palladium/]: Skipping mod:netherportalfix as it's not been marked as an addonpack
[16Aug2026 02:44:21.095] [main/ERROR] [net.threetag.palladium.Palladium/]: Cannot invoke "net.threetag.palladium.addonpack.PackData.getId()" because "packData" is null
[16Aug2026 02:44:21.095] [main/INFO] [net.threetag.palladium.Palladium/]: Skipping mod:noopport as it's not been marked as an addonpack
[16Aug2026 02:44:21.095] [main/ERROR] [net.threetag.palladium.Palladium/]: Cannot invoke "net.threetag.palladium.addonpack.PackData.getId()" because "packData" is null
[16Aug2026 02:44:21.096] [main/INFO] [net.threetag.palladium.Palladium/]: Skipping mod:openpartiesandclaims as it's not been marked as an addonpack
[16Aug2026 02:44:21.096] [main/ERROR] [net.threetag.palladium.Palladium/]: Cannot invoke "net.threetag.palladium.addonpack.PackData.getId()" because "packData" is null
[16Aug2026 02:44:21.096] [main/INFO] [net.threetag.palladium.Palladium/]: Skipping mod:overflowingbars as it's not been marked as an addonpack
[16Aug2026 02:44:21.096] [main/ERROR] [net.threetag.palladium.Palladium/]: Cannot invoke "net.threetag.palladium.addonpack.PackData.getId()" because "packData" is null
[16Aug2026 02:44:21.096] [main/INFO] [net.threetag.palladium.Palladium/]: Skipping mod:packetfixer as it's not been marked as an addonpack
[16Aug2026 02:44:21.097] [main/ERROR] [net.threetag.palladium.Palladium/]: Cannot invoke "net.threetag.palladium.addonpack.PackData.getId()" because "packData" is null
[16Aug2026 02:44:21.097] [main/INFO] [net.threetag.palladium.Palladium/]: Skipping mod:palladium as it's not been marked as an addonpack
[16Aug2026 02:44:21.097] [main/ERROR] [net.threetag.palladium.Palladium/]: Cannot invoke "net.threetag.palladium.addonpack.PackData.getId()" because "packData" is null
[16Aug2026 02:44:21.097] [main/INFO] [net.threetag.palladium.Palladium/]: Skipping mod:palladiumcore as it's not been marked as an addonpack
[16Aug2026 02:44:21.098] [main/ERROR] [net.threetag.palladium.Palladium/]: Cannot invoke "net.threetag.palladium.addonpack.PackData.getId()" because "packData" is null
[16Aug2026 02:44:21.098] [main/INFO] [net.threetag.palladium.Palladium/]: Skipping mod:pantheonsent as it's not been marked as an addonpack
[16Aug2026 02:44:21.098] [main/ERROR] [net.threetag.palladium.Palladium/]: Cannot invoke "net.threetag.palladium.addonpack.PackData.getId()" because "packData" is null
[16Aug2026 02:44:21.098] [main/INFO] [net.threetag.palladium.Palladium/]: Skipping mod:paraglider as it's not been marked as an addonpack
[16Aug2026 02:44:21.099] [main/ERROR] [net.threetag.palladium.Palladium/]: Cannot invoke "net.threetag.palladium.addonpack.PackData.getId()" because "packData" is null
[16Aug2026 02:44:21.099] [main/INFO] [net.threetag.palladium.Palladium/]: Skipping mod:patchouli as it's not been marked as an addonpack
[16Aug2026 02:44:21.099] [main/ERROR] [net.threetag.palladium.Palladium/]: Cannot invoke "net.threetag.palladium.addonpack.PackData.getId()" because "packData" is null
[16Aug2026 02:44:21.100] [main/INFO] [net.threetag.palladium.Palladium/]: Skipping mod:pehkui as it's not been marked as an addonpack
[16Aug2026 02:44:21.100] [main/ERROR] [net.threetag.palladium.Palladium/]: Cannot invoke "net.threetag.palladium.addonpack.PackData.getId()" because "packData" is null
[16Aug2026 02:44:21.100] [main/INFO] [net.threetag.palladium.Palladium/]: Skipping mod:piggyback as it's not been marked as an addonpack
[16Aug2026 02:44:21.100] [main/ERROR] [net.threetag.palladium.Palladium/]: Cannot invoke "net.threetag.palladium.addonpack.PackData.getId()" because "packData" is null
[16Aug2026 02:44:21.101] [main/INFO] [net.threetag.palladium.Palladium/]: Skipping mod:placebo as it's not been marked as an addonpack
[16Aug2026 02:44:21.101] [main/ERROR] [net.threetag.palladium.Palladium/]: Cannot invoke "net.threetag.palladium.addonpack.PackData.getId()" because "packData" is null
[16Aug2026 02:44:21.102] [main/INFO] [net.threetag.palladium.Palladium/]: Skipping mod:platform as it's not been marked as an addonpack
[16Aug2026 02:44:21.102] [main/ERROR] [net.threetag.palladium.Palladium/]: Cannot invoke "net.threetag.palladium.addonpack.PackData.getId()" because "packData" is null
[16Aug2026 02:44:21.103] [main/INFO] [net.threetag.palladium.Palladium/]: Skipping mod:playeranimator as it's not been marked as an addonpack
[16Aug2026 02:44:21.103] [main/ERROR] [net.threetag.palladium.Palladium/]: Cannot invoke "net.threetag.palladium.addonpack.PackData.getId()" because "packData" is null
[16Aug2026 02:44:21.103] [main/INFO] [net.threetag.palladium.Palladium/]: Skipping mod:poison_dragons as it's not been marked as an addonpack
[16Aug2026 02:44:21.103] [main/ERROR] [net.threetag.palladium.Palladium/]: Cannot invoke "net.threetag.palladium.addonpack.PackData.getId()" because "packData" is null
[16Aug2026 02:44:21.104] [main/INFO] [net.threetag.palladium.Palladium/]: Skipping mod:polymorph as it's not been marked as an addonpack
[16Aug2026 02:44:21.104] [main/ERROR] [net.threetag.palladium.Palladium/]: Cannot invoke "net.threetag.palladium.addonpack.PackData.getId()" because "packData" is null
[16Aug2026 02:44:21.104] [main/INFO] [net.threetag.palladium.Palladium/]: Skipping mod:portfolio as it's not been marked as an addonpack
[16Aug2026 02:44:21.104] [main/ERROR] [net.threetag.palladium.Palladium/]: Cannot invoke "net.threetag.palladium.addonpack.PackData.getId()" because "packData" is null
[16Aug2026 02:44:21.105] [main/INFO] [net.threetag.palladium.Palladium/]: Skipping mod:potions_backport as it's not been marked as an addonpack
[16Aug2026 02:44:21.105] [main/ERROR] [net.threetag.palladium.Palladium/]: Cannot invoke "net.threetag.palladium.addonpack.PackData.getId()" because "packData" is null
[16Aug2026 02:44:21.105] [main/INFO] [net.threetag.palladium.Palladium/]: Skipping mod:primal as it's not been marked as an addonpack
[16Aug2026 02:44:21.105] [main/ERROR] [net.threetag.palladium.Palladium/]: Cannot invoke "net.threetag.palladium.addonpack.PackData.getId()" because "packData" is null
[16Aug2026 02:44:21.106] [main/INFO] [net.threetag.palladium.Palladium/]: Skipping mod:puzzlesaccessapi as it's not been marked as an addonpack
[16Aug2026 02:44:21.106] [main/ERROR] [net.threetag.palladium.Palladium/]: Cannot invoke "net.threetag.palladium.addonpack.PackData.getId()" because "packData" is null
[16Aug2026 02:44:21.106] [main/INFO] [net.threetag.palladium.Palladium/]: Skipping mod:puzzleslib as it's not been marked as an addonpack
[16Aug2026 02:44:21.106] [main/ERROR] [net.threetag.palladium.Palladium/]: Cannot invoke "net.threetag.palladium.addonpack.PackData.getId()" because "packData" is null
[16Aug2026 02:44:21.107] [main/INFO] [net.threetag.palladium.Palladium/]: Skipping mod:quark as it's not been marked as an addonpack
[16Aug2026 02:44:21.107] [main/ERROR] [net.threetag.palladium.Palladium/]: Cannot invoke "net.threetag.palladium.addonpack.PackData.getId()" because "packData" is null
[16Aug2026 02:44:21.107] [main/INFO] [net.threetag.palladium.Palladium/]: Skipping mod:quickskin as it's not been marked as an addonpack
[16Aug2026 02:44:21.107] [main/ERROR] [net.threetag.palladium.Palladium/]: Cannot invoke "net.threetag.palladium.addonpack.PackData.getId()" because "packData" is null
[16Aug2026 02:44:21.107] [main/INFO] [net.threetag.palladium.Palladium/]: Skipping mod:randomisfits as it's not been marked as an addonpack
[16Aug2026 02:44:21.108] [main/ERROR] [net.threetag.palladium.Palladium/]: Cannot invoke "net.threetag.palladium.addonpack.PackData.getId()" because "packData" is null
[16Aug2026 02:44:21.108] [main/INFO] [net.threetag.palladium.Palladium/]: Skipping mod:recipeessentials as it's not been marked as an addonpack
[16Aug2026 02:44:21.108] [main/ERROR] [net.threetag.palladium.Palladium/]: Cannot invoke "net.threetag.palladium.addonpack.PackData.getId()" because "packData" is null
[16Aug2026 02:44:21.109] [main/INFO] [net.threetag.palladium.Palladium/]: Skipping mod:resourcefulconfig as it's not been marked as an addonpack
[16Aug2026 02:44:21.109] [main/ERROR] [net.threetag.palladium.Palladium/]: Cannot invoke "net.threetag.palladium.addonpack.PackData.getId()" because "packData" is null
[16Aug2026 02:44:21.109] [main/INFO] [net.threetag.palladium.Palladium/]: Skipping mod:resourcefullib as it's not been marked as an addonpack
[16Aug2026 02:44:21.109] [main/ERROR] [net.threetag.palladium.Palladium/]: Cannot invoke "net.threetag.palladium.addonpack.PackData.getId()" because "packData" is null
[16Aug2026 02:44:21.110] [main/INFO] [net.threetag.palladium.Palladium/]: Skipping mod:rftoolsbase as it's not been marked as an addonpack
[16Aug2026 02:44:21.110] [main/ERROR] [net.threetag.palladium.Palladium/]: Cannot invoke "net.threetag.palladium.addonpack.PackData.getId()" because "packData" is null
[16Aug2026 02:44:21.110] [main/INFO] [net.threetag.palladium.Palladium/]: Skipping mod:rftoolspower as it's not been marked as an addonpack
[16Aug2026 02:44:21.110] [main/ERROR] [net.threetag.palladium.Palladium/]: Cannot invoke "net.threetag.palladium.addonpack.PackData.getId()" because "packData" is null
[16Aug2026 02:44:21.111] [main/INFO] [net.threetag.palladium.Palladium/]: Skipping mod:rhino as it's not been marked as an addonpack
[16Aug2026 02:44:21.111] [main/ERROR] [net.threetag.palladium.Palladium/]: Cannot invoke "net.threetag.palladium.addonpack.PackData.getId()" because "packData" is null
[16Aug2026 02:44:21.111] [main/INFO] [net.threetag.palladium.Palladium/]: Skipping mod:riding_partners as it's not been marked as an addonpack
[16Aug2026 02:44:21.111] [main/ERROR] [net.threetag.palladium.Palladium/]: Cannot invoke "net.threetag.palladium.addonpack.PackData.getId()" because "packData" is null
[16Aug2026 02:44:21.112] [main/INFO] [net.threetag.palladium.Palladium/]: Skipping mod:seadwellers as it's not been marked as an addonpack
[16Aug2026 02:44:21.112] [main/ERROR] [net.threetag.palladium.Palladium/]: Cannot invoke "net.threetag.palladium.addonpack.PackData.getId()" because "packData" is null
[16Aug2026 02:44:21.112] [main/INFO] [net.threetag.palladium.Palladium/]: Skipping mod:servercore as it's not been marked as an addonpack
[16Aug2026 02:44:21.112] [main/ERROR] [net.threetag.palladium.Palladium/]: Cannot invoke "net.threetag.palladium.addonpack.PackData.getId()" because "packData" is null
[16Aug2026 02:44:21.113] [main/INFO] [net.threetag.palladium.Palladium/]: Skipping mod:sherdsapi as it's not been marked as an addonpack
[16Aug2026 02:44:21.113] [main/ERROR] [net.threetag.palladium.Palladium/]: Cannot invoke "net.threetag.palladium.addonpack.PackData.getId()" because "packData" is null
[16Aug2026 02:44:21.113] [main/INFO] [net.threetag.palladium.Palladium/]: Skipping mod:smoothchunk as it's not been marked as an addonpack
[16Aug2026 02:44:21.114] [main/ERROR] [net.threetag.palladium.Palladium/]: Cannot invoke "net.threetag.palladium.addonpack.PackData.getId()" because "packData" is null
[16Aug2026 02:44:21.114] [main/INFO] [net.threetag.palladium.Palladium/]: Skipping mod:smoothmovement as it's not been marked as an addonpack
[16Aug2026 02:44:21.114] [main/ERROR] [net.threetag.palladium.Palladium/]: Cannot invoke "net.threetag.palladium.addonpack.PackData.getId()" because "packData" is null
[16Aug2026 02:44:21.114] [main/INFO] [net.threetag.palladium.Palladium/]: Skipping mod:sophisticatedbackpacks as it's not been marked as an addonpack
[16Aug2026 02:44:21.115] [main/ERROR] [net.threetag.palladium.Palladium/]: Cannot invoke "net.threetag.palladium.addonpack.PackData.getId()" because "packData" is null
[16Aug2026 02:44:21.115] [main/INFO] [net.threetag.palladium.Palladium/]: Skipping mod:sophisticatedcore as it's not been marked as an addonpack
[16Aug2026 02:44:21.115] [main/ERROR] [net.threetag.palladium.Palladium/]: Cannot invoke "net.threetag.palladium.addonpack.PackData.getId()" because "packData" is null
[16Aug2026 02:44:21.116] [main/INFO] [net.threetag.palladium.Palladium/]: Skipping mod:sophisticateditemactions as it's not been marked as an addonpack
[16Aug2026 02:44:21.116] [main/ERROR] [net.threetag.palladium.Palladium/]: Cannot invoke "net.threetag.palladium.addonpack.PackData.getId()" because "packData" is null
[16Aug2026 02:44:21.116] [main/INFO] [net.threetag.palladium.Palladium/]: Skipping mod:spectrelib as it's not been marked as an addonpack
[16Aug2026 02:44:21.116] [main/ERROR] [net.threetag.palladium.Palladium/]: Cannot invoke "net.threetag.palladium.addonpack.PackData.getId()" because "packData" is null
[16Aug2026 02:44:21.117] [main/INFO] [net.threetag.palladium.Palladium/]: Skipping mod:structureessentials as it's not been marked as an addonpack
[16Aug2026 02:44:21.117] [main/ERROR] [net.threetag.palladium.Palladium/]: Cannot invoke "net.threetag.palladium.addonpack.PackData.getId()" because "packData" is null
[16Aug2026 02:44:21.117] [main/INFO] [net.threetag.palladium.Palladium/]: Skipping mod:terramity as it's not been marked as an addonpack
[16Aug2026 02:44:21.118] [main/ERROR] [net.threetag.palladium.Palladium/]: Cannot invoke "net.threetag.palladium.addonpack.PackData.getId()" because "packData" is null
[16Aug2026 02:44:21.118] [main/INFO] [net.threetag.palladium.Palladium/]: Skipping mod:trashslot as it's not been marked as an addonpack
[16Aug2026 02:44:21.118] [main/ERROR] [net.threetag.palladium.Palladium/]: Cannot invoke "net.threetag.palladium.addonpack.PackData.getId()" because "packData" is null
[16Aug2026 02:44:21.118] [main/INFO] [net.threetag.palladium.Palladium/]: Skipping mod:traversable_leaves as it's not been marked as an addonpack
[16Aug2026 02:44:21.119] [main/ERROR] [net.threetag.palladium.Palladium/]: Cannot invoke "net.threetag.palladium.addonpack.PackData.getId()" because "packData" is null
[16Aug2026 02:44:21.119] [main/INFO] [net.threetag.palladium.Palladium/]: Skipping mod:underlay as it's not been marked as an addonpack
[16Aug2026 02:44:21.119] [main/ERROR] [net.threetag.palladium.Palladium/]: Cannot invoke "net.threetag.palladium.addonpack.PackData.getId()" because "packData" is null
[16Aug2026 02:44:21.119] [main/INFO] [net.threetag.palladium.Palladium/]: Skipping mod:uranus as it's not been marked as an addonpack
[16Aug2026 02:44:21.120] [main/ERROR] [net.threetag.palladium.Palladium/]: Cannot invoke "net.threetag.palladium.addonpack.PackData.getId()" because "packData" is null
[16Aug2026 02:44:21.120] [main/INFO] [net.threetag.palladium.Palladium/]: Skipping mod:vanillabackport as it's not been marked as an addonpack
[16Aug2026 02:44:21.120] [main/ERROR] [net.threetag.palladium.Palladium/]: Cannot invoke "net.threetag.palladium.addonpack.PackData.getId()" because "packData" is null
[16Aug2026 02:44:21.121] [main/INFO] [net.threetag.palladium.Palladium/]: Skipping mod:vmod as it's not been marked as an addonpack
[16Aug2026 02:44:21.121] [main/ERROR] [net.threetag.palladium.Palladium/]: Cannot invoke "net.threetag.palladium.addonpack.PackData.getId()" because "packData" is null
[16Aug2026 02:44:21.121] [main/INFO] [net.threetag.palladium.Palladium/]: Skipping mod:whitenoise as it's not been marked as an addonpack
[16Aug2026 02:44:21.121] [main/ERROR] [net.threetag.palladium.Palladium/]: Cannot invoke "net.threetag.palladium.addonpack.PackData.getId()" because "packData" is null
[16Aug2026 02:44:21.122] [main/INFO] [net.threetag.palladium.Palladium/]: Skipping mod:xfermium as it's not been marked as an addonpack
[16Aug2026 02:44:21.122] [main/ERROR] [net.threetag.palladium.Palladium/]: Cannot invoke "net.threetag.palladium.addonpack.PackData.getId()" because "packData" is null
[16Aug2026 02:44:21.122] [main/INFO] [net.threetag.palladium.Palladium/]: Skipping mod:xpbook as it's not been marked as an addonpack
[16Aug2026 02:44:21.122] [main/ERROR] [net.threetag.palladium.Palladium/]: Cannot invoke "net.threetag.palladium.addonpack.PackData.getId()" because "packData" is null
[16Aug2026 02:44:21.123] [main/INFO] [net.threetag.palladium.Palladium/]: Skipping mod:zeta as it's not been marked as an addonpack
[16Aug2026 02:44:21.123] [main/ERROR] [net.threetag.palladium.Palladium/]: Cannot invoke "net.threetag.palladium.addonpack.PackData.getId()" because "packData" is null
[16Aug2026 02:44:21.123] [main/INFO] [net.threetag.palladium.Palladium/]: Skipping mod:zfastnoise as it's not been marked as an addonpack
[16Aug2026 02:44:21.123] [main/ERROR] [net.threetag.palladium.Palladium/]: Cannot invoke "net.threetag.palladium.addonpack.PackData.getId()" because "packData" is null
[16Aug2026 02:44:21.129] [main/INFO] [net.minecraft.server.packs.resources.ReloadableResourceManager/]: Reloading ResourceManager: actuallyharvest-1.20.1-1.1.4.0-FORGE.jar, IntoTheOmniverse-v1.0.6.jar, AeroFlame.jar, AI-Improvements-1.20-0.5.2.jar, AlienEvo-1.1.3-forge.jar, aliens_reworked-1.0.0-forge.jar, alltheleaks-1.1.1+1.20.1-forge.jar, almanac-1.20.x-forge-1.0.2.jar, alternate_current-mc1.20-1.7.0.jar, ambient_rain_fog-1.0.0-forge-1.20.1.jar, amped-1.0.1.jar, architectury-9.2.14-forge.jar, AttributeFix-Forge-1.20.1-21.0.5.jar, azurelib-neo-1.20.1-3.1.12.jar, backport-1.0.3+mc1.20.1-forge.jar, baguettelib-1.20.1-Forge-1.1.6.jar, balm-forge-1.20.1-7.3.42.jar, betterchunkloading-1.20.1-5.4.jar, betterspawnercontrol-1.20.1-4.7.jar, BHMod-1.1.2.jar, blueprint-1.20.1-7.1.4.jar, brutalbosses-1.20.1-8.5.jar, caelus-forge-3.2.0+1.20.1.jar, CarbonConfig-1.20-2.0.2.1.jar, carryon-forge-1.20.1-2.1.2.7.jar, chromastone-1.9_FIX_JAR.jar, Deus Chrono-Machina-6.8+1.20.1-forge.jar, chunksending-1.20.1-2.8.jar, Chunky-1.3.146.jar, citadel-2.6.3-1.20.1.jar, cloth-config-11.1.136-forge.jar, Clumps-forge-1.20.1-12.0.0.4.jar, collective-1.20.1-8.39.jar, configlibtxf-1.20.1-2.0.3-forge.jar, configured-forge-1.20.1-2.2.3.jar, connectivity-1.20.1-7.6.jar, copperagebackport-forge-1.20.1-0.1.4.jar, Corgilib-Forge-1.20.1-4.0.3.4.jar, corpse-forge-1.20.1-1.0.23.jar, corpsecurioscompat-1.20.1-Forge-4.0.1.jar, cosmeticarmorreworked-1.20.1-v1a.jar, cosmeticcorpsecompat-1.20.1-Forge-4.0.1.jar, cupboard-1.20.1-3.9.jar, curios-forge-5.14.1+1.20.1.jar, disenchanting_table-merged-1.20.1-5.0.2.jar, alien_evo_addon_more_ores-1.2.1-forge-1.20.1.jar, evercrops-1.20.1-4.0.0.jar, everfurnace-1.20.1-3.2.0.jar, faewulf_lib-forge-1.20.1-1.3.2.jar, FallingTree-1.20.1-4.3.4.jar, fastasyncworldsave-1.20.1-2.6.jar, FastFurnace-1.20.1-8.0.2.jar, FastItemFrames-v20.1.5-1.20.1-Forge.jar, fastpaintings-1.20-1.2.7.jar, Female-Aliens.jar, ferritecore-6.0.1-forge.jar, fieldguide-forge-1.20.1-1.8.4.jar, Wildvine(1.0.3).jar, FokusAPI-v4.5_MOD.jar, forge-1.20.1-47.4.1-universal.jar, FSang18's Heroes v12.4.1.jar, ftb-essentials-forge-2001.2.4.jar, ftb-library-forge-2001.2.13.jar, gallery-1.20.1-1.0.3.jar, anvil_fix.jar, gbf-1.0.2.jar, geckolib-forge-1.20.1-4.8.4.jar, golden_dandelion_in_different_version-1.2.0.jar, golemoverhaul-forge-1.20.1-1.1.1.jar, gpumemleakfix-1.20.1-1.8.jar, guardvillagers-1.20.1-1.6.18.jar, holdmybeer-1.20.1-1.2.3.jar, hyrule_terrors-1.20-forge-2.2.0.jar, IceAndFireCE-1.2.7-1.20.1-forge.jar, imfast-FORGE-1.20.1-1.0.2.jar, immersive_optimization-forge-1.20.1-0.2.0.jar, Incendium_1.20.x_v5.3.5.jar, inventoryessentials-forge-1.20.1-8.2.18.jar, jei-1.20.1-forge-15.49.0.188.jar, jupiter-2.3.7-1.20.1-forge.jar, kffmod-4.12.0.jar, KryptonReforged-0.2.3.jar, kubejs-forge-2001.6.5-build.26.jar, kuma-api-forge-20.1.12+1.20.1.jar, labels-1.20-2.0.0.jar, lagless-1.0.0.jar, leaky-1.20.1-2.3.jar, letmedespawn-1.20.x-forge-1.5.0.jar, limitedchunks-1.20.1-4.1.jar, lithostitched-forge-1.20.1-1.4.11.jar, lmft-1.0.4+1.20.1-forge.jar, Log-Begone-Forge-1.20.1-1.0.8.jar, LuckPerms-Forge-5.4.102.jar, mcjtylib-1.20-8.0.8.jar, mixinsquared-forge-0.3.6-beta.1.jar, mixintrace-1.0-1.20.1-forge.jar, mobcatcher-1.20.1-0.jar, modernfix-forge-5.26.2+mc1.20.1.jar, modfixer-0.0.5.jar, monolib-forge-1.20.1-4.1.0.jar, moonlight-1.20-2.16.28-forge.jar, omnicut-better-wood-stone-cutter-v1.107.0.jar, name-tag-crafting-backport-v1.0.1.jar, neruina-3.3.3+1.20.1-forge.jar, netherportalfix-forge-1.20-13.0.1.jar, noopport-1.20.1-1.0.0.jar, omni_evo_1.0.6.jar, omni_evo_aliens-1.0.1.jar, omni-extras(1.0.7.3).jar, OmniTime 1.0.1.jar, open-parties-and-claims-forge-1.20.1-0.29.2.jar, OverflowingBars-v8.0.1-1.20.1-Forge.jar, packetfixer-3.3.2-1.18-1.20.4-merged.jar, palladium-4.5.8+1.20.1-forge.jar, palladiumcore-forge-1.0.1+1.20.1-forge.jar, pantheonsent-1.1.1+1.20.1-forge.jar, Paraglider-forge-20.1.3.jar, Patchouli-1.20.1-85-FORGE.jar, Pehkui-3.8.2+1.20.1-forge.jar, piggyback-forge-1.20.1-1.1.1.jar, Placebo-1.20.1-8.6.3.jar, Platform-forge-1.20.1-1.3.4.jar, player-animation-lib-forge-1.0.2-rc1+1.20.jar, poison_dragons-community-0.4.jar, polymorph-forge-0.49.10+1.20.1.jar, portfolio-1.20.1-1.5.0-forge.jar, potions_backport-1.0.0-forge-1.20.1.jar, primal-1.1.6+1.20.1.jar, puzzlesaccessapi-forge-20.1.1.jar, PuzzlesLib-v8.1.33-1.20.1-Forge.jar, Quark-4.0-462.jar, Quick Skin - Forge - 1.20.1-2.6.2.4.jar, randomisfits-1.20.1-1.3.5-forge.jar, recipeessentials-1.20.1-4.0.jar, resourcefulconfig-forge-1.20.1-2.1.3.jar, resourcefullib-forge-1.20.1-2.1.29.jar, rftoolsbase-1.20-5.0.7.jar, rftoolspower-1.20-6.0.3.jar, rhino-forge-2001.2.3-build.10.jar, riding_partners-forge-1.0.0.jar, realmrpg_seadwellers_2.9.9_forge_1.20.1.jar, servercore-forge-1.5.2+1.20.1.jar, sherdsapi-4.0.4+Forge.jar, shout-1.0.3.jar, smoothchunk-1.20.1-4.1.jar, smoothmovement-1.20.1-2.6.jar, sophisticatedbackpacks-1.20.1-3.24.62.2017.jar, sophisticatedcore-1.20.1-1.3.79.2250.jar, sophisticateditemactions-1.20.1-0.4.14.387.jar, spectrelib-forge-0.13.17+1.20.1.jar, spidermonkey-1.0.1.jar, stretchakln-tokustar.jar, structureessentials-1.20.1-5.0.jar, terramity-0.9.8-forge-1.20.1.jar, trashslot-forge-1.20.1-15.1.5.jar, traversable_leaves-2.1.0-1.20.1.jar, underlay-1.0.3-forge-mc1.20.1.jar, uranus-2.2.6-bugfix.2-1.20.1-forge.jar, VanillaBackport-forge-1.20.1-1.1.7.10.jar, Vanishmod-1.20.1-1.1.21.jar, whitenoise-1.20.1-forge-1.1.1.jar, XFermium-v1.1.5_MOD.jar, xptome-1.20.1-2.2.1.jar, Zeta-1.0-31.jar, zfastnoise-1.0.13+1.20+forge.jar
[16Aug2026 02:44:21.324] [main/INFO] [net.threetag.palladium.Palladium/]: Registered 18 addonpack creative_mode_tab
[16Aug2026 02:44:21.325] [main/INFO] [net.threetag.palladium.Palladium/]: Registered 13 addonpack armor materials
[16Aug2026 02:44:21.326] [main/INFO] [net.threetag.palladium.Palladium/]: Registered 6 addonpack tool tiers
[16Aug2026 02:44:21.330] [main/INFO] [net.threetag.palladium.Palladium/]: Registered 22 addonpack block
[16Aug2026 02:44:21.344] [main/INFO] [net.threetag.palladium.Palladium/]: Registered 622 addonpack item
[16Aug2026 02:44:21.371] [main/INFO] [net.threetag.palladium.Palladium/]: Registered 271 addonpack suit_set
[16Aug2026 02:44:21.375] [main/INFO] [net.threetag.palladium.Palladium/]: Registered 79 addonpack particle_type
[16Aug2026 02:44:21.375] [main/INFO] [net.threetag.palladium.Palladium/]: Registered 4 addonpack point_of_interest_type
[16Aug2026 02:44:21.375] [main/INFO] [net.threetag.palladium.Palladium/]: Registered 3 addonpack villager_profession
[16Aug2026 02:44:21.379] [main/INFO] [net.threetag.palladium.Palladium/]: Registered 53 addonpack accessory slots
[16Aug2026 02:44:21.384] [main/INFO] [net.threetag.palladium.Palladium/]: Registered 258 addonpack accessories
[16Aug2026 02:44:21.384] [main/INFO] [net.threetag.palladium.Palladium/]: Finished addonpack initialisation!
[16Aug2026 02:44:23.913] [main/WARN] [dev.architectury.registry.registries.forge.RegistrarManagerImpl/]: Registry entry listened Registry Entry [minecraft:entity_type / iceandfire:siren] was not realized!
[16Aug2026 02:44:23.913] [main/WARN] [dev.architectury.registry.registries.forge.RegistrarManagerImpl/]: Registry entry listened Registry Entry [minecraft:entity_type / iceandfire:amphithere] was not realized!
[16Aug2026 02:44:23.913] [main/WARN] [dev.architectury.registry.registries.forge.RegistrarManagerImpl/]: Registry entry listened Registry Entry [minecraft:entity_type / iceandfire:dread_horse] was not realized!
[16Aug2026 02:44:23.914] [main/WARN] [dev.architectury.registry.registries.forge.RegistrarManagerImpl/]: Registry entry listened Registry Entry [minecraft:entity_type / hyrule_terrors:bokoblin] was not realized!
[16Aug2026 02:44:23.914] [main/WARN] [dev.architectury.registry.registries.forge.RegistrarManagerImpl/]: Registry entry listened Registry Entry [minecraft:entity_type / iceandfire:dread_scuttler] was not realized!
[16Aug2026 02:44:23.914] [main/WARN] [dev.architectury.registry.registries.forge.RegistrarManagerImpl/]: Registry entry listened Registry Entry [minecraft:entity_type / iceandfire:lightning_dragon] was not realized!
[16Aug2026 02:44:23.914] [main/WARN] [dev.architectury.registry.registries.forge.RegistrarManagerImpl/]: Registry entry listened Registry Entry [minecraft:entity_type / iceandfire:dread_lich] was not realized!
[16Aug2026 02:44:23.914] [main/WARN] [dev.architectury.registry.registries.forge.RegistrarManagerImpl/]: Registry entry listened Registry Entry [minecraft:entity_type / iceandfire:hydra] was not realized!
[16Aug2026 02:44:23.914] [main/WARN] [dev.architectury.registry.registries.forge.RegistrarManagerImpl/]: Registry entry listened Registry Entry [minecraft:entity_type / iceandfire:stymphalian_bird] was not realized!
[16Aug2026 02:44:23.914] [main/WARN] [dev.architectury.registry.registries.forge.RegistrarManagerImpl/]: Registry entry listened Registry Entry [minecraft:entity_type / iceandfire:ice_dragon] was not realized!
[16Aug2026 02:44:23.914] [main/WARN] [dev.architectury.registry.registries.forge.RegistrarManagerImpl/]: Registry entry listened Registry Entry [minecraft:entity_type / iceandfire:hippogryph] was not realized!
[16Aug2026 02:44:23.914] [main/WARN] [dev.architectury.registry.registries.forge.RegistrarManagerImpl/]: Registry entry listened Registry Entry [minecraft:entity_type / iceandfire:troll] was not realized!
[16Aug2026 02:44:23.914] [main/WARN] [dev.architectury.registry.registries.forge.RegistrarManagerImpl/]: Registry entry listened Registry Entry [minecraft:entity_type / iceandfire:dread_ghoul] was not realized!
[16Aug2026 02:44:23.914] [main/WARN] [dev.architectury.registry.registries.forge.RegistrarManagerImpl/]: Registry entry listened Registry Entry [minecraft:entity_type / iceandfire:dread_beast] was not realized!
[16Aug2026 02:44:23.914] [main/WARN] [dev.architectury.registry.registries.forge.RegistrarManagerImpl/]: Registry entry listened Registry Entry [minecraft:entity_type / hyrule_terrors:chuchu] was not realized!
[16Aug2026 02:44:23.914] [main/WARN] [dev.architectury.registry.registries.forge.RegistrarManagerImpl/]: Registry entry listened Registry Entry [minecraft:entity_type / iceandfire:pixie] was not realized!
[16Aug2026 02:44:23.914] [main/WARN] [dev.architectury.registry.registries.forge.RegistrarManagerImpl/]: Registry entry listened Registry Entry [minecraft:entity_type / iceandfire:dread_thrall] was not realized!
[16Aug2026 02:44:23.914] [main/WARN] [dev.architectury.registry.registries.forge.RegistrarManagerImpl/]: Registry entry listened Registry Entry [minecraft:entity_type / iceandfire:cockatrice] was not realized!
[16Aug2026 02:44:23.914] [main/WARN] [dev.architectury.registry.registries.forge.RegistrarManagerImpl/]: Registry entry listened Registry Entry [minecraft:entity_type / hyrule_terrors:chuchu_red] was not realized!
[16Aug2026 02:44:23.915] [main/WARN] [dev.architectury.registry.registries.forge.RegistrarManagerImpl/]: Registry entry listened Registry Entry [minecraft:entity_type / iceandfire:gorgon] was not realized!
[16Aug2026 02:44:23.915] [main/WARN] [dev.architectury.registry.registries.forge.RegistrarManagerImpl/]: Registry entry listened Registry Entry [minecraft:entity_type / iceandfire:deathworm] was not realized!
[16Aug2026 02:44:23.915] [main/WARN] [dev.architectury.registry.registries.forge.RegistrarManagerImpl/]: Registry entry listened Registry Entry [minecraft:entity_type / iceandfire:dread_knight] was not realized!
[16Aug2026 02:44:23.915] [main/WARN] [dev.architectury.registry.registries.forge.RegistrarManagerImpl/]: Registry entry listened Registry Entry [minecraft:entity_type / hyrule_terrors:lizalfos] was not realized!
[16Aug2026 02:44:23.915] [main/WARN] [dev.architectury.registry.registries.forge.RegistrarManagerImpl/]: Registry entry listened Registry Entry [minecraft:entity_type / iceandfire:hippocampus] was not realized!
[16Aug2026 02:44:23.915] [main/WARN] [dev.architectury.registry.registries.forge.RegistrarManagerImpl/]: Registry entry listened Registry Entry [minecraft:entity_type / iceandfire:fire_dragon] was not realized!
[16Aug2026 02:44:23.915] [main/WARN] [dev.architectury.registry.registries.forge.RegistrarManagerImpl/]: Registry entry listened Registry Entry [minecraft:entity_type / iceandfire:cyclops] was not realized!
[16Aug2026 02:44:23.915] [main/WARN] [dev.architectury.registry.registries.forge.RegistrarManagerImpl/]: Registry entry listened Registry Entry [minecraft:entity_type / iceandfire:ghost] was not realized!
[16Aug2026 02:44:23.915] [main/WARN] [dev.architectury.registry.registries.forge.RegistrarManagerImpl/]: Registry entry listened Registry Entry [minecraft:entity_type / hyrule_terrors:keese] was not realized!
[16Aug2026 02:44:23.915] [main/WARN] [dev.architectury.registry.registries.forge.RegistrarManagerImpl/]: Registry entry listened Registry Entry [minecraft:entity_type / iceandfire:sea_serpent] was not realized!
[16Aug2026 02:44:23.915] [main/WARN] [dev.architectury.registry.registries.forge.RegistrarManagerImpl/]: Registry entry listened Registry Entry [minecraft:entity_type / iceandfire:siren] was not realized!
[16Aug2026 02:44:23.915] [main/WARN] [dev.architectury.registry.registries.forge.RegistrarManagerImpl/]: Registry entry listened Registry Entry [minecraft:entity_type / iceandfire:amphithere] was not realized!
[16Aug2026 02:44:23.915] [main/WARN] [dev.architectury.registry.registries.forge.RegistrarManagerImpl/]: Registry entry listened Registry Entry [minecraft:entity_type / iceandfire:dread_horse] was not realized!
[16Aug2026 02:44:23.915] [main/WARN] [dev.architectury.registry.registries.forge.RegistrarManagerImpl/]: Registry entry listened Registry Entry [minecraft:entity_type / hyrule_terrors:bokoblin] was not realized!
[16Aug2026 02:44:23.915] [main/WARN] [dev.architectury.registry.registries.forge.RegistrarManagerImpl/]: Registry entry listened Registry Entry [minecraft:entity_type / iceandfire:dread_scuttler] was not realized!
[16Aug2026 02:44:23.916] [main/WARN] [dev.architectury.registry.registries.forge.RegistrarManagerImpl/]: Registry entry listened Registry Entry [minecraft:entity_type / iceandfire:lightning_dragon] was not realized!
[16Aug2026 02:44:23.916] [main/WARN] [dev.architectury.registry.registries.forge.RegistrarManagerImpl/]: Registry entry listened Registry Entry [minecraft:entity_type / iceandfire:dread_lich] was not realized!
[16Aug2026 02:44:23.916] [main/WARN] [dev.architectury.registry.registries.forge.RegistrarManagerImpl/]: Registry entry listened Registry Entry [minecraft:entity_type / iceandfire:hydra] was not realized!
[16Aug2026 02:44:23.916] [main/WARN] [dev.architectury.registry.registries.forge.RegistrarManagerImpl/]: Registry entry listened Registry Entry [minecraft:entity_type / iceandfire:stymphalian_bird] was not realized!
[16Aug2026 02:44:23.916] [main/WARN] [dev.architectury.registry.registries.forge.RegistrarManagerImpl/]: Registry entry listened Registry Entry [minecraft:entity_type / iceandfire:ice_dragon] was not realized!
[16Aug2026 02:44:23.916] [main/WARN] [dev.architectury.registry.registries.forge.RegistrarManagerImpl/]: Registry entry listened Registry Entry [minecraft:entity_type / iceandfire:hippogryph] was not realized!
[16Aug2026 02:44:23.916] [main/WARN] [dev.architectury.registry.registries.forge.RegistrarManagerImpl/]: Registry entry listened Registry Entry [minecraft:entity_type / iceandfire:troll] was not realized!
[16Aug2026 02:44:23.916] [main/WARN] [dev.architectury.registry.registries.forge.RegistrarManagerImpl/]: Registry entry listened Registry Entry [minecraft:entity_type / iceandfire:dread_ghoul] was not realized!
[16Aug2026 02:44:23.916] [main/WARN] [dev.architectury.registry.registries.forge.RegistrarManagerImpl/]: Registry entry listened Registry Entry [minecraft:entity_type / iceandfire:dread_beast] was not realized!
[16Aug2026 02:44:23.916] [main/WARN] [dev.architectury.registry.registries.forge.RegistrarManagerImpl/]: Registry entry listened Registry Entry [minecraft:entity_type / hyrule_terrors:chuchu] was not realized!
[16Aug2026 02:44:23.916] [main/WARN] [dev.architectury.registry.registries.forge.RegistrarManagerImpl/]: Registry entry listened Registry Entry [minecraft:entity_type / iceandfire:pixie] was not realized!
[16Aug2026 02:44:23.916] [main/WARN] [dev.architectury.registry.registries.forge.RegistrarManagerImpl/]: Registry entry listened Registry Entry [minecraft:entity_type / iceandfire:dread_thrall] was not realized!
[16Aug2026 02:44:23.916] [main/WARN] [dev.architectury.registry.registries.forge.RegistrarManagerImpl/]: Registry entry listened Registry Entry [minecraft:entity_type / iceandfire:cockatrice] was not realized!
[16Aug2026 02:44:23.916] [main/WARN] [dev.architectury.registry.registries.forge.RegistrarManagerImpl/]: Registry entry listened Registry Entry [minecraft:entity_type / hyrule_terrors:chuchu_red] was not realized!
[16Aug2026 02:44:23.916] [main/WARN] [dev.architectury.registry.registries.forge.RegistrarManagerImpl/]: Registry entry listened Registry Entry [minecraft:entity_type / iceandfire:gorgon] was not realized!
[16Aug2026 02:44:23.916] [main/WARN] [dev.architectury.registry.registries.forge.RegistrarManagerImpl/]: Registry entry listened Registry Entry [minecraft:entity_type / iceandfire:deathworm] was not realized!
[16Aug2026 02:44:23.917] [main/WARN] [dev.architectury.registry.registries.forge.RegistrarManagerImpl/]: Registry entry listened Registry Entry [minecraft:entity_type / iceandfire:dread_knight] was not realized!
[16Aug2026 02:44:23.917] [main/WARN] [dev.architectury.registry.registries.forge.RegistrarManagerImpl/]: Registry entry listened Registry Entry [minecraft:entity_type / hyrule_terrors:lizalfos] was not realized!
[16Aug2026 02:44:23.917] [main/WARN] [dev.architectury.registry.registries.forge.RegistrarManagerImpl/]: Registry entry listened Registry Entry [minecraft:entity_type / iceandfire:hippocampus] was not realized!
[16Aug2026 02:44:23.917] [main/WARN] [dev.architectury.registry.registries.forge.RegistrarManagerImpl/]: Registry entry listened Registry Entry [minecraft:entity_type / iceandfire:fire_dragon] was not realized!
[16Aug2026 02:44:23.917] [main/WARN] [dev.architectury.registry.registries.forge.RegistrarManagerImpl/]: Registry entry listened Registry Entry [minecraft:entity_type / iceandfire:cyclops] was not realized!
[16Aug2026 02:44:23.917] [main/WARN] [dev.architectury.registry.registries.forge.RegistrarManagerImpl/]: Registry entry listened Registry Entry [minecraft:entity_type / iceandfire:ghost] was not realized!
[16Aug2026 02:44:23.917] [main/WARN] [dev.architectury.registry.registries.forge.RegistrarManagerImpl/]: Registry entry listened Registry Entry [minecraft:entity_type / hyrule_terrors:keese] was not realized!
[16Aug2026 02:44:23.917] [main/WARN] [dev.architectury.registry.registries.forge.RegistrarManagerImpl/]: Registry entry listened Registry Entry [minecraft:entity_type / iceandfire:sea_serpent] was not realized!
[16Aug2026 02:44:23.936] [main/WARN] [dev.architectury.registry.registries.forge.RegistrarManagerImpl/]: Registry entry listened Registry Entry [minecraft:entity_type / iceandfire:siren] was not realized!
[16Aug2026 02:44:23.936] [main/WARN] [dev.architectury.registry.registries.forge.RegistrarManagerImpl/]: Registry entry listened Registry Entry [minecraft:entity_type / iceandfire:amphithere] was not realized!
[16Aug2026 02:44:23.936] [main/WARN] [dev.architectury.registry.registries.forge.RegistrarManagerImpl/]: Registry entry listened Registry Entry [minecraft:entity_type / iceandfire:dread_horse] was not realized!
[16Aug2026 02:44:23.936] [main/WARN] [dev.architectury.registry.registries.forge.RegistrarManagerImpl/]: Registry entry listened Registry Entry [minecraft:entity_type / hyrule_terrors:bokoblin] was not realized!
[16Aug2026 02:44:23.936] [main/WARN] [dev.architectury.registry.registries.forge.RegistrarManagerImpl/]: Registry entry listened Registry Entry [minecraft:entity_type / iceandfire:dread_scuttler] was not realized!
[16Aug2026 02:44:23.936] [main/WARN] [dev.architectury.registry.registries.forge.RegistrarManagerImpl/]: Registry entry listened Registry Entry [minecraft:entity_type / iceandfire:lightning_dragon] was not realized!
[16Aug2026 02:44:23.936] [main/WARN] [dev.architectury.registry.registries.forge.RegistrarManagerImpl/]: Registry entry listened Registry Entry [minecraft:entity_type / iceandfire:dread_lich] was not realized!
[16Aug2026 02:44:23.936] [main/WARN] [dev.architectury.registry.registries.forge.RegistrarManagerImpl/]: Registry entry listened Registry Entry [minecraft:entity_type / iceandfire:hydra] was not realized!
[16Aug2026 02:44:23.936] [main/WARN] [dev.architectury.registry.registries.forge.RegistrarManagerImpl/]: Registry entry listened Registry Entry [minecraft:entity_type / iceandfire:stymphalian_bird] was not realized!
[16Aug2026 02:44:23.936] [main/WARN] [dev.architectury.registry.registries.forge.RegistrarManagerImpl/]: Registry entry listened Registry Entry [minecraft:entity_type / iceandfire:ice_dragon] was not realized!
[16Aug2026 02:44:23.937] [main/WARN] [dev.architectury.registry.registries.forge.RegistrarManagerImpl/]: Registry entry listened Registry Entry [minecraft:entity_type / iceandfire:hippogryph] was not realized!
[16Aug2026 02:44:23.937] [main/WARN] [dev.architectury.registry.registries.forge.RegistrarManagerImpl/]: Registry entry listened Registry Entry [minecraft:entity_type / iceandfire:troll] was not realized!
[16Aug2026 02:44:23.937] [main/WARN] [dev.architectury.registry.registries.forge.RegistrarManagerImpl/]: Registry entry listened Registry Entry [minecraft:entity_type / iceandfire:dread_ghoul] was not realized!
[16Aug2026 02:44:23.937] [main/WARN] [dev.architectury.registry.registries.forge.RegistrarManagerImpl/]: Registry entry listened Registry Entry [minecraft:entity_type / iceandfire:dread_beast] was not realized!
[16Aug2026 02:44:23.937] [main/WARN] [dev.architectury.registry.registries.forge.RegistrarManagerImpl/]: Registry entry listened Registry Entry [minecraft:entity_type / hyrule_terrors:chuchu] was not realized!
[16Aug2026 02:44:23.937] [main/WARN] [dev.architectury.registry.registries.forge.RegistrarManagerImpl/]: Registry entry listened Registry Entry [minecraft:entity_type / iceandfire:pixie] was not realized!
[16Aug2026 02:44:23.937] [main/WARN] [dev.architectury.registry.registries.forge.RegistrarManagerImpl/]: Registry entry listened Registry Entry [minecraft:entity_type / iceandfire:dread_thrall] was not realized!
[16Aug2026 02:44:23.937] [main/WARN] [dev.architectury.registry.registries.forge.RegistrarManagerImpl/]: Registry entry listened Registry Entry [minecraft:entity_type / iceandfire:cockatrice] was not realized!
[16Aug2026 02:44:23.937] [main/WARN] [dev.architectury.registry.registries.forge.RegistrarManagerImpl/]: Registry entry listened Registry Entry [minecraft:entity_type / hyrule_terrors:chuchu_red] was not realized!
[16Aug2026 02:44:23.937] [main/WARN] [dev.architectury.registry.registries.forge.RegistrarManagerImpl/]: Registry entry listened Registry Entry [minecraft:entity_type / iceandfire:gorgon] was not realized!
[16Aug2026 02:44:23.937] [main/WARN] [dev.architectury.registry.registries.forge.RegistrarManagerImpl/]: Registry entry listened Registry Entry [minecraft:entity_type / iceandfire:deathworm] was not realized!
[16Aug2026 02:44:23.938] [main/WARN] [dev.architectury.registry.registries.forge.RegistrarManagerImpl/]: Registry entry listened Registry Entry [minecraft:entity_type / iceandfire:dread_knight] was not realized!
[16Aug2026 02:44:23.938] [main/WARN] [dev.architectury.registry.registries.forge.RegistrarManagerImpl/]: Registry entry listened Registry Entry [minecraft:entity_type / hyrule_terrors:lizalfos] was not realized!
[16Aug2026 02:44:23.938] [main/WARN] [dev.architectury.registry.registries.forge.RegistrarManagerImpl/]: Registry entry listened Registry Entry [minecraft:entity_type / iceandfire:hippocampus] was not realized!
[16Aug2026 02:44:23.938] [main/WARN] [dev.architectury.registry.registries.forge.RegistrarManagerImpl/]: Registry entry listened Registry Entry [minecraft:entity_type / iceandfire:fire_dragon] was not realized!
[16Aug2026 02:44:23.938] [main/WARN] [dev.architectury.registry.registries.forge.RegistrarManagerImpl/]: Registry entry listened Registry Entry [minecraft:entity_type / iceandfire:cyclops] was not realized!
[16Aug2026 02:44:23.938] [main/WARN] [dev.architectury.registry.registries.forge.RegistrarManagerImpl/]: Registry entry listened Registry Entry [minecraft:entity_type / iceandfire:ghost] was not realized!
[16Aug2026 02:44:23.938] [main/WARN] [dev.architectury.registry.registries.forge.RegistrarManagerImpl/]: Registry entry listened Registry Entry [minecraft:entity_type / hyrule_terrors:keese] was not realized!
[16Aug2026 02:44:23.938] [main/WARN] [dev.architectury.registry.registries.forge.RegistrarManagerImpl/]: Registry entry listened Registry Entry [minecraft:entity_type / iceandfire:sea_serpent] was not realized!
[16Aug2026 02:44:23.941] [main/WARN] [dev.architectury.registry.registries.forge.RegistrarManagerImpl/]: Registry entry listened Registry Entry [minecraft:entity_type / iceandfire:siren] was not realized!
[16Aug2026 02:44:23.941] [main/WARN] [dev.architectury.registry.registries.forge.RegistrarManagerImpl/]: Registry entry listened Registry Entry [minecraft:entity_type / iceandfire:amphithere] was not realized!
[16Aug2026 02:44:23.941] [main/WARN] [dev.architectury.registry.registries.forge.RegistrarManagerImpl/]: Registry entry listened Registry Entry [minecraft:entity_type / iceandfire:dread_horse] was not realized!
[16Aug2026 02:44:23.942] [main/WARN] [dev.architectury.registry.registries.forge.RegistrarManagerImpl/]: Registry entry listened Registry Entry [minecraft:entity_type / iceandfire:dread_scuttler] was not realized!
[16Aug2026 02:44:23.942] [main/WARN] [dev.architectury.registry.registries.forge.RegistrarManagerImpl/]: Registry entry listened Registry Entry [minecraft:entity_type / iceandfire:lightning_dragon] was not realized!
[16Aug2026 02:44:23.942] [main/WARN] [dev.architectury.registry.registries.forge.RegistrarManagerImpl/]: Registry entry listened Registry Entry [minecraft:entity_type / iceandfire:dread_lich] was not realized!
[16Aug2026 02:44:23.942] [main/WARN] [dev.architectury.registry.registries.forge.RegistrarManagerImpl/]: Registry entry listened Registry Entry [minecraft:entity_type / iceandfire:hydra] was not realized!
[16Aug2026 02:44:23.942] [main/WARN] [dev.architectury.registry.registries.forge.RegistrarManagerImpl/]: Registry entry listened Registry Entry [minecraft:entity_type / iceandfire:stymphalian_bird] was not realized!
[16Aug2026 02:44:23.942] [main/WARN] [dev.architectury.registry.registries.forge.RegistrarManagerImpl/]: Registry entry listened Registry Entry [minecraft:entity_type / iceandfire:ice_dragon] was not realized!
[16Aug2026 02:44:23.942] [main/WARN] [dev.architectury.registry.registries.forge.RegistrarManagerImpl/]: Registry entry listened Registry Entry [minecraft:entity_type / iceandfire:hippogryph] was not realized!
[16Aug2026 02:44:23.942] [main/WARN] [dev.architectury.registry.registries.forge.RegistrarManagerImpl/]: Registry entry listened Registry Entry [minecraft:entity_type / iceandfire:troll] was not realized!
[16Aug2026 02:44:23.942] [main/WARN] [dev.architectury.registry.registries.forge.RegistrarManagerImpl/]: Registry entry listened Registry Entry [minecraft:entity_type / iceandfire:dread_ghoul] was not realized!
[16Aug2026 02:44:23.942] [main/WARN] [dev.architectury.registry.registries.forge.RegistrarManagerImpl/]: Registry entry listened Registry Entry [minecraft:entity_type / iceandfire:dread_beast] was not realized!
[16Aug2026 02:44:23.942] [main/WARN] [dev.architectury.registry.registries.forge.RegistrarManagerImpl/]: Registry entry listened Registry Entry [minecraft:entity_type / iceandfire:pixie] was not realized!
[16Aug2026 02:44:23.942] [main/WARN] [dev.architectury.registry.registries.forge.RegistrarManagerImpl/]: Registry entry listened Registry Entry [minecraft:entity_type / iceandfire:dread_thrall] was not realized!
[16Aug2026 02:44:23.942] [main/WARN] [dev.architectury.registry.registries.forge.RegistrarManagerImpl/]: Registry entry listened Registry Entry [minecraft:entity_type / iceandfire:cockatrice] was not realized!
[16Aug2026 02:44:23.943] [main/WARN] [dev.architectury.registry.registries.forge.RegistrarManagerImpl/]: Registry entry listened Registry Entry [minecraft:entity_type / iceandfire:gorgon] was not realized!
[16Aug2026 02:44:23.943] [main/WARN] [dev.architectury.registry.registries.forge.RegistrarManagerImpl/]: Registry entry listened Registry Entry [minecraft:entity_type / iceandfire:deathworm] was not realized!
[16Aug2026 02:44:23.943] [main/WARN] [dev.architectury.registry.registries.forge.RegistrarManagerImpl/]: Registry entry listened Registry Entry [minecraft:entity_type / iceandfire:dread_knight] was not realized!
[16Aug2026 02:44:23.943] [main/WARN] [dev.architectury.registry.registries.forge.RegistrarManagerImpl/]: Registry entry listened Registry Entry [minecraft:entity_type / iceandfire:hippocampus] was not realized!
[16Aug2026 02:44:23.943] [main/WARN] [dev.architectury.registry.registries.forge.RegistrarManagerImpl/]: Registry entry listened Registry Entry [minecraft:entity_type / iceandfire:fire_dragon] was not realized!
[16Aug2026 02:44:23.943] [main/WARN] [dev.architectury.registry.registries.forge.RegistrarManagerImpl/]: Registry entry listened Registry Entry [minecraft:entity_type / iceandfire:cyclops] was not realized!
[16Aug2026 02:44:23.943] [main/WARN] [dev.architectury.registry.registries.forge.RegistrarManagerImpl/]: Registry entry listened Registry Entry [minecraft:entity_type / iceandfire:ghost] was not realized!
[16Aug2026 02:44:23.943] [main/WARN] [dev.architectury.registry.registries.forge.RegistrarManagerImpl/]: Registry entry listened Registry Entry [minecraft:entity_type / iceandfire:sea_serpent] was not realized!
[16Aug2026 02:44:23.981] [main/WARN] [dev.architectury.registry.registries.forge.RegistrarManagerImpl/]: Registry entry listened Registry Entry [minecraft:entity_type / iceandfire:siren] was not realized!
[16Aug2026 02:44:23.984] [main/WARN] [dev.architectury.registry.registries.forge.RegistrarManagerImpl/]: Registry entry listened Registry Entry [minecraft:entity_type / iceandfire:amphithere] was not realized!
[16Aug2026 02:44:23.984] [main/WARN] [dev.architectury.registry.registries.forge.RegistrarManagerImpl/]: Registry entry listened Registry Entry [minecraft:entity_type / iceandfire:dread_horse] was not realized!
[16Aug2026 02:44:23.984] [main/WARN] [dev.architectury.registry.registries.forge.RegistrarManagerImpl/]: Registry entry listened Registry Entry [minecraft:entity_type / iceandfire:dread_scuttler] was not realized!
[16Aug2026 02:44:23.984] [main/WARN] [dev.architectury.registry.registries.forge.RegistrarManagerImpl/]: Registry entry listened Registry Entry [minecraft:entity_type / iceandfire:lightning_dragon] was not realized!
[16Aug2026 02:44:23.984] [main/WARN] [dev.architectury.registry.registries.forge.RegistrarManagerImpl/]: Registry entry listened Registry Entry [minecraft:entity_type / iceandfire:dread_lich] was not realized!
[16Aug2026 02:44:23.984] [main/WARN] [dev.architectury.registry.registries.forge.RegistrarManagerImpl/]: Registry entry listened Registry Entry [minecraft:entity_type / iceandfire:hydra] was not realized!
[16Aug2026 02:44:23.984] [main/WARN] [dev.architectury.registry.registries.forge.RegistrarManagerImpl/]: Registry entry listened Registry Entry [minecraft:entity_type / iceandfire:stymphalian_bird] was not realized!
[16Aug2026 02:44:23.984] [main/WARN] [dev.architectury.registry.registries.forge.RegistrarManagerImpl/]: Registry entry listened Registry Entry [minecraft:entity_type / iceandfire:ice_dragon] was not realized!
[16Aug2026 02:44:23.984] [main/WARN] [dev.architectury.registry.registries.forge.RegistrarManagerImpl/]: Registry entry listened Registry Entry [minecraft:entity_type / iceandfire:hippogryph] was not realized!
[16Aug2026 02:44:23.984] [main/WARN] [dev.architectury.registry.registries.forge.RegistrarManagerImpl/]: Registry entry listened Registry Entry [minecraft:entity_type / iceandfire:troll] was not realized!
[16Aug2026 02:44:23.984] [main/WARN] [dev.architectury.registry.registries.forge.RegistrarManagerImpl/]: Registry entry listened Registry Entry [minecraft:entity_type / iceandfire:dread_ghoul] was not realized!
[16Aug2026 02:44:23.984] [main/WARN] [dev.architectury.registry.registries.forge.RegistrarManagerImpl/]: Registry entry listened Registry Entry [minecraft:entity_type / iceandfire:dread_beast] was not realized!
[16Aug2026 02:44:23.984] [main/WARN] [dev.architectury.registry.registries.forge.RegistrarManagerImpl/]: Registry entry listened Registry Entry [minecraft:entity_type / iceandfire:pixie] was not realized!
[16Aug2026 02:44:23.984] [main/WARN] [dev.architectury.registry.registries.forge.RegistrarManagerImpl/]: Registry entry listened Registry Entry [minecraft:entity_type / iceandfire:dread_thrall] was not realized!
[16Aug2026 02:44:23.985] [main/WARN] [dev.architectury.registry.registries.forge.RegistrarManagerImpl/]: Registry entry listened Registry Entry [minecraft:entity_type / iceandfire:cockatrice] was not realized!
[16Aug2026 02:44:23.985] [main/WARN] [dev.architectury.registry.registries.forge.RegistrarManagerImpl/]: Registry entry listened Registry Entry [minecraft:entity_type / iceandfire:gorgon] was not realized!
[16Aug2026 02:44:23.985] [main/WARN] [dev.architectury.registry.registries.forge.RegistrarManagerImpl/]: Registry entry listened Registry Entry [minecraft:entity_type / iceandfire:deathworm] was not realized!
[16Aug2026 02:44:23.985] [main/WARN] [dev.architectury.registry.registries.forge.RegistrarManagerImpl/]: Registry entry listened Registry Entry [minecraft:entity_type / iceandfire:dread_knight] was not realized!
[16Aug2026 02:44:23.985] [main/WARN] [dev.architectury.registry.registries.forge.RegistrarManagerImpl/]: Registry entry listened Registry Entry [minecraft:entity_type / iceandfire:hippocampus] was not realized!
[16Aug2026 02:44:23.985] [main/WARN] [dev.architectury.registry.registries.forge.RegistrarManagerImpl/]: Registry entry listened Registry Entry [minecraft:entity_type / iceandfire:fire_dragon] was not realized!
[16Aug2026 02:44:23.985] [main/WARN] [dev.architectury.registry.registries.forge.RegistrarManagerImpl/]: Registry entry listened Registry Entry [minecraft:entity_type / iceandfire:cyclops] was not realized!
[16Aug2026 02:44:23.985] [main/WARN] [dev.architectury.registry.registries.forge.RegistrarManagerImpl/]: Registry entry listened Registry Entry [minecraft:entity_type / iceandfire:ghost] was not realized!
[16Aug2026 02:44:23.985] [main/WARN] [dev.architectury.registry.registries.forge.RegistrarManagerImpl/]: Registry entry listened Registry Entry [minecraft:entity_type / iceandfire:sea_serpent] was not realized!
[16Aug2026 02:44:24.028] [main/INFO] [Moonlight/]: Initialized block sets in 19ms
[16Aug2026 02:44:24.978] [main/WARN] [net.minecraftforge.common.ForgeConfigSpec/CORE]: Configuration file /workspaces/Chivirikas3/servidor_minecraft/config/guardvillagers-common.toml is not correct. Correcting
[16Aug2026 02:44:25.227] [modloading-worker-0/INFO] [xaero.pac.OpenPartiesAndClaims/]: Loading Open Parties and Claims!
[16Aug2026 02:44:25.229] [modloading-worker-0/INFO] [com.recipeessentials.RecipeEssentials/]: recipeessentials mod initialized
[16Aug2026 02:44:25.232] [modloading-worker-0/INFO] [com.connectivity.Connectivity/]: Connectivity initialized
[16Aug2026 02:44:25.232] [modloading-worker-0/INFO] [com.gpumemleakfix.Gpumemleakfix/]: gpumemleakfix mod initialized
[16Aug2026 02:44:25.232] [modloading-worker-0/INFO] [com.structureessentials.StructureEssentials/]: structureessentials mod initialized
[16Aug2026 02:44:25.288] [modloading-worker-0/INFO] [com.cupboard.Cupboard/]: Loaded config for: leaky.json
[16Aug2026 02:44:25.288] [modloading-worker-0/INFO] [com.leaky.Leaky/]: leaky mod initialized
[16Aug2026 02:44:25.353] [modloading-worker-0/INFO] [me.steinborn.krypton.mod.shared.Krypton/]: Compression will use libdeflate (Linux x86_64), encryption will use OpenSSL 3.0.x (Linux x86_64)
[16Aug2026 02:44:25.353] [modloading-worker-0/INFO] [com.limitedchunks.LimitedChunks/]: Limited chunkloading initialized
[16Aug2026 02:44:25.398] [Forge Version Check/INFO] [net.minecraftforge.fml.VersionChecker/]: [palladium] Starting version check at https://squirrelcontrol.threetag.net/api/forge_updates/threetag-palladium
[16Aug2026 02:44:25.425] [modloading-worker-0/INFO] [CorgiLib/]: Initializing network...
[16Aug2026 02:44:25.428] [modloading-worker-0/INFO] [com.brutalbosses.BrutalBosses/]: brutalbosses mod initialized
[16Aug2026 02:44:25.438] [modloading-worker-0/INFO] [CorgiLib/]: Initialized network!
[16Aug2026 02:44:25.438] [modloading-worker-0/INFO] [com.betterchunkloading.BetterChunkLoading/]: betterchunkloading mod initialized
[16Aug2026 02:44:25.453] [modloading-worker-0/INFO] [com.chunksending.ChunkSending/]: chunksending mod initialized
[16Aug2026 02:44:25.586] [Forge Version Check/INFO] [net.minecraftforge.fml.VersionChecker/]: [palladium] Found status: UP_TO_DATE Current: 4.5.8 Target: null
[16Aug2026 02:44:25.586] [Forge Version Check/INFO] [net.minecraftforge.fml.VersionChecker/]: [fastitemframes] Starting version check at https://raw.githubusercontent.com/Fuzss/modresources/main/update/fastitemframes.json
[16Aug2026 02:44:25.630] [Forge Version Check/INFO] [net.minecraftforge.fml.VersionChecker/]: [fastitemframes] Found status: UP_TO_DATE Current: 20.1.5 Target: null
[16Aug2026 02:44:25.630] [Forge Version Check/INFO] [net.minecraftforge.fml.VersionChecker/]: [guardvillagers] Starting version check at https://raw.githubusercontent.com/seymourimadeit/guardvillagers/master/update.json
[16Aug2026 02:44:25.642] [Forge Version Check/INFO] [net.minecraftforge.fml.VersionChecker/]: [guardvillagers] Found status: BETA Current: 1.20.1-1.6.18 Target: 1.20-1.6.5
[16Aug2026 02:44:25.642] [Forge Version Check/INFO] [net.minecraftforge.fml.VersionChecker/]: [corpse] Starting version check at https://update.maxhenkel.de/forge/corpse
[16Aug2026 02:44:25.701] [Thread-0/INFO] [ModernFix/]: Please use /mfsrc to reload any changed mod config files
[16Aug2026 02:44:25.987] [main/INFO] [Copper-Age-Backport/]: Fired 1 registration callbacks
[16Aug2026 02:44:26.003] [main/INFO] [dev.architectury.networking.forge.NetworkManagerImpl/]: Registering C2S receiver with id quickskin:upload_skin
[16Aug2026 02:44:26.004] [main/INFO] [dev.architectury.networking.forge.NetworkManagerImpl/]: Registering C2S receiver with id quickskin:upload_cape
[16Aug2026 02:44:26.004] [main/INFO] [dev.architectury.networking.forge.NetworkManagerImpl/]: Registering C2S receiver with id quickskin:update_appearance
[16Aug2026 02:44:26.004] [main/INFO] [dev.architectury.networking.forge.NetworkManagerImpl/]: Registering C2S receiver with id quickskin:request_texture
[16Aug2026 02:44:26.004] [main/INFO] [dev.architectury.networking.forge.NetworkManagerImpl/]: Registering C2S receiver with id quickskin:upload_animation_metadata
[16Aug2026 02:44:26.005] [main/INFO] [dev.architectury.networking.forge.NetworkManagerImpl/]: Registering C2S receiver with id quickskin:texture_chunk
[16Aug2026 02:44:26.005] [main/INFO] [dev.architectury.networking.forge.NetworkManagerImpl/]: Registering C2S receiver with id quickskin:update_server_config
[16Aug2026 02:44:26.068] [main/INFO] [dev.architectury.networking.forge.NetworkManagerImpl/]: Registering C2S receiver with id iceandfire:dragon_control
[16Aug2026 02:44:26.068] [main/INFO] [dev.architectury.networking.forge.NetworkManagerImpl/]: Registering C2S receiver with id iceandfire:multipart_interact
[16Aug2026 02:44:26.069] [main/INFO] [dev.architectury.networking.forge.NetworkManagerImpl/]: Registering C2S receiver with id iceandfire:player_hit_multipart
[16Aug2026 02:44:26.069] [main/INFO] [dev.architectury.networking.forge.NetworkManagerImpl/]: Registering C2S receiver with id iceandfire:start_riding_mob_c2s
[16Aug2026 02:44:26.117] [main/INFO] [Moonlight/]: Initialized color sets in 46ms
[16Aug2026 02:44:26.131] [main/WARN] [AllTheLeaks/]: Failed to get VarHandle for class class com.github.alexthe666.citadel.server.world.CitadelServerData with field dataMap and type interface java.util.Map
[16Aug2026 02:44:26.131] [main/ERROR] [AllTheLeaks/]: Failed to instantiate constructor.
java.lang.ExceptionInInitializerError: null
	at java.lang.Class.forName0(Native Method) ~[?:?]
	at java.lang.Class.forName(Class.java:377) ~[?:?]
	at dev.uncandango.alltheleaks.leaks.IssueManager.lambda$initiateIssues$3(IssueManager.java:166) ~[alltheleaks-1.1.1+1.20.1-forge.jar%23259!/:1.1.1+1.20.1-forge]
	at java.util.ArrayList.forEach(ArrayList.java:1511) ~[?:?]
	at dev.uncandango.alltheleaks.leaks.IssueManager.initiateIssues(IssueManager.java:164) ~[alltheleaks-1.1.1+1.20.1-forge.jar%23259!/:1.1.1+1.20.1-forge]
	at java.util.concurrent.CompletableFuture$AsyncRun.run(CompletableFuture.java:1804) ~[?:?]
	at net.minecraftforge.fml.DeferredWorkQueue.lambda$makeRunnable$2(DeferredWorkQueue.java:81) ~[fmlcore-1.20.1-47.4.1.jar%23410!/:?]
	at net.minecraftforge.fml.DeferredWorkQueue.makeRunnable(DeferredWorkQueue.java:76) ~[fmlcore-1.20.1-47.4.1.jar%23410!/:?]
	at net.minecraftforge.fml.DeferredWorkQueue.lambda$runTasks$0(DeferredWorkQueue.java:60) ~[fmlcore-1.20.1-47.4.1.jar%23410!/:?]
	at java.util.concurrent.ConcurrentLinkedDeque.forEach(ConcurrentLinkedDeque.java:1650) ~[?:?]
	at net.minecraftforge.fml.DeferredWorkQueue.runTasks(DeferredWorkQueue.java:60) ~[fmlcore-1.20.1-47.4.1.jar%23410!/:?]
	at net.minecraftforge.fml.core.ParallelTransition.lambda$finalActivityGenerator$2(ParallelTransition.java:35) ~[forge-1.20.1-47.4.1-universal.jar%23414!/:?]
	at java.util.concurrent.CompletableFuture$UniApply.tryFire(CompletableFuture.java:646) ~[?:?]
	at java.util.concurrent.CompletableFuture$Completion.run(CompletableFuture.java:482) ~[?:?]
	at net.minecraftforge.fml.ModWorkManager$SyncExecutor.driveOne(ModWorkManager.java:43) ~[fmlcore-1.20.1-47.4.1.jar%23410!/:?]
	at net.minecraftforge.fml.ModWorkManager$DrivenExecutor.drive(ModWorkManager.java:28) ~[fmlcore-1.20.1-47.4.1.jar%23410!/:?]
	at net.minecraftforge.fml.ModLoader.waitForTransition(ModLoader.java:224) ~[fmlcore-1.20.1-47.4.1.jar%23410!/:?]
	at net.minecraftforge.fml.ModLoader.lambda$dispatchAndHandleError$20(ModLoader.java:210) ~[fmlcore-1.20.1-47.4.1.jar%23410!/:?]
	at java.util.Optional.ifPresent(Optional.java:178) ~[?:?]
	at net.minecraftforge.fml.ModLoader.dispatchAndHandleError(ModLoader.java:210) ~[fmlcore-1.20.1-47.4.1.jar%23410!/:?]
	at net.minecraftforge.fml.ModLoader.lambda$loadMods$15(ModLoader.java:190) ~[fmlcore-1.20.1-47.4.1.jar%23410!/:?]
	at java.lang.Iterable.forEach(Iterable.java:75) ~[?:?]
	at net.minecraftforge.fml.ModLoader.loadMods(ModLoader.java:190) ~[fmlcore-1.20.1-47.4.1.jar%23410!/:?]
	at net.minecraftforge.server.loading.ServerModLoader.load(ServerModLoader.java:31) ~[forge-1.20.1-47.4.1-universal.jar%23414!/:?]
	at net.minecraft.server.Main.main(Main.java:125) ~[server-1.20.1-20230612.114412-srg.jar%23409!/:?]
	at jdk.internal.reflect.NativeMethodAccessorImpl.invoke0(Native Method) ~[?:?]
	at jdk.internal.reflect.NativeMethodAccessorImpl.invoke(NativeMethodAccessorImpl.java:77) ~[?:?]
	at jdk.internal.reflect.DelegatingMethodAccessorImpl.invoke(DelegatingMethodAccessorImpl.java:43) ~[?:?]
	at java.lang.reflect.Method.invoke(Method.java:569) ~[?:?]
	at net.minecraftforge.fml.loading.targets.CommonLaunchHandler.runTarget(CommonLaunchHandler.java:111) ~[fmlloader-1.20.1-47.4.1.jar%2367!/:?]
	at net.minecraftforge.fml.loading.targets.CommonLaunchHandler.serverService(CommonLaunchHandler.java:103) ~[fmlloader-1.20.1-47.4.1.jar%2367!/:?]
	at net.minecraftforge.fml.loading.targets.CommonServerLaunchHandler.lambda$makeService$0(CommonServerLaunchHandler.java:27) ~[fmlloader-1.20.1-47.4.1.jar%2367!/:?]
	at cpw.mods.modlauncher.LaunchServiceHandlerDecorator.launch(LaunchServiceHandlerDecorator.java:30) ~[modlauncher-10.0.9.jar%2353!/:?]
	at cpw.mods.modlauncher.LaunchServiceHandler.launch(LaunchServiceHandler.java:53) ~[modlauncher-10.0.9.jar%2353!/:?]
	at cpw.mods.modlauncher.LaunchServiceHandler.launch(LaunchServiceHandler.java:71) ~[modlauncher-10.0.9.jar%2353!/:?]
	at cpw.mods.modlauncher.Launcher.run(Launcher.java:108) ~[modlauncher-10.0.9.jar%2353!/:?]
	at cpw.mods.modlauncher.Launcher.main(Launcher.java:78) ~[modlauncher-10.0.9.jar%2353!/:?]
	at cpw.mods.modlauncher.BootstrapLaunchConsumer.accept(BootstrapLaunchConsumer.java:26) ~[modlauncher-10.0.9.jar%2353!/:?]
	at cpw.mods.modlauncher.BootstrapLaunchConsumer.accept(BootstrapLaunchConsumer.java:23) ~[modlauncher-10.0.9.jar%2353!/:?]
	at cpw.mods.bootstraplauncher.BootstrapLauncher.main(BootstrapLauncher.java:141) ~[bootstraplauncher-1.1.2.jar:?]
Caused by: java.lang.RuntimeException: VarHandler is null
	at dev.uncandango.alltheleaks.utils.ReflectionHelper.getFieldFromClass(ReflectionHelper.java:132) ~[alltheleaks-1.1.1+1.20.1-forge.jar%23259!/:1.1.1+1.20.1-forge]
	at dev.uncandango.alltheleaks.leaks.common.mods.citadel.UntrackedIssue001.<clinit>(UntrackedIssue001.java:17) ~[alltheleaks-1.1.1+1.20.1-forge.jar%23259!/:1.1.1+1.20.1-forge]
	... 40 more
[16Aug2026 02:44:26.150] [main/INFO] [zeta/]: Common setup: Performing initial refresh of zeta's config on thread 'main'
[16Aug2026 02:44:26.155] [Forge Version Check/INFO] [net.minecraftforge.fml.VersionChecker/]: [corpse] Found status: AHEAD Current: 1.20.1-1.0.23 Target: null
[16Aug2026 02:44:26.155] [Forge Version Check/INFO] [net.minecraftforge.fml.VersionChecker/]: [pantheonsent] Starting version check at https://squirrelcontrol.threetag.net/api/forge_updates/pantheonsent
[16Aug2026 02:44:26.161] [main/INFO] [zeta/]: 'zeta' is enabling Zeta's piston structure resolver.
[16Aug2026 02:44:26.164] [main/INFO] [zeta/]: Waiting for server start before accepting filewatcher changes to zeta's config
[16Aug2026 02:44:26.170] [main/INFO] [quark-zeta/]: Common setup: Performing initial refresh of quark's config on thread 'main'
[16Aug2026 02:44:26.184] [main/INFO] [quark-zeta/]: Waiting for server start before accepting filewatcher changes to quark's config
[16Aug2026 02:44:26.264] [Forge Version Check/INFO] [net.minecraftforge.fml.VersionChecker/]: [pantheonsent] Found status: UP_TO_DATE Current: 1.1.1 Target: null
[16Aug2026 02:44:26.264] [Forge Version Check/INFO] [net.minecraftforge.fml.VersionChecker/]: [everfurnace] Starting version check at https://raw.githubusercontent.com/gottsch/gottsch-minecraft-EverFurnace/1.20.1-main/update.json
[16Aug2026 02:44:26.312] [Forge Version Check/INFO] [net.minecraftforge.fml.VersionChecker/]: [everfurnace] Found status: UP_TO_DATE Current: 3.2.0 Target: null
[16Aug2026 02:44:26.313] [Forge Version Check/INFO] [net.minecraftforge.fml.VersionChecker/]: [evercrops] Starting version check at https://raw.githubusercontent.com/gottsch/gottsch-minecraft-EverCrops/1.20.1-main/update.json
[16Aug2026 02:44:26.326] [Forge Version Check/INFO] [net.minecraftforge.fml.VersionChecker/]: [evercrops] Found status: UP_TO_DATE Current: 4.0.0 Target: null
[16Aug2026 02:44:26.326] [Forge Version Check/INFO] [net.minecraftforge.fml.VersionChecker/]: [mr_omnicut_betterwoodstonecutter] Starting version check at https://api.modrinth.com/updates/MpEvPjRi/forge_updates.json
[16Aug2026 02:44:26.369] [modloading-worker-0/WARN] [net.threetag.palladium.Palladium/]: Addon Pack fsang18 adds Curios slots in pack.mcmeta, this is deprecated! Please use the new system: https://docs.illusivesoulworks.com/curios/datapack-example
[16Aug2026 02:44:26.472] [Forge Version Check/INFO] [net.minecraftforge.fml.VersionChecker/]: [mr_omnicut_betterwoodstonecutter] Found status: AHEAD Current: 1-v1.107.0 Target: null
[16Aug2026 02:44:26.473] [Forge Version Check/INFO] [net.minecraftforge.fml.VersionChecker/]: [name_tag_backport] Starting version check at https://api.modrinth.com/updates/N6aOGJRT/forge_updates.json
[16Aug2026 02:44:26.505] [Forge Version Check/INFO] [net.minecraftforge.fml.VersionChecker/]: [name_tag_backport] Found status: OUTDATED Current: 1.0.1 Target: 1.0.2
[16Aug2026 02:44:26.505] [Forge Version Check/INFO] [net.minecraftforge.fml.VersionChecker/]: [attributefix] Starting version check at https://updates.blamejared.com/get?n=attributefix&gv=1.20.1
[16Aug2026 02:44:26.582] [modloading-worker-0/INFO] [AttributeFix/]: Loaded values for 34 compatible attributes.
[16Aug2026 02:44:26.594] [modloading-worker-0/INFO] [AttributeFix/]: Loaded 34 values from config.
[16Aug2026 02:44:26.603] [modloading-worker-0/INFO] [AttributeFix/]: Saving config file. 34 entries.
[16Aug2026 02:44:26.603] [modloading-worker-0/INFO] [AttributeFix/]: Applying changes for 34 attributes.
[16Aug2026 02:44:26.619] [modloading-worker-0/INFO] [KubeJS Startup/]: addonpack_alienevo:kubejs_scripts/glow_crystals.js#3: Loaded Java class 'dev.latvian.mods.kubejs.item.custom.BasicItemJS$Builder'
[16Aug2026 02:44:26.859] [Forge Version Check/INFO] [net.minecraftforge.fml.VersionChecker/]: [attributefix] Found status: BETA Current: 21.0.5 Target: 21.0.5
[16Aug2026 02:44:26.859] [Forge Version Check/INFO] [net.minecraftforge.fml.VersionChecker/]: [actuallyharvest] Starting version check at https://raw.githubusercontent.com/wendall911/ActuallyHarvest/1.20.1/files/updates.json
[16Aug2026 02:44:26.875] [Forge Version Check/INFO] [net.minecraftforge.fml.VersionChecker/]: [actuallyharvest] Found status: UP_TO_DATE Current: 1.1.4.0 Target: null
[16Aug2026 02:44:26.876] [Forge Version Check/INFO] [net.minecraftforge.fml.VersionChecker/]: [clumps] Starting version check at https://updates.blamejared.com/get?n=clumps&gv=1.20.1
[16Aug2026 02:44:26.976] [Forge Version Check/INFO] [net.minecraftforge.fml.VersionChecker/]: [clumps] Found status: BETA Current: 12.0.0.4 Target: 12.0.0.4
[16Aug2026 02:44:26.976] [Forge Version Check/INFO] [net.minecraftforge.fml.VersionChecker/]: [configured] Starting version check at https://mrcrayfish.com/modupdatejson?id=configured
[16Aug2026 02:44:27.091] [Forge Version Check/WARN] [net.minecraftforge.fml.VersionChecker/]: Failed to process update information
com.google.gson.JsonSyntaxException: java.lang.IllegalStateException: Expected BEGIN_OBJECT but was STRING at line 1 column 1 path $
	at com.google.gson.Gson.fromJson(Gson.java:1226) ~[gson-2.10.jar%2370!/:?]
	at com.google.gson.Gson.fromJson(Gson.java:1124) ~[gson-2.10.jar%2370!/:?]
	at com.google.gson.Gson.fromJson(Gson.java:1034) ~[gson-2.10.jar%2370!/:?]
	at com.google.gson.Gson.fromJson(Gson.java:969) ~[gson-2.10.jar%2370!/:?]
	at net.minecraftforge.fml.VersionChecker$1.process(VersionChecker.java:186) ~[fmlcore-1.20.1-47.4.1.jar%23410!/:?]
	at java.lang.Iterable.forEach(Iterable.java:75) ~[?:?]
	at net.minecraftforge.fml.VersionChecker$1.run(VersionChecker.java:117) ~[fmlcore-1.20.1-47.4.1.jar%23410!/:?]
Caused by: java.lang.IllegalStateException: Expected BEGIN_OBJECT but was STRING at line 1 column 1 path $
	at com.google.gson.stream.JsonReader.beginObject(JsonReader.java:393) ~[gson-2.10.jar%2370!/:?]
	at com.google.gson.internal.bind.MapTypeAdapterFactory$Adapter.read(MapTypeAdapterFactory.java:182) ~[gson-2.10.jar%2370!/:?]
	at com.google.gson.internal.bind.MapTypeAdapterFactory$Adapter.read(MapTypeAdapterFactory.java:144) ~[gson-2.10.jar%2370!/:?]
	at com.google.gson.Gson.fromJson(Gson.java:1214) ~[gson-2.10.jar%2370!/:?]
	... 6 more
[16Aug2026 02:44:27.092] [Forge Version Check/INFO] [net.minecraftforge.fml.VersionChecker/]: [puzzlesaccessapi] Starting version check at https://raw.githubusercontent.com/Fuzss/modresources/main/update/puzzlesaccessapi.json
[16Aug2026 02:44:27.102] [Forge Version Check/INFO] [net.minecraftforge.fml.VersionChecker/]: [puzzlesaccessapi] Found status: BETA Current: 20.1.1 Target: null
[16Aug2026 02:44:27.103] [Forge Version Check/INFO] [net.minecraftforge.fml.VersionChecker/]: [forge] Starting version check at https://files.minecraftforge.net/net/minecraftforge/forge/promotions_slim.json
[16Aug2026 02:44:27.180] [Forge Version Check/INFO] [net.minecraftforge.fml.VersionChecker/]: [forge] Found status: OUTDATED Current: 47.4.1 Target: 47.4.10
[16Aug2026 02:44:27.180] [Forge Version Check/INFO] [net.minecraftforge.fml.VersionChecker/]: [moonlight] Starting version check at https://api.modrinth.com/updates/moonlight/forge_updates.json
[16Aug2026 02:44:27.237] [Forge Version Check/INFO] [net.minecraftforge.fml.VersionChecker/]: [moonlight] Found status: OUTDATED Current: 1.20-2.16.28 Target: 1.20-2.16.34-forge
[16Aug2026 02:44:27.237] [Forge Version Check/INFO] [net.minecraftforge.fml.VersionChecker/]: [sherdsapi] Starting version check at https://api.modrinth.com/updates/sherdsapi/forge_updates.json
[16Aug2026 02:44:27.263] [Forge Version Check/INFO] [net.minecraftforge.fml.VersionChecker/]: [sherdsapi] Found status: UP_TO_DATE Current: 4.0.4 Target: null
[16Aug2026 02:44:27.263] [Forge Version Check/INFO] [net.minecraftforge.fml.VersionChecker/]: [puzzleslib] Starting version check at https://raw.githubusercontent.com/Fuzss/modresources/main/update/puzzleslib.json
[16Aug2026 02:44:27.272] [Forge Version Check/INFO] [net.minecraftforge.fml.VersionChecker/]: [puzzleslib] Found status: UP_TO_DATE Current: 8.1.33 Target: null
[16Aug2026 02:44:27.272] [Forge Version Check/INFO] [net.minecraftforge.fml.VersionChecker/]: [overflowingbars] Starting version check at https://raw.githubusercontent.com/Fuzss/modresources/main/update/overflowingbars.json
[16Aug2026 02:44:27.280] [Forge Version Check/INFO] [net.minecraftforge.fml.VersionChecker/]: [overflowingbars] Found status: UP_TO_DATE Current: 8.0.1 Target: null
[16Aug2026 02:44:27.400] [main/INFO] [com.mojang.authlib.yggdrasil.YggdrasilAuthenticationService/]: Environment: authHost='https://authserver.mojang.com', accountsHost='https://api.mojang.com', sessionHost='https://sessionserver.mojang.com', servicesHost='https://api.minecraftservices.com', name='PROD'
[16Aug2026 02:44:27.528] [main/INFO] [ModernFix/]: Bypassed Mojang DFU
[16Aug2026 02:44:27.944] [main/WARN] [net.minecraft.server.packs.VanillaPackResourcesBuilder/]: Assets URL 'union:/workspaces/Chivirikas3/servidor_minecraft/libraries/net/minecraft/server/1.20.1-20230612.114412/server-1.20.1-20230612.114412-srg.jar%23409!/assets/.mcassetsroot' uses unexpected schema
[16Aug2026 02:44:27.944] [main/WARN] [net.minecraft.server.packs.VanillaPackResourcesBuilder/]: Assets URL 'union:/workspaces/Chivirikas3/servidor_minecraft/libraries/net/minecraft/server/1.20.1-20230612.114412/server-1.20.1-20230612.114412-srg.jar%23409!/data/.mcassetsroot' uses unexpected schema
[16Aug2026 02:44:27.944] [main/ERROR] [net.minecraft.server.packs.VanillaPackResourcesBuilder/]: File /addon/.mcassetsroot does not exist in classpath
[16Aug2026 02:44:28.090] [main/ERROR] [net.minecraft.server.packs.AbstractPackResources/]: Couldn't load pack metadata
com.google.gson.JsonSyntaxException: Missing pack_format, expected to find a Int
	at net.minecraft.util.GsonHelper.m_13927_(GsonHelper.java:277) ~[server-1.20.1-20230612.114412-srg.jar%23409!/:?]
	at net.minecraft.server.packs.metadata.pack.PackMetadataSectionSerializer.m_6322_(PackMetadataSectionSerializer.java:15) ~[server-1.20.1-20230612.114412-srg.jar%23409!/:?]
	at net.minecraft.server.packs.metadata.pack.PackMetadataSectionSerializer.m_6322_(PackMetadataSectionSerializer.java:9) ~[server-1.20.1-20230612.114412-srg.jar%23409!/:?]
	at net.minecraft.server.packs.AbstractPackResources.m_10214_(AbstractPackResources.java:52) ~[server-1.20.1-20230612.114412-srg.jar%23409!/:?]
	at net.minecraft.server.packs.AbstractPackResources.m_5550_(AbstractPackResources.java:33) ~[server-1.20.1-20230612.114412-srg.jar%23409!/:?]
	at net.minecraft.server.packs.repository.Pack.m_246334_(Pack.java:60) ~[server-1.20.1-20230612.114412-srg.jar%23409!/:?]
	at net.minecraft.server.packs.repository.Pack.m_245429_(Pack.java:35) ~[server-1.20.1-20230612.114412-srg.jar%23409!/:?]
	at net.threetag.palladium.addonpack.forge.AddonPackManagerImpl$ModPackSource.m_7686_(AddonPackManagerImpl.java:49) ~[palladium-4.5.8+1.20.1-forge.jar%23361!/:4.5.8+1.20.1]
	at net.minecraft.server.packs.repository.PackRepository.m_10526_(PackRepository.java:39) ~[server-1.20.1-20230612.114412-srg.jar%23409!/:?]
	at net.minecraft.server.packs.repository.PackRepository.m_10506_(PackRepository.java:31) ~[server-1.20.1-20230612.114412-srg.jar%23409!/:?]
	at dev.latvian.mods.kubejs.script.ScriptManager.handler$zfc000$loadFromDirectory(ScriptManager.java:537) ~[kubejs-forge-2001.6.5-build.26.jar%23332!/:2001.6.5-build.26]
	at dev.latvian.mods.kubejs.script.ScriptManager.loadFromDirectory(ScriptManager.java:150) ~[kubejs-forge-2001.6.5-build.26.jar%23332!/:2001.6.5-build.26]
	at dev.latvian.mods.kubejs.script.ScriptManager.reload(ScriptManager.java:72) ~[kubejs-forge-2001.6.5-build.26.jar%23332!/:2001.6.5-build.26]
	at dev.latvian.mods.kubejs.server.ServerScriptManager.wrapResourceManager(ServerScriptManager.java:85) ~[kubejs-forge-2001.6.5-build.26.jar%23332!/:2001.6.5-build.26]
	at net.minecraft.server.WorldLoader$PackConfig.localvar$bjh000$injectKubeJSPacks(WorldLoader.java:515) ~[server-1.20.1-20230612.114412-srg.jar%23409!/:?]
	at net.minecraft.server.WorldLoader$PackConfig.m_214399_(WorldLoader.java:80) ~[server-1.20.1-20230612.114412-srg.jar%23409!/:?]
	at net.minecraft.server.WorldLoader.m_214362_(WorldLoader.java:28) ~[server-1.20.1-20230612.114412-srg.jar%23409!/:?]
	at net.minecraft.server.Main.lambda$main$2(Main.java:167) ~[server-1.20.1-20230612.114412-srg.jar%23409!/:?]
	at net.minecraft.Util.m_214652_(Util.java:777) ~[server-1.20.1-20230612.114412-srg.jar%23409!/:?]
	at net.minecraft.Util.m_214679_(Util.java:772) ~[server-1.20.1-20230612.114412-srg.jar%23409!/:?]
	at net.minecraft.server.Main.main(Main.java:166) ~[server-1.20.1-20230612.114412-srg.jar%23409!/:?]
	at jdk.internal.reflect.NativeMethodAccessorImpl.invoke0(Native Method) ~[?:?]
	at jdk.internal.reflect.NativeMethodAccessorImpl.invoke(NativeMethodAccessorImpl.java:77) ~[?:?]
	at jdk.internal.reflect.DelegatingMethodAccessorImpl.invoke(DelegatingMethodAccessorImpl.java:43) ~[?:?]
	at java.lang.reflect.Method.invoke(Method.java:569) ~[?:?]
	at net.minecraftforge.fml.loading.targets.CommonLaunchHandler.runTarget(CommonLaunchHandler.java:111) ~[fmlloader-1.20.1-47.4.1.jar%2367!/:?]
	at net.minecraftforge.fml.loading.targets.CommonLaunchHandler.serverService(CommonLaunchHandler.java:103) ~[fmlloader-1.20.1-47.4.1.jar%2367!/:?]
	at net.minecraftforge.fml.loading.targets.CommonServerLaunchHandler.lambda$makeService$0(CommonServerLaunchHandler.java:27) ~[fmlloader-1.20.1-47.4.1.jar%2367!/:?]
	at cpw.mods.modlauncher.LaunchServiceHandlerDecorator.launch(LaunchServiceHandlerDecorator.java:30) ~[modlauncher-10.0.9.jar%2353!/:?]
	at cpw.mods.modlauncher.LaunchServiceHandler.launch(LaunchServiceHandler.java:53) ~[modlauncher-10.0.9.jar%2353!/:?]
	at cpw.mods.modlauncher.LaunchServiceHandler.launch(LaunchServiceHandler.java:71) ~[modlauncher-10.0.9.jar%2353!/:?]
	at cpw.mods.modlauncher.Launcher.run(Launcher.java:108) ~[modlauncher-10.0.9.jar%2353!/:?]
	at cpw.mods.modlauncher.Launcher.main(Launcher.java:78) ~[modlauncher-10.0.9.jar%2353!/:?]
	at cpw.mods.modlauncher.BootstrapLaunchConsumer.accept(BootstrapLaunchConsumer.java:26) ~[modlauncher-10.0.9.jar%2353!/:?]
	at cpw.mods.modlauncher.BootstrapLaunchConsumer.accept(BootstrapLaunchConsumer.java:23) ~[modlauncher-10.0.9.jar%2353!/:?]
	at cpw.mods.bootstraplauncher.BootstrapLauncher.main(BootstrapLauncher.java:141) ~[bootstraplauncher-1.1.2.jar:?]
[16Aug2026 02:44:28.091] [main/WARN] [net.minecraft.server.packs.repository.Pack/]: Missing metadata in pack mod:minecraft
[16Aug2026 02:44:48.255] [main/INFO] [KubeJS Server/]: example.js#5: Hello, World! (Loaded server scripts)
[16Aug2026 02:44:48.255] [main/INFO] [KubeJS Server/]: Loaded script server_scripts:example.js in 0.0 s
[16Aug2026 02:44:48.256] [main/INFO] [KubeJS Server/]: Loaded script addonpack_fsang_hero:kubejs_scripts/spirit_of_vengeance_handler.js in 0.0 s
[16Aug2026 02:44:48.258] [main/INFO] [KubeJS Server/]: Loaded script addonpack_fsang_hero:kubejs_scripts/reality_portal_logic.js in 0.002 s
[16Aug2026 02:44:48.260] [main/INFO] [KubeJS Server/]: Loaded script addonpack_fsang_hero:kubejs_scripts/radioactive_fluid.js in 0.002 s
[16Aug2026 02:44:48.262] [main/INFO] [KubeJS Server/]: addonpack_fsang_hero:kubejs_scripts/random_power.js#1: Loaded Java class 'net.threetag.palladium.power.SuperpowerUtil'
[16Aug2026 02:44:48.263] [main/INFO] [KubeJS Server/]: Loaded script addonpack_fsang_hero:kubejs_scripts/random_power.js in 0.003 s
[16Aug2026 02:44:48.264] [main/INFO] [KubeJS Server/]: Loaded script addonpack_fsang_hero:kubejs_scripts/karma.js in 0.001 s
[16Aug2026 02:44:48.265] [main/INFO] [KubeJS Server/]: Loaded script addonpack_fsang_hero:kubejs_scripts/dampening_block.js in 0.001 s
[16Aug2026 02:44:48.266] [main/INFO] [KubeJS Server/]: Loaded script addonpack_fsang_hero:kubejs_scripts/kryptonite_shard.js in 0.0 s
[16Aug2026 02:44:48.269] [main/INFO] [KubeJS Server/]: Loaded script addonpack_fsang_hero:kubejs_scripts/combat_xp.js in 0.002 s
[16Aug2026 02:44:48.269] [main/INFO] [KubeJS Server/]: Loaded script addonpack_fsang_hero:kubejs_scripts/fantastic_four.js in 0.0 s
[16Aug2026 02:44:48.271] [main/INFO] [KubeJS Server/]: Loaded script addonpack_fsang_hero:kubejs_scripts/symbiotes_items.js in 0.002 s
[16Aug2026 02:44:48.273] [main/INFO] [KubeJS Server/]: addonpack_fsang_hero:kubejs_scripts/hellfire_tools.js#3: Loaded Java class 'net.minecraft.world.SimpleContainer'
[16Aug2026 02:44:48.274] [main/INFO] [KubeJS Server/]: addonpack_fsang_hero:kubejs_scripts/hellfire_tools.js#4: Loaded Java class 'net.minecraft.world.item.crafting.RecipeType'
[16Aug2026 02:44:48.276] [main/INFO] [KubeJS Server/]: addonpack_fsang_hero:kubejs_scripts/hellfire_tools.js#5: Loaded Java class 'net.minecraft.world.entity.item.ItemEntity'
[16Aug2026 02:44:48.277] [main/INFO] [KubeJS Server/]: addonpack_fsang_hero:kubejs_scripts/hellfire_tools.js#6: Loaded Java class 'net.minecraft.world.phys.AABB'
[16Aug2026 02:44:48.277] [main/INFO] [KubeJS Server/]: Loaded script addonpack_fsang_hero:kubejs_scripts/hellfire_tools.js in 0.006 s
[16Aug2026 02:44:48.277] [main/INFO] [KubeJS Server/]: Loaded script addonpack_fsang_hero:kubejs_scripts/symbiote_spawn.js in 0.0 s
[16Aug2026 02:44:48.279] [main/INFO] [KubeJS Server/]: Loaded script addonpack_fsang_hero:kubejs_scripts/fsang_rf_charger_logic.js in 0.002 s
[16Aug2026 02:44:48.280] [main/INFO] [KubeJS Server/]: Loaded script addonpack_fsang_hero:kubejs_scripts/mjolnir_block.js in 0.001 s
[16Aug2026 02:44:48.280] [main/INFO] [KubeJS Server/]: Loaded script addonpack_fsang_hero:kubejs_scripts/player_coords.js in 0.0 s
[16Aug2026 02:44:48.281] [main/INFO] [KubeJS Server/]: Loaded script addonpack_fsang_hero:kubejs_scripts/hulkbuster_stand.js in 0.0 s
[16Aug2026 02:44:48.283] [main/INFO] [KubeJS Server/]: Loaded script addonpack_fsang_hero:kubejs_scripts/speedforce_assigner.js in 0.001 s
[16Aug2026 02:44:48.284] [main/INFO] [KubeJS Server/]: Loaded script addonpack_fsang_hero:kubejs_scripts/amazon_assigner.js in 0.001 s
[16Aug2026 02:44:48.284] [main/INFO] [KubeJS Server/]: Loaded script addonpack_fsang_hero:kubejs_scripts/cursed_user_assigner.js in 0.0 s
[16Aug2026 02:44:48.285] [main/INFO] [KubeJS Server/]: Loaded script addonpack_fsang_hero:kubejs_scripts/asgardian_assigner.js in 0.0 s
[16Aug2026 02:44:48.286] [main/INFO] [KubeJS Server/]: Loaded script addonpack_fsang_hero:kubejs_scripts/receive_power_selected.js in 0.001 s
[16Aug2026 02:44:48.288] [main/INFO] [KubeJS Server/]: Loaded script addonpack_fsang_hero:kubejs_scripts/grant_advancements.js in 0.002 s
[16Aug2026 02:44:48.289] [main/INFO] [KubeJS Server/]: Loaded script addonpack_fsang_hero:kubejs_scripts/mob_drops.js in 0.0 s
[16Aug2026 02:44:48.289] [main/INFO] [KubeJS Server/]: Loaded script addonpack_fsang_hero:kubejs_scripts/strong_punch.js in 0.0 s
[16Aug2026 02:44:48.292] [main/INFO] [KubeJS Server/]: Loaded script addonpack_fsang_hero:kubejs_scripts/mutation_assigner.js in 0.002 s
[16Aug2026 02:44:48.294] [main/INFO] [KubeJS Server/]: Loaded script addonpack_fsang_hero:kubejs_scripts/potion_handling.js in 0.002 s
[16Aug2026 02:44:48.295] [main/INFO] [KubeJS Server/]: Loaded script addonpack_fsang_hero:kubejs_scripts/glyph_speech_chat.js in 0.001 s
[16Aug2026 02:44:48.295] [main/INFO] [KubeJS Server/]: Loaded script addonpack_fsang_hero:kubejs_scripts/sync_first_person.js in 0.0 s
[16Aug2026 02:44:48.304] [main/INFO] [KubeJS Server/]: addonpack_fsang_hero:kubejs_scripts/custom_commands.js#781: Loaded Java class 'net.minecraft.core.BlockPos'
[16Aug2026 02:44:48.305] [main/INFO] [KubeJS Server/]: addonpack_fsang_hero:kubejs_scripts/custom_commands.js#858: Loaded Java class 'com.mojang.brigadier.arguments.IntegerArgumentType'
[16Aug2026 02:44:48.306] [main/INFO] [KubeJS Server/]: addonpack_fsang_hero:kubejs_scripts/custom_commands.js#918: Loaded Java class 'net.minecraft.commands.arguments.coordinates.BlockPosArgument'
[16Aug2026 02:44:48.307] [main/INFO] [KubeJS Server/]: addonpack_fsang_hero:kubejs_scripts/custom_commands.js#1315: Loaded Java class 'com.mojang.brigadier.arguments.StringArgumentType'
[16Aug2026 02:44:48.307] [main/INFO] [KubeJS Server/]: Loaded script addonpack_fsang_hero:kubejs_scripts/custom_commands.js in 0.011 s
[16Aug2026 02:44:48.308] [main/INFO] [KubeJS Server/]: Loaded script addonpack_fsang_hero:kubejs_scripts/compound_v.js in 0.001 s
[16Aug2026 02:44:48.309] [main/INFO] [KubeJS Server/]: Loaded script addonpack_fsang_hero:kubejs_scripts/metahhumans.js in 0.001 s
[16Aug2026 02:44:48.312] [main/INFO] [KubeJS Server/]: Loaded script addonpack_fsang_hero:kubejs_scripts/atlantean_assigner.js in 0.003 s
[16Aug2026 02:44:48.313] [main/INFO] [KubeJS Server/]: Loaded script addonpack_fsang_hero:kubejs_scripts/necroplasm.js in 0.001 s
[16Aug2026 02:44:48.313] [main/INFO] [KubeJS Server/]: Loaded script addonpack_fsang_hero:kubejs_scripts/tripple_speech.js in 0.0 s
[16Aug2026 02:44:48.313] [main/INFO] [KubeJS Server/]: Loaded script addonpack_fsang_hero:kubejs_scripts/ad_astra_space.js in 0.0 s
[16Aug2026 02:44:48.321] [main/INFO] [KubeJS Server/]: addonpack_fsang_hero:kubejs_scripts/properties.js#747: Loaded Java class 'top.theillusivec4.curios.api.CuriosApi'
[16Aug2026 02:44:48.322] [main/INFO] [KubeJS Server/]: Loaded script addonpack_fsang_hero:kubejs_scripts/properties.js in 0.009 s
[16Aug2026 02:44:48.323] [main/INFO] [KubeJS Server/]: Loaded script addonpack_fsang_hero:kubejs_scripts/nanites.js in 0.0 s
[16Aug2026 02:44:48.326] [main/INFO] [KubeJS Server/]: Loaded script addonpack_fsang_hero:kubejs_scripts/kryptonite_tools.js in 0.001 s
[16Aug2026 02:44:48.327] [main/INFO] [KubeJS Server/]: Loaded script addonpack_fsang_hero:kubejs_scripts/mjolnir_rename.js in 0.001 s
[16Aug2026 02:44:48.328] [main/INFO] [KubeJS Server/]: Loaded script addonpack_fsang_hero:kubejs_scripts/arachnids.js in 0.001 s
[16Aug2026 02:44:48.329] [main/INFO] [KubeJS Server/]: Loaded script addonpack_fsang_hero:kubejs_scripts/kaiju_spawner.js in 0.001 s
[16Aug2026 02:44:48.329] [main/INFO] [KubeJS Server/]: Loaded script addonpack_fsang_hero:kubejs_scripts/cosmic_particle.js in 0.0 s
[16Aug2026 02:44:48.337] [main/INFO] [KubeJS Server/]: Loaded script addonpack_fsang_hero:kubejs_scripts/items.js in 0.007 s
[16Aug2026 02:44:48.338] [main/INFO] [KubeJS Server/]: Loaded script addonpack_fsang_hero:kubejs_scripts/symbiote_assigner.js in 0.001 s
[16Aug2026 02:44:48.339] [main/INFO] [KubeJS Server/]: Loaded script addonpack_fsang_hero:kubejs_scripts/ice_tools.js in 0.0 s
[16Aug2026 02:44:48.342] [main/INFO] [KubeJS Server/]: Loaded script addonpack_fsang_hero:kubejs_scripts/skeletons.js in 0.002 s
[16Aug2026 02:44:48.344] [main/INFO] [KubeJS Server/]: Loaded script addonpack_fsang_hero:kubejs_scripts/fsang_nbt_clamp.js in 0.002 s
[16Aug2026 02:44:48.345] [main/INFO] [KubeJS Server/]: Loaded script addonpack_fsang_hero:kubejs_scripts/radiant_black.js in 0.0 s
[16Aug2026 02:44:48.346] [main/INFO] [KubeJS Server/]: Loaded script addonpack_fsang_hero:kubejs_scripts/commands_secondaries.js in 0.001 s
[16Aug2026 02:44:48.348] [main/INFO] [KubeJS Server/]: Loaded script addonpack_fsang_hero:kubejs_scripts/inhibitor_collars.js in 0.001 s
[16Aug2026 02:44:48.348] [main/INFO] [KubeJS Server/]: Loaded script addonpack_fsang_hero:kubejs_scripts/pocket_storage.js in 0.0 s
[16Aug2026 02:44:48.349] [main/INFO] [KubeJS Server/]: Loaded script addonpack_fsang_hero:kubejs_scripts/player_attacking_tag.js in 0.0 s
[16Aug2026 02:44:48.350] [main/INFO] [KubeJS Server/]: Loaded script addonpack_fsang_hero:kubejs_scripts/potion_punch.js in 0.0 s
[16Aug2026 02:44:48.350] [main/INFO] [KubeJS Server/]: Loaded script addonpack_fsang_hero:kubejs_scripts/mjolnir_break.js in 0.0 s
[16Aug2026 02:44:48.350] [main/INFO] [KubeJS Server/]: Loaded script addonpack_fsang_hero:kubejs_scripts/radiant_black_robot_spawn.js in 0.0 s
[16Aug2026 02:44:48.351] [main/INFO] [KubeJS Server/]: Loaded script addonpack_fsang_hero:kubejs_scripts/skin_change.js in 0.0 s
[16Aug2026 02:44:48.352] [main/INFO] [KubeJS Server/]: Loaded script addonpack_fsang_hero:kubejs_scripts/blueprints.js in 0.0 s
[16Aug2026 02:44:48.353] [main/INFO] [KubeJS Server/]: Loaded script addonpack_fsang_hero:kubejs_scripts/black_flash.js in 0.001 s
[16Aug2026 02:44:48.353] [main/INFO] [KubeJS Server/]: Loaded script addonpack_fsang_hero:kubejs_scripts/scoreboard_loader.js in 0.0 s
[16Aug2026 02:44:48.354] [main/INFO] [KubeJS Server/]: Loaded script addonpack_fsang_hero:kubejs_scripts/super_soldier.js in 0.001 s
[16Aug2026 02:44:48.355] [main/INFO] [KubeJS Server/]: Loaded script addonpack_fsang_hero:kubejs_scripts/projectile_damager.js in 0.001 s
[16Aug2026 02:44:48.358] [main/INFO] [KubeJS Server/]: Loaded script addonpack_fsang_hero:kubejs_scripts/sync_rgb.js in 0.003 s
[16Aug2026 02:44:48.360] [main/INFO] [KubeJS Server/]: addonpack_fsang_hero:kubejs_scripts/data_enderchest.js#10: Loaded Java class 'net.minecraft.network.chat.Component'
[16Aug2026 02:44:48.361] [main/INFO] [KubeJS Server/]: addonpack_fsang_hero:kubejs_scripts/data_enderchest.js#11: Loaded Java class 'net.minecraft.world.inventory.ContainerLevelAccess'
[16Aug2026 02:44:48.361] [main/INFO] [KubeJS Server/]: addonpack_fsang_hero:kubejs_scripts/data_enderchest.js#12: Loaded Java class 'net.minecraft.world.inventory.CraftingMenu'
[16Aug2026 02:44:48.362] [main/INFO] [KubeJS Server/]: addonpack_fsang_hero:kubejs_scripts/data_enderchest.js#13: Loaded Java class 'net.minecraft.world.SimpleMenuProvider'
[16Aug2026 02:44:48.362] [main/INFO] [KubeJS Server/]: addonpack_fsang_hero:kubejs_scripts/data_enderchest.js#14: Loaded Java class 'java.util.Optional'
[16Aug2026 02:44:48.363] [main/INFO] [KubeJS Server/]: Loaded script addonpack_fsang_hero:kubejs_scripts/data_enderchest.js in 0.003 s
[16Aug2026 02:44:48.363] [main/INFO] [KubeJS Server/]: Loaded script addonpack_fsang_hero:kubejs_scripts/mysterium_ore.js in 0.0 s
[16Aug2026 02:44:48.364] [main/INFO] [KubeJS Server/]: Loaded script addonpack_fsang_hero:kubejs_scripts/damage_divider.js in 0.001 s
[16Aug2026 02:44:48.364] [main/INFO] [KubeJS Server/]: Loaded script addonpack_fsang_hero:kubejs_scripts/respawn.js in 0.0 s
[16Aug2026 02:44:48.365] [main/INFO] [KubeJS Server/]: Loaded script addonpack_fsang_hero:kubejs_scripts/zombie_symbiote.js in 0.001 s
[16Aug2026 02:44:48.366] [main/INFO] [KubeJS Server/]: Loaded script addonpack_fsang_hero:kubejs_scripts/speedforce_trail_changer.js in 0.001 s
[16Aug2026 02:44:48.369] [main/INFO] [KubeJS Server/]: Loaded script addonpack_omni_extras:kubejs_scripts/andreas.js in 0.002 s
[16Aug2026 02:44:48.370] [main/INFO] [KubeJS Server/]: Loaded script addonpack_omni_extras:kubejs_scripts/command.js in 0.001 s
[16Aug2026 02:44:48.370] [main/INFO] [KubeJS Server/]: Loaded script addonpack_omni_extras:kubejs_scripts/punch_condition.js in 0.0 s
[16Aug2026 02:44:48.371] [main/INFO] [KubeJS Server/]: Loaded script addonpack_omni_extras:kubejs_scripts/vial.js in 0.0 s
[16Aug2026 02:44:48.371] [main/INFO] [KubeJS Server/]: Loaded script addonpack_omni_extras:kubejs_scripts/palladium_properties.js in 0.0 s
[16Aug2026 02:44:48.372] [main/INFO] [KubeJS Server/]: Loaded script addonpack_omni_extras:kubejs_scripts/spawn_eggs.js in 0.0 s
[16Aug2026 02:44:48.374] [main/INFO] [KubeJS Server/]: Loaded script addonpack_omni_extras:kubejs_scripts/xylene.js in 0.002 s
[16Aug2026 02:44:48.375] [main/INFO] [KubeJS Server/]: Loaded script addonpack_omni_extras:kubejs_scripts/buzzshock.js in 0.001 s
[16Aug2026 02:44:48.379] [main/INFO] [KubeJS Server/]: addonpack_omni_extras:kubejs_scripts/drilling_mechanics.js#12: Loaded Java class 'net.minecraft.world.level.block.Block'
[16Aug2026 02:44:48.379] [main/INFO] [KubeJS Server/]: Loaded script addonpack_omni_extras:kubejs_scripts/drilling_mechanics.js in 0.003 s
[16Aug2026 02:44:48.379] [main/INFO] [KubeJS Server/]: Loaded script addonpack_omni_extras:kubejs_scripts/server.js in 0.0 s
[16Aug2026 02:44:48.380] [main/INFO] [KubeJS Server/]: Loaded script addonpack_omni_extras:kubejs_scripts/ignore_dmg.js in 0.0 s
[16Aug2026 02:44:48.381] [main/INFO] [KubeJS Server/]: Loaded script addonpack_omni_extras:kubejs_scripts/upchuck_mechanics.js in 0.001 s
[16Aug2026 02:44:48.383] [main/INFO] [KubeJS Server/]: Loaded script addonpack_chrono_machina:kubejs_scripts/syn_color.js in 0.001 s
[16Aug2026 02:44:48.384] [main/INFO] [KubeJS Server/]: Loaded script addonpack_chrono_machina:kubejs_scripts/uniform_mark.js in 0.0 s
[16Aug2026 02:44:48.384] [main/INFO] [KubeJS Server/]: Loaded script addonpack_chrono_machina:kubejs_scripts/diamond_mark.js in 0.0 s
[16Aug2026 02:44:48.385] [main/INFO] [KubeJS Server/]: Loaded script addonpack_chrono_machina:kubejs_scripts/fix_ride_bug.js in 0.001 s
[16Aug2026 02:44:48.386] [main/INFO] [KubeJS Server/]: Loaded script addonpack_chrono_machina:kubejs_scripts/upgrade.js in 0.0 s
[16Aug2026 02:44:48.388] [main/INFO] [KubeJS Server/]: Loaded script addonpack_chrono_machina:kubejs_scripts/separate.js in 0.0 s
[16Aug2026 02:44:48.389] [main/INFO] [KubeJS Server/]: Loaded script addonpack_bhmod:kubejs_scripts/xp_bridge.js in 0.001 s
[16Aug2026 02:44:48.390] [main/INFO] [KubeJS Server/]: Loaded script addonpack_bhmod:kubejs_scripts/phase_no_interact.js in 0.001 s
[16Aug2026 02:44:48.396] [main/INFO] [KubeJS Server/]: addonpack_bhmod:kubejs_scripts/obtain.js#195: Loaded Java class 'net.minecraft.world.item.enchantment.EnchantmentHelper'
[16Aug2026 02:44:48.396] [main/INFO] [KubeJS Server/]: addonpack_bhmod:kubejs_scripts/obtain.js#196: Loaded Java class 'net.minecraft.world.item.enchantment.Enchantments'
[16Aug2026 02:44:48.396] [main/INFO] [KubeJS Server/]: Loaded script addonpack_bhmod:kubejs_scripts/obtain.js in 0.006 s
[16Aug2026 02:44:48.398] [main/INFO] [KubeJS Server/]: addonpack_bhmod:kubejs_scripts/combat_polish.js#2: Loaded Java class 'net.minecraft.resources.ResourceLocation'
[16Aug2026 02:44:48.398] [main/INFO] [KubeJS Server/]: Loaded script addonpack_bhmod:kubejs_scripts/combat_polish.js in 0.001 s
[16Aug2026 02:44:48.399] [main/INFO] [KubeJS Server/]: Loaded script addonpack_aeo:kubejs_scripts/failsafe.js in 0.001 s
[16Aug2026 02:44:48.402] [main/INFO] [KubeJS Server/]: Loaded script addonpack_aeo:kubejs_scripts/sync_prototype_completed.js in 0.001 s
[16Aug2026 02:44:48.402] [main/INFO] [KubeJS Server/]: Loaded script addonpack_aeo:kubejs_scripts/palladium_properties.js in 0.0 s
[16Aug2026 02:44:48.403] [main/INFO] [KubeJS Server/]: Loaded script addonpack_aeo:kubejs_scripts/property_sync.js in 0.001 s
[16Aug2026 02:44:48.406] [main/INFO] [KubeJS Server/]: Loaded script addonpack_aeo:kubejs_scripts/cookingts.js in 0.002 s
[16Aug2026 02:44:48.406] [main/INFO] [KubeJS Server/]: Loaded script addonpack_aeo:kubejs_scripts/suited.js in 0.0 s
[16Aug2026 02:44:48.406] [main/INFO] [KubeJS Server/]: Loaded script addonpack_aeo:kubejs_scripts/batman.js in 0.0 s
[16Aug2026 02:44:48.407] [main/INFO] [KubeJS Server/]: Loaded script addonpack_aeo:kubejs_scripts/clock.js in 0.001 s
[16Aug2026 02:44:48.408] [main/INFO] [KubeJS Server/]: Loaded script addonpack_aeo:kubejs_scripts/extras_handler.js in 0.001 s
[16Aug2026 02:44:48.410] [main/INFO] [KubeJS Server/]: Loaded script addonpack_aeo:kubejs_scripts/rgb.js in 0.002 s
[16Aug2026 02:44:48.410] [main/INFO] [KubeJS Server/]: Loaded script addonpack_aeo:kubejs_scripts/airtime.js in 0.0 s
[16Aug2026 02:44:48.419] [main/INFO] [KubeJS Server/]: Loaded script addonpack_aeo:kubejs_scripts/display.js in 0.009 s
[16Aug2026 02:44:48.424] [main/INFO] [KubeJS Server/]: Loaded script addonpack_aeo:kubejs_scripts/randomizer.js in 0.005 s
[16Aug2026 02:44:48.425] [main/INFO] [KubeJS Server/]: Loaded script addonpack_aeo:kubejs_scripts/randomizer_code_tablet.js in 0.001 s
[16Aug2026 02:44:48.426] [main/INFO] [KubeJS Server/]: Loaded script addonpack_aeo:kubejs_scripts/core.js in 0.001 s
[16Aug2026 02:44:48.427] [main/INFO] [KubeJS Server/]: Loaded script addonpack_aeo:kubejs_scripts/core_scrambler.js in 0.0 s
[16Aug2026 02:44:48.427] [main/INFO] [KubeJS Server/]: Loaded script addonpack_aeo:kubejs_scripts/tagchecker.js in 0.0 s
[16Aug2026 02:44:48.428] [main/INFO] [KubeJS Server/]: Loaded script addonpack_aeo:kubejs_scripts/battery_timer.js in 0.001 s
[16Aug2026 02:44:48.429] [main/INFO] [KubeJS Server/]: Loaded script addonpack_aeo:kubejs_scripts/reworks.js in 0.001 s
[16Aug2026 02:44:48.430] [main/INFO] [KubeJS Server/]: Loaded script addonpack_omni_evo:kubejs_scripts/glow_sync.js in 0.0 s
[16Aug2026 02:44:48.431] [main/INFO] [KubeJS Server/]: Loaded script addonpack_omni_evo:kubejs_scripts/ultimate_failsafe.js in 0.001 s
[16Aug2026 02:44:48.435] [main/INFO] [KubeJS Server/]: addonpack_omni_evo:kubejs_scripts/ult_cannonbolt_slam.js#3: Loaded Java class 'net.minecraft.core.particles.DustParticleOptions'
[16Aug2026 02:44:48.435] [main/INFO] [KubeJS Server/]: addonpack_omni_evo:kubejs_scripts/ult_cannonbolt_slam.js#4: Loaded Java class 'org.joml.Vector3f'
[16Aug2026 02:44:48.435] [main/INFO] [KubeJS Server/]: Loaded script addonpack_omni_evo:kubejs_scripts/ult_cannonbolt_slam.js in 0.003 s
[16Aug2026 02:44:48.436] [main/INFO] [KubeJS Server/]: Loaded script addonpack_omni_evo:kubejs_scripts/palladium_properties.js in 0.001 s
[16Aug2026 02:44:48.437] [main/INFO] [KubeJS Server/]: Loaded script addonpack_omni_evo:kubejs_scripts/failsafe_recal.js in 0.001 s
[16Aug2026 02:44:48.438] [main/INFO] [KubeJS Server/]: Loaded script addonpack_omni_evo:kubejs_scripts/screwdriver_item.js in 0.001 s
[16Aug2026 02:44:48.439] [main/INFO] [KubeJS Server/]: Loaded script addonpack_stretchakln:kubejs_scripts/obtainment.js in 0.0 s
[16Aug2026 02:44:48.439] [main/INFO] [KubeJS Server/]: Loaded script addonpack_fempack:kubejs_scripts/sync.js in 0.0 s
[16Aug2026 02:44:48.440] [main/INFO] [KubeJS Server/]: Loaded script addonpack_fempack:kubejs_scripts/female.js in 0.001 s
[16Aug2026 02:44:48.440] [main/INFO] [KubeJS Server/]: Loaded script addonpack_omniverse_time_pack_aliens:kubejs_scripts/electroshock_power.js in 0.0 s
[16Aug2026 02:44:48.441] [main/INFO] [KubeJS Server/]: Loaded script addonpack_chromastone:kubejs_scripts/override.js in 0.001 s
[16Aug2026 02:44:48.441] [main/INFO] [KubeJS Server/]: Loaded script addonpack_chromastone:kubejs_scripts/mekanism.js in 0.0 s
[16Aug2026 02:44:48.445] [main/INFO] [KubeJS Server/]: addonpack_chromastone:kubejs_scripts/encased.js#2: Loaded Java class 'net.minecraft.world.entity.LivingEntity'
[16Aug2026 02:44:48.446] [main/INFO] [KubeJS Server/]: addonpack_chromastone:kubejs_scripts/encased.js#4: Loaded Java class 'net.minecraft.core.registries.BuiltInRegistries'
[16Aug2026 02:44:48.457] [main/INFO] [KubeJS Server/]: Loaded script addonpack_chromastone:kubejs_scripts/encased.js in 0.016 s
[16Aug2026 02:44:48.458] [main/INFO] [KubeJS Server/]: Loaded script addonpack_chromastone:kubejs_scripts/same_type_of_stand.js in 0.001 s
[16Aug2026 02:44:48.460] [main/INFO] [KubeJS Server/]: Loaded script addonpack_chromastone:kubejs_scripts/tremorzilla_beam.js in 0.002 s
[16Aug2026 02:44:48.460] [main/INFO] [KubeJS Server/]: Loaded script addonpack_chromastone:kubejs_scripts/inventory.js in 0.0 s
[16Aug2026 02:44:48.461] [main/INFO] [KubeJS Server/]: Loaded script addonpack_chromastone:kubejs_scripts/ironspells_gain.js in 0.001 s
[16Aug2026 02:44:48.463] [main/INFO] [KubeJS Server/]: Loaded script addonpack_alienevo:kubejs_scripts/code_hints.js in 0.002 s
[16Aug2026 02:44:48.463] [main/INFO] [KubeJS Server/]: Loaded script addonpack_alienevo:kubejs_scripts/nickname_command.js in 0.0 s
[16Aug2026 02:44:48.469] [main/INFO] [KubeJS Server/]: addonpack_alienevo:kubejs_scripts/hit.js#102: Loaded Java class 'net.minecraft.world.entity.decoration.ArmorStand'
[16Aug2026 02:44:48.471] [main/INFO] [KubeJS Server/]: addonpack_alienevo:kubejs_scripts/hit.js#103: Loaded Java class 'net.minecraft.world.entity.projectile.Projectile'
[16Aug2026 02:44:48.472] [main/INFO] [KubeJS Server/]: addonpack_alienevo:kubejs_scripts/hit.js#145: Loaded Java class 'net.minecraft.resources.ResourceKey'
[16Aug2026 02:44:48.472] [main/INFO] [KubeJS Server/]: addonpack_alienevo:kubejs_scripts/hit.js#146: Loaded Java class 'net.minecraft.tags.TagKey'
[16Aug2026 02:44:48.472] [main/INFO] [KubeJS Server/]: Loaded script addonpack_alienevo:kubejs_scripts/hit.js in 0.009 s
[16Aug2026 02:44:48.476] [main/INFO] [KubeJS Server/]: Loaded script addonpack_alienevo:kubejs_scripts/playlist_command.js in 0.004 s
[16Aug2026 02:44:48.478] [main/INFO] [KubeJS Server/]: Loaded script addonpack_alienevo:kubejs_scripts/palladium_properties.js in 0.002 s
[16Aug2026 02:44:48.479] [main/INFO] [KubeJS Server/]: Loaded script addonpack_alienevo:kubejs_scripts/workbench_items.js in 0.001 s
[16Aug2026 02:44:48.480] [main/INFO] [KubeJS Server/]: addonpack_alienevo:kubejs_scripts/attributes.js#1: Loaded Java class 'net.minecraft.world.entity.ai.attributes.Attributes'
[16Aug2026 02:44:48.480] [main/INFO] [KubeJS Server/]: Loaded script addonpack_alienevo:kubejs_scripts/attributes.js in 0.001 s
[16Aug2026 02:44:48.482] [main/INFO] [KubeJS Server/]: Loaded script addonpack_alienevo:kubejs_scripts/pod_loot.js in 0.002 s
[16Aug2026 02:44:48.482] [main/INFO] [KubeJS Server/]: Loaded script addonpack_alienevo:kubejs_scripts/recipes.js in 0.0 s
[16Aug2026 02:44:48.483] [main/INFO] [KubeJS Server/]: Loaded script addonpack_alienevo:kubejs_scripts/level_command.js in 0.001 s
[16Aug2026 02:44:48.486] [main/INFO] [KubeJS Server/]: Loaded script addonpack_alienevo:kubejs_scripts/quick_change.js in 0.002 s
[16Aug2026 02:44:48.487] [main/INFO] [KubeJS Server/]: Loaded script addonpack_alienevo:kubejs_scripts/failsafe.js in 0.001 s
[16Aug2026 02:44:48.488] [main/INFO] [KubeJS Server/]: Loaded script addonpack_alienevo:kubejs_scripts/break_block.js in 0.001 s
[16Aug2026 02:44:48.490] [main/INFO] [KubeJS Server/]: Loaded script addonpack_alienevo:kubejs_scripts/slam.js in 0.002 s
[16Aug2026 02:44:48.490] [main/INFO] [KubeJS Server/]: Loaded script addonpack_alienevo:kubejs_scripts/ride.js in 0.0 s
[16Aug2026 02:44:48.507] [main/INFO] [com.cupboard.Cupboard/]: Loaded config for: connectivity.json
[16Aug2026 02:44:48.508] [main/INFO] [KubeJS Server/]: Loaded script addonpack_alienevo:kubejs_scripts/workbench.js in 0.018 s
[16Aug2026 02:44:48.509] [main/INFO] [KubeJS Server/]: Loaded script addonpack_alienevo:kubejs_scripts/color_commands.js in 0.0 s
[16Aug2026 02:44:48.509] [main/INFO] [KubeJS Server/]: Loaded script addonpack_alienevo:kubejs_scripts/server_stuff.js in 0.0 s
[16Aug2026 02:44:48.510] [main/INFO] [KubeJS Server/]: Loaded script addonpack_alienevo:kubejs_scripts/fall.js in 0.001 s
[16Aug2026 02:44:48.510] [main/INFO] [KubeJS Server/]: Loaded script addonpack_alienevo:kubejs_scripts/xp.js in 0.0 s
[16Aug2026 02:44:48.511] [main/INFO] [KubeJS Server/]: Loaded script addonpack_alienevo:kubejs_scripts/behind.js in 0.0 s
[16Aug2026 02:44:48.511] [main/INFO] [KubeJS Server/]: Loaded script addonpack_aeroflame:kubejs_scripts/takeawaydetransform.js in 0.0 s
[16Aug2026 02:44:48.511] [main/INFO] [KubeJS Server/]: Loaded script addonpack_aeroflame:kubejs_scripts/command.js in 0.0 s
[16Aug2026 02:44:48.512] [main/INFO] [KubeJS Server/]: Loaded script addonpack_aeroflame:kubejs_scripts/removeelectrocuted.js in 0.0 s
[16Aug2026 02:44:48.513] [main/INFO] [KubeJS Server/]: Loaded script addonpack_aeroflame:kubejs_scripts/somenotimportantscripts.js in 0.001 s
[16Aug2026 02:44:48.513] [main/INFO] [KubeJS Server/]: Loaded script addonpack_aeroflame:kubejs_scripts/blockevent.js in 0.0 s
[16Aug2026 02:44:48.514] [main/INFO] [KubeJS Server/]: Loaded script addonpack_spidermonkey:kubejs_scripts/webbing.js in 0.001 s
[16Aug2026 02:44:48.514] [main/INFO] [KubeJS Server/]: Loaded script addonpack_spidermonkey:kubejs_scripts/sticking.js in 0.0 s
[16Aug2026 02:44:48.516] [main/INFO] [KubeJS Server/]: Loaded script addonpack_spidermonkey:kubejs_scripts/dodge.js in 0.001 s
[16Aug2026 02:44:48.516] [main/INFO] [KubeJS Server/]: Loaded script addonpack_shout:kubejs_scripts/toggle.js in 0.0 s
[16Aug2026 02:44:48.519] [main/INFO] [KubeJS Server/]: Loaded script addonpack_shout:kubejs_scripts/commands.js in 0.003 s
[16Aug2026 02:44:48.520] [main/INFO] [KubeJS Server/]: Loaded script addonpack_galvan:kubejs_scripts/upgrade_template.js in 0.0 s
[16Aug2026 02:44:48.520] [main/INFO] [KubeJS Server/]: Loaded 159/159 KubeJS server scripts in 0.275 s with 0 errors and 0 warnings
[16Aug2026 02:44:48.520] [main/INFO] [KubeJS Server/]: Scripts loaded
[16Aug2026 02:44:48.538] [main/INFO] [KubeJS Server/]: Initializing recipe event...
[16Aug2026 02:44:48.550] [main/INFO] [com.teamabnormals.blueprint.core.Blueprint/]: Successfully loaded 0 data remolders!
[16Aug2026 02:44:48.600] [main/ERROR] [net.minecraft.world.level.biome.BiomeGenerationSettings/]: Features: Not a json array: {"name":"minecraft:block_replacer","config":{"target":"minecraft:stone","replacement":"minecraft:blackstone"}}; Input does not contain a key [type]: MapLike[{"name":"minecraft:block_replacer","config":{"target":"minecraft:stone","replacement":"minecraft:blackstone"}}]; Not a json array: {"name":"minecraft:nether_roof","config":{"roof_block":{"Name":"minecraft:obsidian"}}}; Input does not contain a key [type]: MapLike[{"name":"minecraft:nether_roof","config":{"roof_block":{"Name":"minecraft:obsidian"}}}]; Not a json array: {"name":"minecraft:surface_materials","config":{"top_material":{"Name":"minecraft:grass_block"},"under_material":{"Name":"minecraft:obsidian"}}}; Input does not contain a key [type]: MapLike[{"name":"minecraft:surface_materials","config":{"top_material":{"Name":"minecraft:grass_block"},"under_material":{"Name":"minecraft:obsidian"}}}]
[16Aug2026 02:44:48.631] [main/ERROR] [net.minecraft.world.level.biome.MobSpawnSettings/]: Spawn data: Value must be positive: 0; Value must be positive: 0; Value must be positive: 0; Value must be positive: 0; Value must be positive: 0; Value must be positive: 0; Value must be positive: 0; Value must be positive: 0; Value must be positive: 0; Value must be positive: 0; Value must be positive: 0; Value must be positive: 0
[16Aug2026 02:44:48.632] [main/ERROR] [net.minecraft.world.level.biome.MobSpawnSettings/]: Spawn data: Value must be positive: 0; Value must be positive: 0; Value must be positive: 0; Value must be positive: 0; Value must be positive: 0; Value must be positive: 0; Value must be positive: 0; Value must be positive: 0; Value must be positive: 0; Value must be positive: 0; Value must be positive: 0; Value must be positive: 0; Value must be positive: 0; Value must be positive: 0; Value must be positive: 0; Value must be positive: 0
[16Aug2026 02:44:48.645] [main/ERROR] [net.minecraft.world.level.biome.MobSpawnSettings/]: Spawn data: Value must be positive: 0; Value must be positive: 0; Value must be positive: 0; Value must be positive: 0; Value must be positive: 0; Value must be positive: 0; Value must be positive: 0; Value must be positive: 0; Value must be positive: 0; Value must be positive: 0; Value must be positive: 0; Value must be positive: 0
[16Aug2026 02:44:48.646] [main/ERROR] [net.minecraft.world.level.biome.MobSpawnSettings/]: Spawn data: Value must be positive: 0; Value must be positive: 0; Value must be positive: 0; Value must be positive: 0; Value must be positive: 0; Value must be positive: 0; Value must be positive: 0; Value must be positive: 0; Value must be positive: 0; Value must be positive: 0; Value must be positive: 0; Value must be positive: 0; Value must be positive: 0; Value must be positive: 0; Value must be positive: 0; Value must be positive: 0
[16Aug2026 02:44:48.655] [main/ERROR] [net.minecraft.world.level.biome.MobSpawnSettings/]: Spawn data: Value must be positive: 0; Value must be positive: 0; Value must be positive: 0; Value must be positive: 0; Value must be positive: 0; Value must be positive: 0; Value must be positive: 0; Value must be positive: 0; Value must be positive: 0; Value must be positive: 0; Value must be positive: 0; Value must be positive: 0
[16Aug2026 02:44:48.655] [main/ERROR] [net.minecraft.world.level.biome.MobSpawnSettings/]: Spawn data: Value must be positive: 0; Value must be positive: 0; Value must be positive: 0; Value must be positive: 0; Value must be positive: 0; Value must be positive: 0; Value must be positive: 0; Value must be positive: 0; Value must be positive: 0; Value must be positive: 0; Value must be positive: 0; Value must be positive: 0; Value must be positive: 0; Value must be positive: 0; Value must be positive: 0; Value must be positive: 0
[16Aug2026 02:44:48.666] [main/ERROR] [net.minecraft.world.level.biome.MobSpawnSettings/]: Spawn data: Value must be positive: 0; Value must be positive: 0; Value must be positive: 0; Value must be positive: 0; Value must be positive: 0; Value must be positive: 0; Value must be positive: 0; Value must be positive: 0; Value must be positive: 0; Value must be positive: 0; Value must be positive: 0; Value must be positive: 0
[16Aug2026 02:44:48.667] [main/ERROR] [net.minecraft.world.level.biome.MobSpawnSettings/]: Spawn data: Value must be positive: 0; Value must be positive: 0; Value must be positive: 0; Value must be positive: 0; Value must be positive: 0; Value must be positive: 0; Value must be positive: 0; Value must be positive: 0; Value must be positive: 0; Value must be positive: 0; Value must be positive: 0; Value must be positive: 0; Value must be positive: 0; Value must be positive: 0; Value must be positive: 0; Value must be positive: 0
[16Aug2026 02:44:48.674] [main/ERROR] [net.minecraft.world.level.biome.MobSpawnSettings/]: Spawn data: Value must be positive: 0; Value must be positive: 0; Value must be positive: 0; Value must be positive: 0; Value must be positive: 0; Value must be positive: 0; Value must be positive: 0; Value must be positive: 0; Value must be positive: 0; Value must be positive: 0; Value must be positive: 0; Value must be positive: 0; Value must be positive: 0; Value must be positive: 0; Value must be positive: 0; Value must be positive: 0
[16Aug2026 02:44:50.639] [Worker-Main-1/WARN] [mixin/]: Static binding violation: PRIVATE @Overwrite method m_215924_ in modernfix-modernfix.mixins.json:perf.tag_id_caching.TagEntryMixin cannot reduce visibiliy of PUBLIC target method, visibility will be upgraded.
[16Aug2026 02:44:50.658] [Worker-Main-1/ERROR] [net.minecraft.tags.TagLoader/]: [Load My Fucking Tags] Couldn't load certain entries with the tag iceandfire:immune_to_gorgon_stone: #c:bosses (from IceAndFireCE-1.2.7-1.20.1-forge.jar)
[16Aug2026 02:44:50.738] [Worker-Main-3/ERROR] [net.minecraft.tags.TagLoader/]: Not a JSON object: "mna:spell_briars "
[16Aug2026 02:44:50.738] [Worker-Main-2/ERROR] [net.minecraft.tags.TagLoader/]: [Load My Fucking Tags] Couldn't load certain entries with the tag minecraft:has_structure/ocean_ruin_cold: fsang:overworld_5 (from FSang18's Heroes v12.4.1.jar)
[16Aug2026 02:44:50.741] [Worker-Main-2/ERROR] [net.minecraft.tags.TagLoader/]: [Load My Fucking Tags] Couldn't load certain entries with the tag minecraft:has_structure/shipwreck: fsang:overworld_5 (from FSang18's Heroes v12.4.1.jar)
[16Aug2026 02:44:50.741] [Worker-Main-3/ERROR] [net.minecraft.tags.TagLoader/]: Couldn't read tag list alienevo:evomna from alienevo:tags/damage_type/evomna.json in data pack chromastone-1.9_FIX_JAR.jar
java.lang.RuntimeException: Not a JSON object: "mna:spell_briars "
	at com.mojang.serialization.DataResult.lambda$getOrThrow$5(DataResult.java:101) ~[datafixerupper-6.0.8.jar%2375!/:?]
	at com.mojang.datafixers.util.Either$Right.map(Either.java:99) ~[datafixerupper-6.0.8.jar%2375!/:?]
	at com.mojang.serialization.DataResult.getOrThrow(DataResult.java:93) ~[datafixerupper-6.0.8.jar%2375!/:?]
	at net.minecraft.tags.TagLoader.m_144495_(TagLoader.java:53) ~[server-1.20.1-20230612.114412-srg.jar%23409!/:?]
	at net.minecraft.tags.TagLoader.m_203900_(TagLoader.java:114) ~[server-1.20.1-20230612.114412-srg.jar%23409!/:?]
	at net.minecraft.tags.TagManager.m_203920_(TagManager.java:55) ~[server-1.20.1-20230612.114412-srg.jar%23409!/:?]
	at java.util.concurrent.CompletableFuture$AsyncSupply.run(CompletableFuture.java:1768) ~[?:?]
	at java.util.concurrent.CompletableFuture$AsyncSupply.exec(CompletableFuture.java:1760) ~[?:?]
	at java.util.concurrent.ForkJoinTask.doExec(ForkJoinTask.java:373) ~[?:?]
	at java.util.concurrent.ForkJoinPool$WorkQueue.topLevelExec(ForkJoinPool.java:1182) ~[?:?]
	at java.util.concurrent.ForkJoinPool.scan(ForkJoinPool.java:1655) ~[?:?]
	at java.util.concurrent.ForkJoinPool.runWorker(ForkJoinPool.java:1622) ~[?:?]
	at java.util.concurrent.ForkJoinWorkerThread.run(ForkJoinWorkerThread.java:165) ~[?:?]
[16Aug2026 02:44:50.743] [Worker-Main-2/ERROR] [net.minecraft.tags.TagLoader/]: [Load My Fucking Tags] Couldn't load certain entries with the tag minecraft:has_structure/buried_treasure: fsang:overworld_5 (from FSang18's Heroes v12.4.1.jar)
[16Aug2026 02:44:50.743] [Worker-Main-2/ERROR] [net.minecraft.tags.TagLoader/]: [Load My Fucking Tags] Couldn't load certain entries with the tag minecraft:has_structure/ocean_monument: fsang:overworld_5 (from FSang18's Heroes v12.4.1.jar)
[16Aug2026 02:44:50.747] [Worker-Main-3/ERROR] [net.minecraft.tags.TagLoader/]: [Load My Fucking Tags] Couldn't load certain entries with the tag alienevo:stand: roundabout:star_finger (from chromastone-1.9_FIX_JAR.jar), roundabout:crossfire (from chromastone-1.9_FIX_JAR.jar), roundabout:stand_fire (from chromastone-1.9_FIX_JAR.jar)
[16Aug2026 02:44:50.747] [Worker-Main-3/ERROR] [net.minecraft.tags.TagLoader/]: [Load My Fucking Tags] Couldn't load certain entries with the tag alienevo:regret: jujutsucraft:damage_curse (from chromastone-1.9_FIX_JAR.jar), jujutsucraft:damage_combat (from chromastone-1.9_FIX_JAR.jar)
[16Aug2026 02:44:50.747] [Worker-Main-3/ERROR] [net.minecraft.tags.TagLoader/]: [Load My Fucking Tags] Couldn't load certain entries with the tag chromastone:superbwarfare: superbwarfare:air_crash (from chromastone-1.9_FIX_JAR.jar), superbwarfare:custom_explosion (from chromastone-1.9_FIX_JAR.jar), superbwarfare:repair_tool (from chromastone-1.9_FIX_JAR.jar), superbwarfare:drone_hit (from chromastone-1.9_FIX_JAR.jar), superbwarfare:grapeshot_hit (from chromastone-1.9_FIX_JAR.jar), superbwarfare:gunfire (from chromastone-1.9_FIX_JAR.jar), superbwarfare:gunfire_absolute (from chromastone-1.9_FIX_JAR.jar), superbwarfare:gunfire_headshot (from chromastone-1.9_FIX_JAR.jar), superbwarfare:gunfire_headshot_absolute (from chromastone-1.9_FIX_JAR.jar), superbwarfare:lunge_mine (from chromastone-1.9_FIX_JAR.jar), superbwarfare:mine (from chromastone-1.9_FIX_JAR.jar), superbwarfare:projectile_explosion (from chromastone-1.9_FIX_JAR.jar), superbwarfare:projectile_hit (from chromastone-1.9_FIX_JAR.jar), superbwarfare:vehicle_explosion (from chromastone-1.9_FIX_JAR.jar), superbwarfare:vehicle_strike (from chromastone-1.9_FIX_JAR.jar)
[16Aug2026 02:44:50.748] [Worker-Main-3/ERROR] [net.minecraft.tags.TagLoader/]: [Load My Fucking Tags] Couldn't load certain entries with the tag alienevo:evoars: ars_nouveau:frost (from chromastone-1.9_FIX_JAR.jar), ars_nouveau:spell (from chromastone-1.9_FIX_JAR.jar)
[16Aug2026 02:44:50.748] [Worker-Main-3/ERROR] [net.minecraft.tags.TagLoader/]: [Load My Fucking Tags] Couldn't load certain entries with the tag chromastone:sonicraft: sonicraft:electrocution (from chromastone-1.9_FIX_JAR.jar)
[16Aug2026 02:44:50.748] [Worker-Main-3/ERROR] [net.minecraft.tags.TagLoader/]: [Load My Fucking Tags] Couldn't load certain entries with the tag chromastone:ironspells_evocation: irons_spellbooks:evocation_magic (from chromastone-1.9_FIX_JAR.jar)
[16Aug2026 02:44:50.748] [Worker-Main-3/ERROR] [net.minecraft.tags.TagLoader/]: [Load My Fucking Tags] Couldn't load certain entries with the tag alienevo:evorbit: minecraft: (from chromastone-1.9_FIX_JAR.jar)
[16Aug2026 02:44:50.748] [Worker-Main-3/ERROR] [net.minecraft.tags.TagLoader/]: [Load My Fucking Tags] Couldn't load certain entries with the tag chromastone:voltic: voltaic:electricity (from chromastone-1.9_FIX_JAR.jar), voltaic:radiation (from chromastone-1.9_FIX_JAR.jar)
[16Aug2026 02:44:50.748] [Worker-Main-3/ERROR] [net.minecraft.tags.TagLoader/]: [Load My Fucking Tags] Couldn't load certain entries with the tag alienevo:evocataclysmspells: cataclysm_spellbooks:abyssal_magic (from chromastone-1.9_FIX_JAR.jar), cataclysm_spellbooks:blazing_aoe (from chromastone-1.9_FIX_JAR.jar), cataclysm_spellbooks:technomancy_magic (from chromastone-1.9_FIX_JAR.jar)
[16Aug2026 02:44:50.748] [Worker-Main-3/ERROR] [net.minecraft.tags.TagLoader/]: [Load My Fucking Tags] Couldn't load certain entries with the tag omni_evo_aliens:oxygen: redsaddon:oxygen (from omni_evo_aliens-1.0.1.jar)
[16Aug2026 02:44:50.748] [Worker-Main-3/ERROR] [net.minecraft.tags.TagLoader/]: [Load My Fucking Tags] Couldn't load certain entries with the tag chromastone:torchesbecomesunlight: torchesbecomesunlight:no_trigger_no_armor_attack (from chromastone-1.9_FIX_JAR.jar), torchesbecomesunlight:no_trigger_attack (from chromastone-1.9_FIX_JAR.jar)
[16Aug2026 02:44:50.749] [Worker-Main-3/ERROR] [net.minecraft.tags.TagLoader/]: [Load My Fucking Tags] Couldn't load certain entries with the tag fsang:tacz_guns: tacz:bullet (from FSang18's Heroes v12.4.1.jar), tacz:bullet_ignore_armor (from FSang18's Heroes v12.4.1.jar), tacz:bullet_void_ignore_armor (from FSang18's Heroes v12.4.1.jar), tacz:bullet_void (from FSang18's Heroes v12.4.1.jar)
[16Aug2026 02:44:50.749] [Worker-Main-3/ERROR] [net.minecraft.tags.TagLoader/]: [Load My Fucking Tags] Couldn't load certain entries with the tag chromastone:echoes: sgoc:ice (from chromastone-1.9_FIX_JAR.jar), sgoc:brain_hurt (from chromastone-1.9_FIX_JAR.jar), sgoc:info_overwhelm (from chromastone-1.9_FIX_JAR.jar), sgoc:spores (from chromastone-1.9_FIX_JAR.jar), sgoc:fuga (from chromastone-1.9_FIX_JAR.jar), sgoc:suffocation (from chromastone-1.9_FIX_JAR.jar), sgoc:decay (from chromastone-1.9_FIX_JAR.jar), sgoc:boil (from chromastone-1.9_FIX_JAR.jar)
[16Aug2026 02:44:50.749] [Worker-Main-3/ERROR] [net.minecraft.tags.TagLoader/]: [Load My Fucking Tags] Couldn't load certain entries with the tag alienevo:evocataclysm: cataclysm:deathlaser (from chromastone-1.9_FIX_JAR.jar), cataclysm:lightning (from chromastone-1.9_FIX_JAR.jar), cataclysm:abyssal_burn (from chromastone-1.9_FIX_JAR.jar), cataclysm:emp (from chromastone-1.9_FIX_JAR.jar), cataclysm:flame_strike (from chromastone-1.9_FIX_JAR.jar), cataclysm:laser (from chromastone-1.9_FIX_JAR.jar), cataclysm:maledictio_magicae (from chromastone-1.9_FIX_JAR.jar)
[16Aug2026 02:44:50.749] [Worker-Main-3/ERROR] [net.minecraft.tags.TagLoader/]: [Load My Fucking Tags] Couldn't load certain entries with the tag alienevo:gourmandblast: upchuck:upchuck_blast (from chromastone-1.9_FIX_JAR.jar)
[16Aug2026 02:44:50.749] [Worker-Main-3/ERROR] [net.minecraft.tags.TagLoader/]: [Load My Fucking Tags] Couldn't load certain entries with the tag alienevo:evoto: traveloptics:aqua_magic (from chromastone-1.9_FIX_JAR.jar), traveloptics:blizzard_damage (from chromastone-1.9_FIX_JAR.jar), traveloptics:extended_water_bolt (from chromastone-1.9_FIX_JAR.jar), traveloptics:nullflare_blast (from chromastone-1.9_FIX_JAR.jar), traveloptics:nullflare_fire (from chromastone-1.9_FIX_JAR.jar), traveloptics:nullflare_ice (from chromastone-1.9_FIX_JAR.jar), traveloptics:aqua_magic (from chromastone-1.9_FIX_JAR.jar), traveloptics:void_uppercut (from chromastone-1.9_FIX_JAR.jar), traveloptics:voidstrike_reaper_bonus_damage (from chromastone-1.9_FIX_JAR.jar)
[16Aug2026 02:44:50.752] [Worker-Main-3/ERROR] [net.minecraft.tags.TagLoader/]: [Load My Fucking Tags] Couldn't load certain entries with the tag chromastone:securitfycraft: securitycraft:electricity (from chromastone-1.9_FIX_JAR.jar), securitycraft:laser (from chromastone-1.9_FIX_JAR.jar)
[16Aug2026 02:44:50.752] [Worker-Main-3/ERROR] [net.minecraft.tags.TagLoader/]: [Load My Fucking Tags] Couldn't load certain entries with the tag alienevo:evomekanism: mekanism:laser (from chromastone-1.9_FIX_JAR.jar), mekanism:radiation (from chromastone-1.9_FIX_JAR.jar)
[16Aug2026 02:44:50.752] [Worker-Main-3/ERROR] [net.minecraft.tags.TagLoader/]: [Load My Fucking Tags] Couldn't load certain entries with the tag fsang:projectiles: ad_astra:oxygen (from FSang18's Heroes v12.4.1.jar)
[16Aug2026 02:44:50.752] [Worker-Main-3/ERROR] [net.minecraft.tags.TagLoader/]: [Load My Fucking Tags] Couldn't load certain entries with the tag chromastone:superwbweaponry: superbwarfare:air_crash (from chromastone-1.9_FIX_JAR.jar), superbwarfare:beast (from chromastone-1.9_FIX_JAR.jar), superbwarfare:drone_hit (from chromastone-1.9_FIX_JAR.jar), superbwarfare:grapeshot_hit (from chromastone-1.9_FIX_JAR.jar), superbwarfare:gunfire (from chromastone-1.9_FIX_JAR.jar), superbwarfare:gunfire_absolute (from chromastone-1.9_FIX_JAR.jar), superbwarfare:gunfire_headshot (from chromastone-1.9_FIX_JAR.jar), superbwarfare:gunfire_headshot_absolute (from chromastone-1.9_FIX_JAR.jar), superbwarfare:lunge_mine (from chromastone-1.9_FIX_JAR.jar), superbwarfare:mine (from chromastone-1.9_FIX_JAR.jar)
[16Aug2026 02:44:50.753] [Worker-Main-3/ERROR] [net.minecraft.tags.TagLoader/]: [Load My Fucking Tags] Couldn't load certain entries with the tag chromastone:jcraft: jcraft:jbleeding (from chromastone-1.9_FIX_JAR.jar), jcraft:wspoison (from chromastone-1.9_FIX_JAR.jar)
[16Aug2026 02:44:50.753] [Worker-Main-3/ERROR] [net.minecraft.tags.TagLoader/]: [Load My Fucking Tags] Couldn't load certain entries with the tag chromastone:exemp: alexscavesexemplified:depth_crush (from chromastone-1.9_FIX_JAR.jar), alexscavesexemplified:rabial_end (from chromastone-1.9_FIX_JAR.jar)
[16Aug2026 02:44:50.753] [Worker-Main-3/ERROR] [net.minecraft.tags.TagLoader/]: [Load My Fucking Tags] Couldn't load certain entries with the tag alienevo:blue_skies: blue_skies:root (from chromastone-1.9_FIX_JAR.jar), blue_skies:summon (from chromastone-1.9_FIX_JAR.jar)
[16Aug2026 02:44:50.753] [Worker-Main-3/ERROR] [net.minecraft.tags.TagLoader/]: [Load My Fucking Tags] Couldn't load certain entries with the tag alienevo:evoforest: twilightforest:chilling_breath (from chromastone-1.9_FIX_JAR.jar), twilightforest:fiery (from chromastone-1.9_FIX_JAR.jar), twilightforest:fire_jet (from chromastone-1.9_FIX_JAR.jar), twilightforest:frozen (from chromastone-1.9_FIX_JAR.jar)
[16Aug2026 02:44:50.753] [Worker-Main-3/ERROR] [net.minecraft.tags.TagLoader/]: [Load My Fucking Tags] Couldn't load certain entries with the tag alienevo:evoastramore: ad_astra:oxygen (from chromastone-1.9_FIX_JAR.jar), ad_astra:rocket_flames (from chromastone-1.9_FIX_JAR.jar), ad_astra:cryo_fuel (from chromastone-1.9_FIX_JAR.jar), ad_astra:acid_rain (from chromastone-1.9_FIX_JAR.jar)
[16Aug2026 02:44:50.753] [Worker-Main-3/ERROR] [net.minecraft.tags.TagLoader/]: [Load My Fucking Tags] Couldn't load certain entries with the tag chromastone:untapped: untapped:suffocation (from chromastone-1.9_FIX_JAR.jar)
[16Aug2026 02:44:50.753] [Worker-Main-3/ERROR] [net.minecraft.tags.TagLoader/]: [Load My Fucking Tags] Couldn't load certain entries with the tag fsang:suffocation: ad_astra:oxygen (from FSang18's Heroes v12.4.1.jar)
[16Aug2026 02:44:50.753] [Worker-Main-3/ERROR] [net.minecraft.tags.TagLoader/]: [Load My Fucking Tags] Couldn't load certain entries with the tag alienevo:evotacz: tacz:bullet (from chromastone-1.9_FIX_JAR.jar), tacz:bullet_ignore_armor (from chromastone-1.9_FIX_JAR.jar), tacz:bullet_void (from chromastone-1.9_FIX_JAR.jar), tacz:bullet_void_ignore_armor (from chromastone-1.9_FIX_JAR.jar)
[16Aug2026 02:44:50.753] [Worker-Main-3/ERROR] [net.minecraft.tags.TagLoader/]: [Load My Fucking Tags] Couldn't load certain entries with the tag aeo:oxygen: ad_astra:oxygen (from IntoTheOmniverse-v1.0.6.jar)
[16Aug2026 02:44:50.753] [Worker-Main-3/ERROR] [net.minecraft.tags.TagLoader/]: [Load My Fucking Tags] Couldn't load certain entries with the tag chromastone:jcraftph: jcraft:phpoison (from chromastone-1.9_FIX_JAR.jar)
[16Aug2026 02:44:50.753] [Worker-Main-3/ERROR] [net.minecraft.tags.TagLoader/]: [Load My Fucking Tags] Couldn't load certain entries with the tag omni_evo_aliens:ad_astra_oxygen_immunity: ad_astra:oxygen (from omni_evo_aliens-1.0.1.jar)
[16Aug2026 02:44:50.753] [Worker-Main-3/ERROR] [net.minecraft.tags.TagLoader/]: [Load My Fucking Tags] Couldn't load certain entries with the tag alienevo:evocaves: alexscaves:acid (from chromastone-1.9_FIX_JAR.jar), alexscaves:dark_arrow (from chromastone-1.9_FIX_JAR.jar), alexscaves:gumball (from chromastone-1.9_FIX_JAR.jar)
[16Aug2026 02:44:50.753] [Worker-Main-3/ERROR] [net.minecraft.tags.TagLoader/]: [Load My Fucking Tags] Couldn't load certain entries with the tag alienevo:evoastra: ad_astra:oxygen (from AlienEvo-1.1.3-forge.jar), ad_astra:oxygen (from chromastone-1.9_FIX_JAR.jar)
[16Aug2026 02:44:50.753] [Worker-Main-3/ERROR] [net.minecraft.tags.TagLoader/]: [Load My Fucking Tags] Couldn't load certain entries with the tag chromastone:ironspells_eldritch: irons_spellbooks:eldritch_magic (from chromastone-1.9_FIX_JAR.jar)
[16Aug2026 02:44:50.754] [Worker-Main-3/ERROR] [net.minecraft.tags.TagLoader/]: [Load My Fucking Tags] Couldn't load certain entries with the tag alienevo:evofoolish: foolish:lightburn_damage (from chromastone-1.9_FIX_JAR.jar), foolish:liquid_radium_damage (from chromastone-1.9_FIX_JAR.jar), foolish:meteor_damage (from chromastone-1.9_FIX_JAR.jar), foolish:phantasmal_damage (from chromastone-1.9_FIX_JAR.jar), foolish:starburst (from chromastone-1.9_FIX_JAR.jar), foolish:starsplitter_damage (from chromastone-1.9_FIX_JAR.jar), foolish:weight_of_time_damage (from chromastone-1.9_FIX_JAR.jar), foolish:soul_channel_damage (from chromastone-1.9_FIX_JAR.jar)
[16Aug2026 02:44:50.754] [Worker-Main-3/ERROR] [net.minecraft.tags.TagLoader/]: [Load My Fucking Tags] Couldn't load certain entries with the tag alienevo:mekanismweaponry: mekanism_weaponry:plasma (from chromastone-1.9_FIX_JAR.jar), mekanism_weaponry:electricity (from chromastone-1.9_FIX_JAR.jar), mekanism_weaponry:rod (from chromastone-1.9_FIX_JAR.jar)
[16Aug2026 02:44:50.754] [Worker-Main-3/ERROR] [net.minecraft.tags.TagLoader/]: [Load My Fucking Tags] Couldn't load certain entries with the tag chromastone:sorcery_age: jujutsu_kaisen:soul (from chromastone-1.9_FIX_JAR.jar), jujutsu_kaisen:soul_split_katana (from chromastone-1.9_FIX_JAR.jar)
[16Aug2026 02:44:50.754] [Worker-Main-3/ERROR] [net.minecraft.tags.TagLoader/]: [Load My Fucking Tags] Couldn't load certain entries with the tag chromastone:forcefield: mffs:field_shock (from chromastone-1.9_FIX_JAR.jar)
[16Aug2026 02:44:50.754] [Worker-Main-3/ERROR] [net.minecraft.tags.TagLoader/]: [Load My Fucking Tags] Couldn't load certain entries with the tag alienevo:evospells: irons_spellbooks:ender_magic (from chromastone-1.9_FIX_JAR.jar), irons_spellbooks:evocation_magic (from chromastone-1.9_FIX_JAR.jar), irons_spellbooks:fire_field (from chromastone-1.9_FIX_JAR.jar), irons_spellbooks:blood_cauldron (from chromastone-1.9_FIX_JAR.jar), irons_spellbooks:poison_cloud (from chromastone-1.9_FIX_JAR.jar)
[16Aug2026 02:44:50.754] [Worker-Main-3/ERROR] [net.minecraft.tags.TagLoader/]: [Load My Fucking Tags] Couldn't load certain entries with the tag alienevo:evocreate: create:crush (from chromastone-1.9_FIX_JAR.jar), create:mechanical_drill (from chromastone-1.9_FIX_JAR.jar), create:mechanical_roller (from chromastone-1.9_FIX_JAR.jar), create:mechanical_saw (from chromastone-1.9_FIX_JAR.jar), create:potato_cannon (from chromastone-1.9_FIX_JAR.jar), create:run_over (from chromastone-1.9_FIX_JAR.jar)
[16Aug2026 02:44:50.754] [Worker-Main-3/ERROR] [net.minecraft.tags.TagLoader/]: [Load My Fucking Tags] Couldn't load certain entries with the tag alienevo:evolegends: legendary_monsters:ghost (from chromastone-1.9_FIX_JAR.jar), legendary_monsters:laser (from chromastone-1.9_FIX_JAR.jar)
[16Aug2026 02:44:50.758] [Worker-Main-2/ERROR] [net.minecraft.tags.TagLoader/]: [Load My Fucking Tags] Couldn't load certain entries with the tag minecraft:has_structure/ocean_ruin_warm: fsang:overworld_5 (from FSang18's Heroes v12.4.1.jar)
[16Aug2026 02:44:50.769] [Worker-Main-1/INFO] [KubeJS Server/]: [minecraft:item] Found 859 tags, added 7 objects, removed 0 objects
[16Aug2026 02:44:50.775] [Worker-Main-1/ERROR] [net.minecraft.tags.TagLoader/]: [Load My Fucking Tags] Couldn't load certain entries with the tag minecraft:smithing_templates: galvan:upgraded_smithing_template (from anvil_fix.jar)
[16Aug2026 02:44:50.775] [Worker-Main-1/ERROR] [net.minecraft.tags.TagLoader/]: [Load My Fucking Tags] Couldn't load certain entries with the tag fsang:capes_white: fsang:cape_white (from FSang18's Heroes v12.4.1.jar), fsang:cape_short_white (from FSang18's Heroes v12.4.1.jar), fsang:cape_hooded_white (from FSang18's Heroes v12.4.1.jar), fsang:cape_rogue_white (from FSang18's Heroes v12.4.1.jar), fsang:cape_rogue_short_white (from FSang18's Heroes v12.4.1.jar), fsang:cape_superman_white (from FSang18's Heroes v12.4.1.jar)
[16Aug2026 02:44:50.776] [Worker-Main-1/ERROR] [net.minecraft.tags.TagLoader/]: [Load My Fucking Tags] Couldn't load certain entries with the tag alienevo:ars_nouveau_source_gem: ars_nouveau:source_gem (from chromastone-1.9_FIX_JAR.jar)
[16Aug2026 02:44:50.777] [Worker-Main-1/ERROR] [net.minecraft.tags.TagLoader/]: [Load My Fucking Tags] Couldn't load certain entries with the tag alienevo:alexscaves_uranium_shard: alexscaves:uranium_shard (from chromastone-1.9_FIX_JAR.jar)
[16Aug2026 02:44:50.778] [Worker-Main-1/ERROR] [net.minecraft.tags.TagLoader/]: [Load My Fucking Tags] Couldn't load certain entries with the tag chromastone:sunlightzombie_pure_sunlight_energy: sunlight_zombie:pure_sunlight_energy (from chromastone-1.9_FIX_JAR.jar)
[16Aug2026 02:44:50.778] [Worker-Main-1/ERROR] [net.minecraft.tags.TagLoader/]: [Load My Fucking Tags] Couldn't load certain entries with the tag chromastone:ars_conjuration_essence: ars_nouveau:conjuration_essence (from chromastone-1.9_FIX_JAR.jar)
[16Aug2026 02:44:50.779] [Worker-Main-1/ERROR] [net.minecraft.tags.TagLoader/]: [Load My Fucking Tags] Couldn't load certain entries with the tag chromastone:sonicraft_blue_emerald: sonicraft:chaos_emerald_blue (from chromastone-1.9_FIX_JAR.jar)
[16Aug2026 02:44:50.780] [Worker-Main-1/ERROR] [net.minecraft.tags.TagLoader/]: [Load My Fucking Tags] Couldn't load certain entries with the tag fsang:capes_red: fsang:cape_red (from FSang18's Heroes v12.4.1.jar), fsang:cape_short_red (from FSang18's Heroes v12.4.1.jar), fsang:cape_hooded_red (from FSang18's Heroes v12.4.1.jar), fsang:cape_rogue_red (from FSang18's Heroes v12.4.1.jar), fsang:cape_rogue_short_red (from FSang18's Heroes v12.4.1.jar), fsang:cape_superman_red (from FSang18's Heroes v12.4.1.jar)
[16Aug2026 02:44:50.780] [Worker-Main-1/ERROR] [net.minecraft.tags.TagLoader/]: [Load My Fucking Tags] Couldn't load certain entries with the tag alienevo:foolish_phantasmal_essence: foolish:phantasmal_essence (from chromastone-1.9_FIX_JAR.jar)
[16Aug2026 02:44:50.780] [Worker-Main-1/ERROR] [net.minecraft.tags.TagLoader/]: [Load My Fucking Tags] Couldn't load certain entries with the tag fsang:capes_short: fsang:cape_short_black (from FSang18's Heroes v12.4.1.jar), fsang:cape_short_blue (from FSang18's Heroes v12.4.1.jar), fsang:cape_short_green (from FSang18's Heroes v12.4.1.jar), fsang:cape_short_navy (from FSang18's Heroes v12.4.1.jar), fsang:cape_short_purple (from FSang18's Heroes v12.4.1.jar), fsang:cape_short_red (from FSang18's Heroes v12.4.1.jar), fsang:cape_short_white (from FSang18's Heroes v12.4.1.jar), fsang:cape_short_yellow (from FSang18's Heroes v12.4.1.jar), fsang:cape_rogue_short_black (from FSang18's Heroes v12.4.1.jar), fsang:cape_rogue_short_blue (from FSang18's Heroes v12.4.1.jar), fsang:cape_rogue_short_green (from FSang18's Heroes v12.4.1.jar), fsang:cape_rogue_short_navy (from FSang18's Heroes v12.4.1.jar), fsang:cape_rogue_short_purple (from FSang18's Heroes v12.4.1.jar), fsang:cape_rogue_short_red (from FSang18's Heroes v12.4.1.jar), fsang:cape_rogue_short_white (from FSang18's Heroes v12.4.1.jar), fsang:cape_rogue_short_yellow (from FSang18's Heroes v12.4.1.jar)
[16Aug2026 02:44:50.780] [Worker-Main-1/ERROR] [net.minecraft.tags.TagLoader/]: [Load My Fucking Tags] Couldn't load certain entries with the tag fsang:capes_navy: fsang:cape_navy (from FSang18's Heroes v12.4.1.jar), fsang:cape_short_navy (from FSang18's Heroes v12.4.1.jar), fsang:cape_hooded_navy (from FSang18's Heroes v12.4.1.jar), fsang:cape_rogue_navy (from FSang18's Heroes v12.4.1.jar), fsang:cape_rogue_short_navy (from FSang18's Heroes v12.4.1.jar), fsang:cape_superman_navy (from FSang18's Heroes v12.4.1.jar)
[16Aug2026 02:44:50.781] [Worker-Main-1/ERROR] [net.minecraft.tags.TagLoader/]: [Load My Fucking Tags] Couldn't load certain entries with the tag alienevo:foolish_radium_crystal: foolish:radium_crystal (from chromastone-1.9_FIX_JAR.jar)
[16Aug2026 02:44:50.781] [Worker-Main-1/ERROR] [net.minecraft.tags.TagLoader/]: [Load My Fucking Tags] Couldn't load certain entries with the tag alienevo:foolish_stardust: foolish:stardust (from chromastone-1.9_FIX_JAR.jar)
[16Aug2026 02:44:50.781] [Worker-Main-1/ERROR] [net.minecraft.tags.TagLoader/]: [Load My Fucking Tags] Couldn't load certain entries with the tag alienevo:alexscaves_darkened_apple: alexscaves:pure_darkness (from chromastone-1.9_FIX_JAR.jar)
[16Aug2026 02:44:50.781] [Worker-Main-1/ERROR] [net.minecraft.tags.TagLoader/]: [Load My Fucking Tags] Couldn't load certain entries with the tag alienevo:mekanism_ingot_uranium: mekanism:ingot_uranium (from chromastone-1.9_FIX_JAR.jar)
[16Aug2026 02:44:50.782] [Worker-Main-1/ERROR] [net.minecraft.tags.TagLoader/]: [Load My Fucking Tags] Couldn't load certain entries with the tag chromastone:ars_fire_essence: ars_nouveau:fire_essence (from chromastone-1.9_FIX_JAR.jar)
[16Aug2026 02:44:50.782] [Worker-Main-1/ERROR] [net.minecraft.tags.TagLoader/]: [Load My Fucking Tags] Couldn't load certain entries with the tag alienevo:alexscaves_block_of_uranium: alexscaves:block_of_uranium (from chromastone-1.9_FIX_JAR.jar)
[16Aug2026 02:44:50.782] [Worker-Main-1/ERROR] [net.minecraft.tags.TagLoader/]: [Load My Fucking Tags] Couldn't load certain entries with the tag chromastone:ars_manipulation_essence: ars_nouveau:manipulation_essence (from chromastone-1.9_FIX_JAR.jar)
[16Aug2026 02:44:50.782] [Worker-Main-1/ERROR] [net.minecraft.tags.TagLoader/]: [Load My Fucking Tags] Couldn't load certain entries with the tag trinkets:hand/ring: fsang:flash_ring_empty (from FSang18's Heroes v12.4.1.jar)
[16Aug2026 02:44:50.783] [Worker-Main-1/ERROR] [net.minecraft.tags.TagLoader/]: [Load My Fucking Tags] Couldn't load certain entries with the tag alienevo:alexscaves_uranium_rod: alexscaves:uranium_rod (from chromastone-1.9_FIX_JAR.jar)
[16Aug2026 02:44:50.783] [Worker-Main-1/ERROR] [net.minecraft.tags.TagLoader/]: [Load My Fucking Tags] Couldn't load certain entries with the tag fsang:metal_items: fsang:vibranium_ingot (from FSang18's Heroes v12.4.1.jar), fsang:iron_man_model_71_helmet (from FSang18's Heroes v12.4.1.jar), fsang:iron_man_model_71_leggings (from FSang18's Heroes v12.4.1.jar), fsang:iron_man_model_71_boots (from FSang18's Heroes v12.4.1.jar)
[16Aug2026 02:44:50.783] [Worker-Main-1/ERROR] [net.minecraft.tags.TagLoader/]: [Load My Fucking Tags] Couldn't load certain entries with the tag alienevo:alexsmobs_skreecher_soul: alexsmobs:skreecher_soul (from chromastone-1.9_FIX_JAR.jar)
[16Aug2026 02:44:50.784] [Worker-Main-1/ERROR] [net.minecraft.tags.TagLoader/]: [Load My Fucking Tags] Couldn't load certain entries with the tag alienevo:alexscaves_occult_gem: alexscaves:occult_gem (from chromastone-1.9_FIX_JAR.jar)
[16Aug2026 02:44:50.784] [Worker-Main-1/ERROR] [net.minecraft.tags.TagLoader/]: [Load My Fucking Tags] Couldn't load certain entries with the tag chromastone:sonicraft_blue_red: sonicraft:chaos_emerald_red (from chromastone-1.9_FIX_JAR.jar)
[16Aug2026 02:44:50.784] [Worker-Main-1/ERROR] [net.minecraft.tags.TagLoader/]: [Load My Fucking Tags] Couldn't load certain entries with the tag chromastone:sonicraft_blue_yellow: sonicraft:chaos_emerald_yellow (from chromastone-1.9_FIX_JAR.jar)
[16Aug2026 02:44:50.785] [Worker-Main-1/ERROR] [net.minecraft.tags.TagLoader/]: [Load My Fucking Tags] Couldn't load certain entries with the tag alienevo:mekanism_block_raw_uranium: minecraft:mekanism_block_raw_uranium (from chromastone-1.9_FIX_JAR.jar)
[16Aug2026 02:44:50.785] [Worker-Main-1/ERROR] [net.minecraft.tags.TagLoader/]: [Load My Fucking Tags] Couldn't load certain entries with the tag chromastone:mutantmonsters_endersoulhand: mutantmonsters:endersoul_hand (from chromastone-1.9_FIX_JAR.jar)
[16Aug2026 02:44:50.785] [Worker-Main-1/ERROR] [net.minecraft.tags.TagLoader/]: [Load My Fucking Tags] Couldn't load certain entries with the tag alienevo:foolish_star_shard: foolish:star_shard (from chromastone-1.9_FIX_JAR.jar)
[16Aug2026 02:44:50.785] [Worker-Main-1/ERROR] [net.minecraft.tags.TagLoader/]: [Load My Fucking Tags] Couldn't load certain entries with the tag chromastone:ars_earth_essence: ars_nouveau:earth_essence (from chromastone-1.9_FIX_JAR.jar)
[16Aug2026 02:44:50.785] [Worker-Main-1/ERROR] [net.minecraft.tags.TagLoader/]: [Load My Fucking Tags] Couldn't load certain entries with the tag fsang:capes_hooded: fsang:cape_hooded_black (from FSang18's Heroes v12.4.1.jar), fsang:cape_hooded_blue (from FSang18's Heroes v12.4.1.jar), fsang:cape_hooded_purple (from FSang18's Heroes v12.4.1.jar), fsang:cape_hooded_green (from FSang18's Heroes v12.4.1.jar), fsang:cape_hooded_red (from FSang18's Heroes v12.4.1.jar), fsang:cape_hooded_white (from FSang18's Heroes v12.4.1.jar), fsang:cape_hooded_yellow (from FSang18's Heroes v12.4.1.jar)
[16Aug2026 02:44:50.786] [Worker-Main-1/ERROR] [net.minecraft.tags.TagLoader/]: [Load My Fucking Tags] Couldn't load certain entries with the tag alienevo:ars_nouveau_magebloom_crop: ars_nouveau:magebloom_crop (from chromastone-1.9_FIX_JAR.jar)
[16Aug2026 02:44:50.786] [Worker-Main-1/ERROR] [net.minecraft.tags.TagLoader/]: [Load My Fucking Tags] Couldn't load certain entries with the tag alienevo:irons_spellbooks_arcane_essence: irons_spellbooks:arcane_essence (from chromastone-1.9_FIX_JAR.jar)
[16Aug2026 02:44:50.786] [Worker-Main-1/ERROR] [net.minecraft.tags.TagLoader/]: [Load My Fucking Tags] Couldn't load certain entries with the tag fsang:capes_blue: fsang:cape_blue (from FSang18's Heroes v12.4.1.jar), fsang:cape_short_blue (from FSang18's Heroes v12.4.1.jar), fsang:cape_hooded_blue (from FSang18's Heroes v12.4.1.jar), fsang:cape_rogue_blue (from FSang18's Heroes v12.4.1.jar), fsang:cape_rogue_short_blue (from FSang18's Heroes v12.4.1.jar), fsang:cape_superman_blue (from FSang18's Heroes v12.4.1.jar)
[16Aug2026 02:44:50.786] [Worker-Main-1/ERROR] [net.minecraft.tags.TagLoader/]: [Load My Fucking Tags] Couldn't load certain entries with the tag alienevo:alexsmobs_soul_heart: alexsmobs:soul_heart (from chromastone-1.9_FIX_JAR.jar)
[16Aug2026 02:44:50.787] [Worker-Main-1/ERROR] [net.minecraft.tags.TagLoader/]: [Load My Fucking Tags] Couldn't load certain entries with the tag alienevo:ars_nouveau_source_gem_block: ars_nouveau:source_gem_block (from chromastone-1.9_FIX_JAR.jar)
[16Aug2026 02:44:50.787] [Worker-Main-1/ERROR] [net.minecraft.tags.TagLoader/]: [Load My Fucking Tags] Couldn't load certain entries with the tag alienevo:alexscaves_radrock_uranium_ore: alexscaves:radrock_uranium_ore (from chromastone-1.9_FIX_JAR.jar)
[16Aug2026 02:44:50.787] [Worker-Main-1/ERROR] [net.minecraft.tags.TagLoader/]: [Load My Fucking Tags] Couldn't load certain entries with the tag alienevo:cataclysm_void_stone: cataclysm:void_stone (from chromastone-1.9_FIX_JAR.jar)
[16Aug2026 02:44:50.787] [Worker-Main-1/ERROR] [net.minecraft.tags.TagLoader/]: [Load My Fucking Tags] Couldn't load certain entries with the tag alienevo:borninmid_ethereal_spirit: born_in_chaos_v1:ethereal_spirit (from chromastone-1.9_FIX_JAR.jar)
[16Aug2026 02:44:50.787] [Worker-Main-1/ERROR] [net.minecraft.tags.TagLoader/]: [Load My Fucking Tags] Couldn't load certain entries with the tag alienevo:mekanism_dust_uranium: mekanism:dust_uranium (from chromastone-1.9_FIX_JAR.jar)
[16Aug2026 02:44:50.788] [Worker-Main-1/ERROR] [net.minecraft.tags.TagLoader/]: [Load My Fucking Tags] Couldn't load certain entries with the tag alienevo:cataclysm_void_core: cataclysm:void_core (from chromastone-1.9_FIX_JAR.jar)
[16Aug2026 02:44:50.788] [Worker-Main-1/ERROR] [net.minecraft.tags.TagLoader/]: [Load My Fucking Tags] Couldn't load certain entries with the tag alienevo:mowziesmobs_glowing_jelly: mowziesmobs:glowing_jelly (from chromastone-1.9_FIX_JAR.jar)
[16Aug2026 02:44:50.788] [Worker-Main-1/ERROR] [net.minecraft.tags.TagLoader/]: [Load My Fucking Tags] Couldn't load certain entries with the tag alienevo:mekanism_crystal_uranium: mekanism:crystal_uranium (from chromastone-1.9_FIX_JAR.jar)
[16Aug2026 02:44:50.788] [Worker-Main-1/ERROR] [net.minecraft.tags.TagLoader/]: [Load My Fucking Tags] Couldn't load certain entries with the tag fsang:capes_purple: fsang:cape_purple (from FSang18's Heroes v12.4.1.jar), fsang:cape_short_purple (from FSang18's Heroes v12.4.1.jar), fsang:cape_hooded_purple (from FSang18's Heroes v12.4.1.jar), fsang:cape_rogue_purple (from FSang18's Heroes v12.4.1.jar), fsang:cape_rogue_short_purple (from FSang18's Heroes v12.4.1.jar), fsang:cape_superman_purple (from FSang18's Heroes v12.4.1.jar)
[16Aug2026 02:44:50.788] [Worker-Main-1/ERROR] [net.minecraft.tags.TagLoader/]: [Load My Fucking Tags] Couldn't load certain entries with the tag alienevo:foolish_radium: foolish:radium (from chromastone-1.9_FIX_JAR.jar)
[16Aug2026 02:44:50.788] [Worker-Main-1/ERROR] [net.minecraft.tags.TagLoader/]: [Load My Fucking Tags] Couldn't load certain entries with the tag chromastone:ars_abjuration_essence: ars_nouveau:abjuration_essence (from chromastone-1.9_FIX_JAR.jar)
[16Aug2026 02:44:50.789] [Worker-Main-1/ERROR] [net.minecraft.tags.TagLoader/]: [Load My Fucking Tags] Couldn't load certain entries with the tag alienevo:alexscaves_pure_darkness: alexscaves:darkened_apple (from chromastone-1.9_FIX_JAR.jar)
[16Aug2026 02:44:50.789] [Worker-Main-1/ERROR] [net.minecraft.tags.TagLoader/]: [Load My Fucking Tags] Couldn't load certain entries with the tag fsang:capes_rogue: fsang:cape_rogue_black (from FSang18's Heroes v12.4.1.jar), fsang:cape_rogue_blue (from FSang18's Heroes v12.4.1.jar), fsang:cape_rogue_green (from FSang18's Heroes v12.4.1.jar), fsang:cape_rogue_navy (from FSang18's Heroes v12.4.1.jar), fsang:cape_rogue_purple (from FSang18's Heroes v12.4.1.jar), fsang:cape_rogue_red (from FSang18's Heroes v12.4.1.jar), fsang:cape_rogue_white (from FSang18's Heroes v12.4.1.jar), fsang:cape_rogue_yellow (from FSang18's Heroes v12.4.1.jar), fsang:cape_rogue_short_black (from FSang18's Heroes v12.4.1.jar), fsang:cape_rogue_short_blue (from FSang18's Heroes v12.4.1.jar), fsang:cape_rogue_short_green (from FSang18's Heroes v12.4.1.jar), fsang:cape_rogue_short_navy (from FSang18's Heroes v12.4.1.jar), fsang:cape_rogue_short_purple (from FSang18's Heroes v12.4.1.jar), fsang:cape_rogue_short_red (from FSang18's Heroes v12.4.1.jar), fsang:cape_rogue_short_white (from FSang18's Heroes v12.4.1.jar), fsang:cape_rogue_short_yellow (from FSang18's Heroes v12.4.1.jar)
[16Aug2026 02:44:50.789] [Worker-Main-1/ERROR] [net.minecraft.tags.TagLoader/]: [Load My Fucking Tags] Couldn't load certain entries with the tag alienevo:alexscaves_uranium_ingot: alexscaves:uranium (from chromastone-1.9_FIX_JAR.jar)
[16Aug2026 02:44:50.789] [Worker-Main-1/ERROR] [net.minecraft.tags.TagLoader/]: [Load My Fucking Tags] Couldn't load certain entries with the tag chromastone:sonicraft_blue_cyan: sonicraft:chaos_emerald_light_blue (from chromastone-1.9_FIX_JAR.jar)
[16Aug2026 02:44:50.789] [Worker-Main-1/ERROR] [net.minecraft.tags.TagLoader/]: [Load My Fucking Tags] Couldn't load certain entries with the tag chromastone:divine_soulshard: irons_spellbooks:divine_soulshard (from chromastone-1.9_FIX_JAR.jar)
[16Aug2026 02:44:50.790] [Worker-Main-1/ERROR] [net.minecraft.tags.TagLoader/]: [Load My Fucking Tags] Couldn't load certain entries with the tag fsang:capes_superman: fsang:cape_superman_black (from FSang18's Heroes v12.4.1.jar), fsang:cape_superman_blue (from FSang18's Heroes v12.4.1.jar), fsang:cape_superman_green (from FSang18's Heroes v12.4.1.jar), fsang:cape_superman_navy (from FSang18's Heroes v12.4.1.jar), fsang:cape_superman_purple (from FSang18's Heroes v12.4.1.jar), fsang:cape_superman_red (from FSang18's Heroes v12.4.1.jar), fsang:cape_superman_white (from FSang18's Heroes v12.4.1.jar), fsang:cape_superman_yellow (from FSang18's Heroes v12.4.1.jar)
[16Aug2026 02:44:50.790] [Worker-Main-1/ERROR] [net.minecraft.tags.TagLoader/]: [Load My Fucking Tags] Couldn't load certain entries with the tag alienevo:mekanism_clump_uranium: mekanism:clump_uranium (from chromastone-1.9_FIX_JAR.jar)
[16Aug2026 02:44:50.790] [Worker-Main-1/ERROR] [net.minecraft.tags.TagLoader/]: [Load My Fucking Tags] Couldn't load certain entries with the tag fsang:capes_yellow: fsang:cape_yellow (from FSang18's Heroes v12.4.1.jar), fsang:cape_short_yellow (from FSang18's Heroes v12.4.1.jar), fsang:cape_hooded_yellow (from FSang18's Heroes v12.4.1.jar), fsang:cape_rogue_yellow (from FSang18's Heroes v12.4.1.jar), fsang:cape_rogue_short_yellow (from FSang18's Heroes v12.4.1.jar), fsang:cape_superman_yellow (from FSang18's Heroes v12.4.1.jar)
[16Aug2026 02:44:50.790] [Worker-Main-1/ERROR] [net.minecraft.tags.TagLoader/]: [Load My Fucking Tags] Couldn't load certain entries with the tag alienevo:cataclysm_void_jaw: cataclysm:void_jaw (from chromastone-1.9_FIX_JAR.jar)
[16Aug2026 02:44:50.790] [Worker-Main-1/ERROR] [net.minecraft.tags.TagLoader/]: [Load My Fucking Tags] Couldn't load certain entries with the tag fsang:capes_black: fsang:cape_black (from FSang18's Heroes v12.4.1.jar), fsang:cape_short_black (from FSang18's Heroes v12.4.1.jar), fsang:cape_hooded_black (from FSang18's Heroes v12.4.1.jar), fsang:cape_rogue_black (from FSang18's Heroes v12.4.1.jar), fsang:cape_rogue_short_black (from FSang18's Heroes v12.4.1.jar), fsang:cape_superman_black (from FSang18's Heroes v12.4.1.jar)
[16Aug2026 02:44:50.791] [Worker-Main-1/ERROR] [net.minecraft.tags.TagLoader/]: [Load My Fucking Tags] Couldn't load certain entries with the tag alienevo:borninmid_spiritual_dust: born_in_chaos_v1:spiritual_dust (from chromastone-1.9_FIX_JAR.jar)
[16Aug2026 02:44:50.791] [Worker-Main-1/ERROR] [net.minecraft.tags.TagLoader/]: [Load My Fucking Tags] Couldn't load certain entries with the tag trinkets:chest/back: fsang:cape_black (from FSang18's Heroes v12.4.1.jar), fsang:cape_blue (from FSang18's Heroes v12.4.1.jar), fsang:cape_green (from FSang18's Heroes v12.4.1.jar), fsang:cape_red (from FSang18's Heroes v12.4.1.jar), fsang:cape_white (from FSang18's Heroes v12.4.1.jar), fsang:cape_yellow (from FSang18's Heroes v12.4.1.jar), fsang:cape_hooded_black (from FSang18's Heroes v12.4.1.jar), fsang:cape_hooded_blue (from FSang18's Heroes v12.4.1.jar), fsang:cape_hooded_green (from FSang18's Heroes v12.4.1.jar), fsang:cape_hooded_red (from FSang18's Heroes v12.4.1.jar), fsang:cape_hooded_white (from FSang18's Heroes v12.4.1.jar), fsang:cape_hooded_yellow (from FSang18's Heroes v12.4.1.jar), fsang:jacket_gambit (from FSang18's Heroes v12.4.1.jar), fsang:jacket_blue (from FSang18's Heroes v12.4.1.jar), fsang:jacket_black (from FSang18's Heroes v12.4.1.jar), fsang:jacket_red (from FSang18's Heroes v12.4.1.jar), fsang:jacket_pink (from FSang18's Heroes v12.4.1.jar), fsang:jacket_purple (from FSang18's Heroes v12.4.1.jar), fsang:jacket_white (from FSang18's Heroes v12.4.1.jar), fsang:jacket_short_blue (from FSang18's Heroes v12.4.1.jar), fsang:jacket_short_black (from FSang18's Heroes v12.4.1.jar), fsang:jacket_short_brown (from FSang18's Heroes v12.4.1.jar), fsang:jacket_short_red (from FSang18's Heroes v12.4.1.jar), fsang:jacket_short_pink (from FSang18's Heroes v12.4.1.jar), fsang:jacket_short_purple (from FSang18's Heroes v12.4.1.jar), fsang:jacket_short_white (from FSang18's Heroes v12.4.1.jar), fsang:jacket_bomber_blue (from FSang18's Heroes v12.4.1.jar), fsang:jacket_bomber_black (from FSang18's Heroes v12.4.1.jar), fsang:jacket_bomber_brown (from FSang18's Heroes v12.4.1.jar), fsang:jacket_bomber_red (from FSang18's Heroes v12.4.1.jar), fsang:jacket_bomber_pink (from FSang18's Heroes v12.4.1.jar), fsang:jacket_bomber_purple (from FSang18's Heroes v12.4.1.jar), fsang:jacket_bomber_white (from FSang18's Heroes v12.4.1.jar)
[16Aug2026 02:44:50.791] [Worker-Main-1/ERROR] [net.minecraft.tags.TagLoader/]: [Load My Fucking Tags] Couldn't load certain entries with the tag chromastone:ars_water_essence: ars_nouveau:water_essence (from chromastone-1.9_FIX_JAR.jar)
[16Aug2026 02:44:50.791] [Worker-Main-1/ERROR] [net.minecraft.tags.TagLoader/]: [Load My Fucking Tags] Couldn't load certain entries with the tag alienevo:cataclysm_void_scatter_arrow: cataclysm:void_scatter_arrow (from chromastone-1.9_FIX_JAR.jar)
[16Aug2026 02:44:50.791] [Worker-Main-1/ERROR] [net.minecraft.tags.TagLoader/]: [Load My Fucking Tags] Couldn't load certain entries with the tag alienevo:mekanism_nugget_uranium: mekanism:nugget_uranium (from chromastone-1.9_FIX_JAR.jar)
[16Aug2026 02:44:50.792] [Worker-Main-1/ERROR] [net.minecraft.tags.TagLoader/]: [Load My Fucking Tags] Couldn't load certain entries with the tag alienevo:cataclysm_cursium_ingot: cataclysm:cursium_ingot (from chromastone-1.9_FIX_JAR.jar)
[16Aug2026 02:44:50.792] [Worker-Main-1/ERROR] [net.minecraft.tags.TagLoader/]: [Load My Fucking Tags] Couldn't load certain entries with the tag chromastone:ars_air_essence: ars_nouveau:air_essence (from chromastone-1.9_FIX_JAR.jar)
[16Aug2026 02:44:50.792] [Worker-Main-1/ERROR] [net.minecraft.tags.TagLoader/]: [Load My Fucking Tags] Couldn't load certain entries with the tag fsang:capes_green: fsang:cape_green (from FSang18's Heroes v12.4.1.jar), fsang:cape_short_green (from FSang18's Heroes v12.4.1.jar), fsang:cape_hooded_green (from FSang18's Heroes v12.4.1.jar), fsang:cape_rogue_green (from FSang18's Heroes v12.4.1.jar), fsang:cape_rogue_short_green (from FSang18's Heroes v12.4.1.jar), fsang:cape_superman_green (from FSang18's Heroes v12.4.1.jar)
[16Aug2026 02:44:50.792] [Worker-Main-1/ERROR] [net.minecraft.tags.TagLoader/]: [Load My Fucking Tags] Couldn't load certain entries with the tag chromastone:cinder_essence: irons_spellbooks:cinder_essence (from chromastone-1.9_FIX_JAR.jar)
[16Aug2026 02:44:50.792] [Worker-Main-1/ERROR] [net.minecraft.tags.TagLoader/]: [Load My Fucking Tags] Couldn't load certain entries with the tag alienevo:mekanism_shard_uranium: mekanism:shard_uranium (from chromastone-1.9_FIX_JAR.jar)
[16Aug2026 02:44:50.792] [Worker-Main-1/ERROR] [net.minecraft.tags.TagLoader/]: [Load My Fucking Tags] Couldn't load certain entries with the tag alienevo:mekanism_raw_uranium: mekanism:raw_uranium (from chromastone-1.9_FIX_JAR.jar)
[16Aug2026 02:44:50.847] [Worker-Main-3/ERROR] [net.minecraft.tags.TagLoader/]: Not a JSON object: "minecraft:#ancient_city_replaceable"
[16Aug2026 02:44:50.849] [Worker-Main-3/ERROR] [net.minecraft.tags.TagLoader/]: Couldn't read tag list florauna_addon:no_burrow from florauna_addon:tags/blocks/no_burrow.json in data pack Wildvine(1.0.3).jar
java.lang.RuntimeException: Not a JSON object: "minecraft:#ancient_city_replaceable"
	at com.mojang.serialization.DataResult.lambda$getOrThrow$5(DataResult.java:101) ~[datafixerupper-6.0.8.jar%2375!/:?]
	at com.mojang.datafixers.util.Either$Right.map(Either.java:99) ~[datafixerupper-6.0.8.jar%2375!/:?]
	at com.mojang.serialization.DataResult.getOrThrow(DataResult.java:93) ~[datafixerupper-6.0.8.jar%2375!/:?]
	at net.minecraft.tags.TagLoader.m_144495_(TagLoader.java:53) ~[server-1.20.1-20230612.114412-srg.jar%23409!/:?]
	at net.minecraft.tags.TagLoader.m_203900_(TagLoader.java:114) ~[server-1.20.1-20230612.114412-srg.jar%23409!/:?]
	at net.minecraft.tags.TagManager.m_203920_(TagManager.java:55) ~[server-1.20.1-20230612.114412-srg.jar%23409!/:?]
	at java.util.concurrent.CompletableFuture$AsyncSupply.run(CompletableFuture.java:1768) ~[?:?]
	at java.util.concurrent.CompletableFuture$AsyncSupply.exec(CompletableFuture.java:1760) ~[?:?]
	at java.util.concurrent.ForkJoinTask.doExec(ForkJoinTask.java:373) ~[?:?]
	at java.util.concurrent.ForkJoinPool$WorkQueue.topLevelExec(ForkJoinPool.java:1182) ~[?:?]
	at java.util.concurrent.ForkJoinPool.scan(ForkJoinPool.java:1655) ~[?:?]
	at java.util.concurrent.ForkJoinPool.runWorker(ForkJoinPool.java:1622) ~[?:?]
	at java.util.concurrent.ForkJoinWorkerThread.run(ForkJoinWorkerThread.java:165) ~[?:?]
[16Aug2026 02:44:50.882] [Worker-Main-3/INFO] [KubeJS Server/]: [minecraft:block] Found 550 tags, added 24 objects, removed 0 objects
[16Aug2026 02:44:50.906] [Worker-Main-3/ERROR] [net.minecraft.tags.TagLoader/]: [Load My Fucking Tags] Couldn't load certain entries with the tag chromastone:twilight: twilightforest:blue_force_field (from chromastone-1.9_FIX_JAR.jar), twilightforest:green_force_field (from chromastone-1.9_FIX_JAR.jar), twilightforest:orange_force_field (from chromastone-1.9_FIX_JAR.jar), twilightforest:pink_force_field (from chromastone-1.9_FIX_JAR.jar), twilightforest:violet_force_field (from chromastone-1.9_FIX_JAR.jar)
[16Aug2026 02:44:50.913] [Worker-Main-3/ERROR] [net.minecraft.tags.TagLoader/]: [Load My Fucking Tags] Couldn't load certain entries with the tag chromastone:sorcery_age: jujutsu_kaisen:coffin_of_the_iron_mountain_three (from chromastone-1.9_FIX_JAR.jar), jujutsu_kaisen:coffin_of_the_iron_mountain_two (from chromastone-1.9_FIX_JAR.jar), jujutsu_kaisen:coffin_of_the_iron_mountain_one (from chromastone-1.9_FIX_JAR.jar), jujutsu_kaisen:chimera_shadow_garden (from chromastone-1.9_FIX_JAR.jar), jujutsu_kaisen:domain (from chromastone-1.9_FIX_JAR.jar), jujutsu_kaisen:domain_air (from chromastone-1.9_FIX_JAR.jar), jujutsu_kaisen:domain_sky (from chromastone-1.9_FIX_JAR.jar), jujutsu_kaisen:horizon_of_the_captivating_skandha_fill (from chromastone-1.9_FIX_JAR.jar), jujutsu_kaisen:self_embodiment_of_perfection (from chromastone-1.9_FIX_JAR.jar), jujutsu_kaisen:domain (from chromastone-1.9_FIX_JAR.jar), jujutsu_kaisen:fake_sky (from chromastone-1.9_FIX_JAR.jar), jujutsu_kaisen:fake_water_domain (from chromastone-1.9_FIX_JAR.jar), jujutsu_kaisen:fake_water_duration (from chromastone-1.9_FIX_JAR.jar), jujutsu_kaisen:fake_wood (from chromastone-1.9_FIX_JAR.jar), jujutsu_kaisen:shining_sea_of_flowers_decoration_four (from chromastone-1.9_FIX_JAR.jar), jujutsu_kaisen:shining_sea_of_flowers_decoration_three (from chromastone-1.9_FIX_JAR.jar), jujutsu_kaisen:shining_sea_of_flowers_decoration_two (from chromastone-1.9_FIX_JAR.jar), jujutsu_kaisen:shining_sea_of_flowers_decoration_one (from chromastone-1.9_FIX_JAR.jar), jujutsu_kaisen:shining_sea_of_flowers_fill (from chromastone-1.9_FIX_JAR.jar), jujutsu_kaisen:shining_sea_of_flowers_floor (from chromastone-1.9_FIX_JAR.jar), jujutsu_kaisen:time_cell_moon_palace (from chromastone-1.9_FIX_JAR.jar), jujutsu_kaisen:veil (from chromastone-1.9_FIX_JAR.jar)
[16Aug2026 02:44:50.924] [Worker-Main-3/ERROR] [net.minecraft.tags.TagLoader/]: [Load My Fucking Tags] Couldn't load certain entries with the tag chromastone:securitycraft: securitycraft:laser (from chromastone-1.9_FIX_JAR.jar)
[16Aug2026 02:44:50.929] [Worker-Main-3/ERROR] [net.minecraft.tags.TagLoader/]: [Load My Fucking Tags] Couldn't load certain entries with the tag chrono_machina:grayable: #forge:logs (from Deus Chrono-Machina-6.8+1.20.1-forge.jar), #forge:leaves (from Deus Chrono-Machina-6.8+1.20.1-forge.jar), #forge:planks (from Deus Chrono-Machina-6.8+1.20.1-forge.jar), #forge:wooden_buttons (from Deus Chrono-Machina-6.8+1.20.1-forge.jar), #forge:wooden_doors (from Deus Chrono-Machina-6.8+1.20.1-forge.jar), #forge:wooden_fences (from Deus Chrono-Machina-6.8+1.20.1-forge.jar), #forge:wooden_pressure_plates (from Deus Chrono-Machina-6.8+1.20.1-forge.jar), #forge:wooden_slabs (from Deus Chrono-Machina-6.8+1.20.1-forge.jar), #forge:wooden_stairs (from Deus Chrono-Machina-6.8+1.20.1-forge.jar), #forge:wooden_trapdoors (from Deus Chrono-Machina-6.8+1.20.1-forge.jar), #dynamictrees:branches (from Deus Chrono-Machina-6.8+1.20.1-forge.jar), #dynamictrees:stripped_branches (from Deus Chrono-Machina-6.8+1.20.1-forge.jar), #dynamictrees:roots (from Deus Chrono-Machina-6.8+1.20.1-forge.jar), #dynamictrees:rooty_soil (from Deus Chrono-Machina-6.8+1.20.1-forge.jar), #dynamictrees:fungus_caps (from Deus Chrono-Machina-6.8+1.20.1-forge.jar), #dynamictrees:wart_blocks (from Deus Chrono-Machina-6.8+1.20.1-forge.jar)
[16Aug2026 02:44:50.931] [Worker-Main-3/ERROR] [net.minecraft.tags.TagLoader/]: [Load My Fucking Tags] Couldn't load certain entries with the tag chromastone:forcefield: mffs:force_field (from chromastone-1.9_FIX_JAR.jar)
[16Aug2026 02:44:50.931] [Worker-Main-3/ERROR] [net.minecraft.tags.TagLoader/]: [Load My Fucking Tags] Couldn't load certain entries with the tag chromastone:ars: ars_nouveau:portal (from chromastone-1.9_FIX_JAR.jar), ars_nouveau:mage_block (from chromastone-1.9_FIX_JAR.jar), ars_nouveau:falseweave (from chromastone-1.9_FIX_JAR.jar), ars_nouveau:mirrorweave (from chromastone-1.9_FIX_JAR.jar), ars_nouveau:ghostweave (from chromastone-1.9_FIX_JAR.jar), ars_nouveau:sky_block (from chromastone-1.9_FIX_JAR.jar)
[16Aug2026 02:44:50.932] [Worker-Main-3/ERROR] [net.minecraft.tags.TagLoader/]: [Load My Fucking Tags] Couldn't load certain entries with the tag chromastone:echoesofpower: sgoc:domain (from chromastone-1.9_FIX_JAR.jar), sgoc:diff_magma_block (from chromastone-1.9_FIX_JAR.jar)
[16Aug2026 02:44:50.935] [Worker-Main-3/ERROR] [net.minecraft.tags.TagLoader/]: [Load My Fucking Tags] Couldn't load certain entries with the tag chromastone:fulmini: far:energy_block (from chromastone-1.9_FIX_JAR.jar), far:energy_block_purple (from chromastone-1.9_FIX_JAR.jar), far:energy_block_still (from chromastone-1.9_FIX_JAR.jar)
[16Aug2026 02:44:50.936] [Worker-Main-3/ERROR] [net.minecraft.tags.TagLoader/]: [Load My Fucking Tags] Couldn't load certain entries with the tag chromastone:nvlforcefield: nvlforcefields:nvl_block_fffield (from chromastone-1.9_FIX_JAR.jar), nvlforcefields:nvl_block_ffdfield (from chromastone-1.9_FIX_JAR.jar)
[16Aug2026 02:44:50.937] [Worker-Main-3/ERROR] [net.minecraft.tags.TagLoader/]: [Load My Fucking Tags] Couldn't load certain entries with the tag chromastone:cursedfate2: cursedfate:unlimited_void_block (from chromastone-1.9_FIX_JAR.jar), cursedfate:celestial_opera_domain_block (from chromastone-1.9_FIX_JAR.jar), cursedfate:coffin_of_the_iron_mountian_2_block (from chromastone-1.9_FIX_JAR.jar), cursedfate:coffin_of_the_iron_mountian_3_block (from chromastone-1.9_FIX_JAR.jar), cursedfate:coffin_of_the_iron_mountian_block (from chromastone-1.9_FIX_JAR.jar), cursedfate:domain_clash_block (from chromastone-1.9_FIX_JAR.jar), cursedfate:idle_death_gamble_block (from chromastone-1.9_FIX_JAR.jar), cursedfate:mutual_love_domain_block (from chromastone-1.9_FIX_JAR.jar), cursedfate:mutual_love_domain_wall (from chromastone-1.9_FIX_JAR.jar), cursedfate:soul_shrine_domain_bricks (from chromastone-1.9_FIX_JAR.jar), cursedfate:soul_shrine_domain_black_bricks (from chromastone-1.9_FIX_JAR.jar), cursedfate:veil_block (from chromastone-1.9_FIX_JAR.jar), cursedfate:domain_expansion_block (from chromastone-1.9_FIX_JAR.jar), cursedfate:domain_expansion_air (from chromastone-1.9_FIX_JAR.jar)
[16Aug2026 02:44:50.938] [Worker-Main-3/ERROR] [net.minecraft.tags.TagLoader/]: [Load My Fucking Tags] Couldn't load certain entries with the tag chromastone:regret: jujutsucraft:jujutsu_barrier (from chromastone-1.9_FIX_JAR.jar), jujutsucraft:coffinofthe_ironmountain_1 (from chromastone-1.9_FIX_JAR.jar), jujutsucraft:coffinofthe_ironmountain_2 (from chromastone-1.9_FIX_JAR.jar), jujutsucraft:block_gravel (from chromastone-1.9_FIX_JAR.jar), jujutsucraft:block_universe (from chromastone-1.9_FIX_JAR.jar), jujutsucraft:in_barrier (from chromastone-1.9_FIX_JAR.jar), jujutsucraft:block_red (from chromastone-1.9_FIX_JAR.jar), jujutsucraft:domain_grass (from chromastone-1.9_FIX_JAR.jar), jujutsucraft:domain_sand (from chromastone-1.9_FIX_JAR.jar), jujutsucraft:domain_water (from chromastone-1.9_FIX_JAR.jar), jujutsucraft:domain_blue_sky (from chromastone-1.9_FIX_JAR.jar), jujutsucraft:domain_bone (from chromastone-1.9_FIX_JAR.jar), jujutsucraft:domain_flower (from chromastone-1.9_FIX_JAR.jar), jujutsucraft:domain_cloud (from chromastone-1.9_FIX_JAR.jar), jujutsucraft:domain_stone_bricks (from chromastone-1.9_FIX_JAR.jar), jujutsucraft:domain_ice (from chromastone-1.9_FIX_JAR.jar), jujutsucraft:domain_blood (from chromastone-1.9_FIX_JAR.jar), jujutsucraft:domain_planks (from chromastone-1.9_FIX_JAR.jar), jujutsucraft:domain_podzol (from chromastone-1.9_FIX_JAR.jar), jujutsucraft:domain_white (from chromastone-1.9_FIX_JAR.jar), jujutsucraft:domain_dark_stone (from chromastone-1.9_FIX_JAR.jar)
[16Aug2026 02:44:50.939] [Worker-Main-3/ERROR] [net.minecraft.tags.TagLoader/]: [Load My Fucking Tags] Couldn't load certain entries with the tag minecraft:brushable: fsang:suspicious_dirt (from FSang18's Heroes v12.4.1.jar)
[16Aug2026 02:44:51.652] [Worker-Main-3/ERROR] [net.minecraft.server.packs.resources.SimpleJsonResourceReloadListener/]: Couldn't parse data file omni_extras:not_aliens/nosedeenian_satsu_compat from omni_extras:palladium/powers/not_aliens/nosedeenian_satsu_compat.json
com.google.gson.JsonParseException: com.google.gson.stream.MalformedJsonException: Use JsonReader.setLenient(true) to accept malformed JSON at line 57 column 24 path $.abilities.remove.hidden_in_bar
	at net.minecraft.util.GsonHelper.m_13780_(GsonHelper.java:526) ~[server-1.20.1-20230612.114412-srg.jar%23409!/:?]
	at net.minecraft.util.GsonHelper.m_263475_(GsonHelper.java:531) ~[server-1.20.1-20230612.114412-srg.jar%23409!/:?]
	at net.minecraft.util.GsonHelper.m_13776_(GsonHelper.java:581) ~[server-1.20.1-20230612.114412-srg.jar%23409!/:?]
	at net.minecraft.server.packs.resources.SimpleJsonResourceReloadListener.m_278771_(SimpleJsonResourceReloadListener.java:41) ~[server-1.20.1-20230612.114412-srg.jar%23409!/:?]
	at net.minecraft.server.packs.resources.SimpleJsonResourceReloadListener.m_5944_(SimpleJsonResourceReloadListener.java:29) ~[server-1.20.1-20230612.114412-srg.jar%23409!/:?]
	at net.threetag.palladium.power.PowerManager.m_5944_(PowerManager.java:31) ~[palladium-4.5.8+1.20.1-forge.jar%23361!/:4.5.8+1.20.1]
	at net.minecraft.server.packs.resources.SimplePreparableReloadListener.m_10786_(SimplePreparableReloadListener.java:11) ~[server-1.20.1-20230612.114412-srg.jar%23409!/:?]
	at java.util.concurrent.CompletableFuture$AsyncSupply.run(CompletableFuture.java:1768) ~[?:?]
	at java.util.concurrent.CompletableFuture$AsyncSupply.exec(CompletableFuture.java:1760) ~[?:?]
	at java.util.concurrent.ForkJoinTask.doExec(ForkJoinTask.java:373) ~[?:?]
	at java.util.concurrent.ForkJoinPool$WorkQueue.topLevelExec(ForkJoinPool.java:1182) ~[?:?]
	at java.util.concurrent.ForkJoinPool.scan(ForkJoinPool.java:1655) ~[?:?]
	at java.util.concurrent.ForkJoinPool.runWorker(ForkJoinPool.java:1622) ~[?:?]
	at java.util.concurrent.ForkJoinWorkerThread.run(ForkJoinWorkerThread.java:165) ~[?:?]
Caused by: com.google.gson.stream.MalformedJsonException: Use JsonReader.setLenient(true) to accept malformed JSON at line 57 column 24 path $.abilities.remove.hidden_in_bar
	at com.google.gson.stream.JsonReader.syntaxError(JsonReader.java:1657) ~[gson-2.10.jar%2370!/:?]
	at com.google.gson.stream.JsonReader.checkLenient(JsonReader.java:1463) ~[gson-2.10.jar%2370!/:?]
	at com.google.gson.stream.JsonReader.doPeek(JsonReader.java:602) ~[gson-2.10.jar%2370!/:?]
	at com.google.gson.stream.JsonReader.peek(JsonReader.java:433) ~[gson-2.10.jar%2370!/:?]
	at com.google.gson.internal.bind.TypeAdapters$28.read(TypeAdapters.java:786) ~[gson-2.10.jar%2370!/:?]
	at com.google.gson.internal.bind.TypeAdapters$28.read(TypeAdapters.java:725) ~[gson-2.10.jar%2370!/:?]
	at com.google.gson.internal.bind.TypeAdapters$34$1.read(TypeAdapters.java:1007) ~[gson-2.10.jar%2370!/:?]
	at net.minecraft.util.GsonHelper.m_13780_(GsonHelper.java:524) ~[server-1.20.1-20230612.114412-srg.jar%23409!/:?]
	... 13 more
[16Aug2026 02:44:51.818] [Worker-Main-3/INFO] [Faewulf's Lib/]: [Faewulf's Lib] Reloaded piggyback config file.
[16Aug2026 02:44:51.819] [Worker-Main-3/INFO] [Faewulf's Lib/]: [Faewulf's Lib] Total config reloaded: 1
[16Aug2026 02:44:52.189] [main/INFO] [net.threetag.palladium.Palladium/]: Loaded 1 loot table modifications
[16Aug2026 02:44:52.192] [main/INFO] [com.teamabnormals.blueprint.core.Blueprint/]: Loot Modification Manager has loaded 0 modifier groups
[16Aug2026 02:44:52.249] [main/WARN] [net.minecraft.world.level.storage.loot.LootDataManager/]: Found loot table element validation problem in {loot_tables:minecraft:entities/bat}.pools[1].entries[0]: Unknown loot table called minecraft:entities/reference/mmh/bat
[16Aug2026 02:44:52.263] [main/INFO] [KubeJS Server/]: Processing recipes...
[16Aug2026 02:44:52.372] [main/WARN] [KubeJS Server/]: Failed to parse recipe 'seadwellers:depth_helmet[minecraft:smithing_transform]'! Falling back to vanilla: Ingredient 'template' can't be empty!
[16Aug2026 02:44:52.411] [main/WARN] [KubeJS Server/]: Failed to parse recipe 'incendium:upgrade_elytra[minecraft:smithing_transform]'! Falling back to vanilla: Ingredient 'template' can't be empty!
[16Aug2026 02:44:52.438] [main/INFO] [KubeJS Server/]: Found 5668 recipes in 173.5 ms
[16Aug2026 02:44:52.453] [main/INFO] [KubeJS Server/]: Posted recipe events in 15.07 ms
[16Aug2026 02:44:52.605] [main/INFO] [KubeJS Server/]: Added 33 recipes, removed 0 recipes, modified 0 recipes, with 0 failed recipes in 149.3 ms
[16Aug2026 02:44:52.606] [main/INFO] [ModernFix/]: Clearing KubeJS recipe lists...
[16Aug2026 02:44:52.613] [main/INFO] [com.teamabnormals.blueprint.core.Blueprint/]: Advancement Modification Manager has loaded 0 modifier groups
[16Aug2026 02:44:52.614] [main/ERROR] [net.minecraft.server.ServerFunctionLibrary/]: Failed to load function fsang:block_freeze
java.util.concurrent.CompletionException: java.lang.IllegalArgumentException: Whilst parsing command on line 1: Unknown block type 'minecraft:' at position 93: ...e replace <--[HERE]
	at java.util.concurrent.CompletableFuture.encodeThrowable(CompletableFuture.java:315) ~[?:?]
	at java.util.concurrent.CompletableFuture.completeThrowable(CompletableFuture.java:320) ~[?:?]
	at java.util.concurrent.CompletableFuture$AsyncSupply.run(CompletableFuture.java:1770) ~[?:?]
	at java.util.concurrent.CompletableFuture$AsyncSupply.exec(CompletableFuture.java:1760) ~[?:?]
	at java.util.concurrent.ForkJoinTask.doExec(ForkJoinTask.java:373) ~[?:?]
	at java.util.concurrent.ForkJoinPool$WorkQueue.topLevelExec(ForkJoinPool.java:1182) ~[?:?]
	at java.util.concurrent.ForkJoinPool.scan(ForkJoinPool.java:1655) ~[?:?]
	at java.util.concurrent.ForkJoinPool.runWorker(ForkJoinPool.java:1622) ~[?:?]
	at java.util.concurrent.ForkJoinWorkerThread.run(ForkJoinWorkerThread.java:165) ~[?:?]
Caused by: java.lang.IllegalArgumentException: Whilst parsing command on line 1: Unknown block type 'minecraft:' at position 93: ...e replace <--[HERE]
	at net.minecraft.commands.CommandFunction.m_77984_(CommandFunction.java:63) ~[server-1.20.1-20230612.114412-srg.jar%23409!/:?]
	at net.minecraft.server.ServerFunctionLibrary.m_214320_(ServerFunctionLibrary.java:83) ~[server-1.20.1-20230612.114412-srg.jar%23409!/:?]
	at java.util.concurrent.CompletableFuture$AsyncSupply.run(CompletableFuture.java:1768) ~[?:?]
	... 6 more
[16Aug2026 02:44:52.615] [main/ERROR] [net.minecraft.server.ServerFunctionLibrary/]: Failed to load function alienevo:absorb/infinite_entities
java.util.concurrent.CompletionException: java.lang.IllegalArgumentException: Whilst parsing command on line 1: Invalid or unknown entity type 'jujutsucraft:cursed_spirit_grade_01' at position 19: ...s @e[type=<--[HERE]
	at java.util.concurrent.CompletableFuture.encodeThrowable(CompletableFuture.java:315) ~[?:?]
	at java.util.concurrent.CompletableFuture.completeThrowable(CompletableFuture.java:320) ~[?:?]
	at java.util.concurrent.CompletableFuture$AsyncSupply.run(CompletableFuture.java:1770) ~[?:?]
	at java.util.concurrent.CompletableFuture$AsyncSupply.exec(CompletableFuture.java:1760) ~[?:?]
	at java.util.concurrent.ForkJoinTask.doExec(ForkJoinTask.java:373) ~[?:?]
	at java.util.concurrent.ForkJoinPool$WorkQueue.topLevelExec(ForkJoinPool.java:1182) ~[?:?]
	at java.util.concurrent.ForkJoinPool.scan(ForkJoinPool.java:1655) ~[?:?]
	at java.util.concurrent.ForkJoinPool.runWorker(ForkJoinPool.java:1622) ~[?:?]
	at java.util.concurrent.ForkJoinWorkerThread.run(ForkJoinWorkerThread.java:165) ~[?:?]
Caused by: java.lang.IllegalArgumentException: Whilst parsing command on line 1: Invalid or unknown entity type 'jujutsucraft:cursed_spirit_grade_01' at position 19: ...s @e[type=<--[HERE]
	at net.minecraft.commands.CommandFunction.m_77984_(CommandFunction.java:63) ~[server-1.20.1-20230612.114412-srg.jar%23409!/:?]
	at net.minecraft.server.ServerFunctionLibrary.m_214320_(ServerFunctionLibrary.java:83) ~[server-1.20.1-20230612.114412-srg.jar%23409!/:?]
	at java.util.concurrent.CompletableFuture$AsyncSupply.run(CompletableFuture.java:1768) ~[?:?]
	... 6 more
[16Aug2026 02:44:52.618] [main/ERROR] [net.minecraft.server.ServerFunctionLibrary/]: Failed to load function fokus:nxf/kp4o6wh
java.util.concurrent.CompletionException: java.lang.IllegalArgumentException: Whilst parsing command on line 1: Expected whitespace to end one argument, but found trailing data at position 18: ... function <--[HERE]
	at java.util.concurrent.CompletableFuture.encodeThrowable(CompletableFuture.java:315) ~[?:?]
	at java.util.concurrent.CompletableFuture.completeThrowable(CompletableFuture.java:320) ~[?:?]
	at java.util.concurrent.CompletableFuture$AsyncSupply.run(CompletableFuture.java:1770) ~[?:?]
	at java.util.concurrent.CompletableFuture$AsyncSupply.exec(CompletableFuture.java:1760) ~[?:?]
	at java.util.concurrent.ForkJoinTask.doExec(ForkJoinTask.java:373) ~[?:?]
	at java.util.concurrent.ForkJoinPool$WorkQueue.topLevelExec(ForkJoinPool.java:1182) ~[?:?]
	at java.util.concurrent.ForkJoinPool.scan(ForkJoinPool.java:1655) ~[?:?]
	at java.util.concurrent.ForkJoinPool.runWorker(ForkJoinPool.java:1622) ~[?:?]
	at java.util.concurrent.ForkJoinWorkerThread.run(ForkJoinWorkerThread.java:165) ~[?:?]
Caused by: java.lang.IllegalArgumentException: Whilst parsing command on line 1: Expected whitespace to end one argument, but found trailing data at position 18: ... function <--[HERE]
	at net.minecraft.commands.CommandFunction.m_77984_(CommandFunction.java:63) ~[server-1.20.1-20230612.114412-srg.jar%23409!/:?]
	at net.minecraft.server.ServerFunctionLibrary.m_214320_(ServerFunctionLibrary.java:83) ~[server-1.20.1-20230612.114412-srg.jar%23409!/:?]
	at java.util.concurrent.CompletableFuture$AsyncSupply.run(CompletableFuture.java:1768) ~[?:?]
	... 6 more
[16Aug2026 02:44:52.618] [main/ERROR] [net.minecraft.server.ServerFunctionLibrary/]: Failed to load function xfermium:nxf/load_rlixld_dj0pz56l
java.util.concurrent.CompletionException: java.lang.IllegalArgumentException: Whilst parsing command on line 1: Incorrect argument for command at position 9: gamerule <--[HERE]
	at java.util.concurrent.CompletableFuture.encodeThrowable(CompletableFuture.java:315) ~[?:?]
	at java.util.concurrent.CompletableFuture.completeThrowable(CompletableFuture.java:320) ~[?:?]
	at java.util.concurrent.CompletableFuture$AsyncSupply.run(CompletableFuture.java:1770) ~[?:?]
	at java.util.concurrent.CompletableFuture$AsyncSupply.exec(CompletableFuture.java:1760) ~[?:?]
	at java.util.concurrent.ForkJoinTask.doExec(ForkJoinTask.java:373) ~[?:?]
	at java.util.concurrent.ForkJoinPool$WorkQueue.topLevelExec(ForkJoinPool.java:1182) ~[?:?]
	at java.util.concurrent.ForkJoinPool.scan(ForkJoinPool.java:1655) ~[?:?]
	at java.util.concurrent.ForkJoinPool.runWorker(ForkJoinPool.java:1622) ~[?:?]
	at java.util.concurrent.ForkJoinWorkerThread.run(ForkJoinWorkerThread.java:165) ~[?:?]
Caused by: java.lang.IllegalArgumentException: Whilst parsing command on line 1: Incorrect argument for command at position 9: gamerule <--[HERE]
	at net.minecraft.commands.CommandFunction.m_77984_(CommandFunction.java:63) ~[server-1.20.1-20230612.114412-srg.jar%23409!/:?]
	at net.minecraft.server.ServerFunctionLibrary.m_214320_(ServerFunctionLibrary.java:83) ~[server-1.20.1-20230612.114412-srg.jar%23409!/:?]
	at java.util.concurrent.CompletableFuture$AsyncSupply.run(CompletableFuture.java:1768) ~[?:?]
	... 6 more
[16Aug2026 02:44:52.621] [main/ERROR] [net.minecraft.server.ServerFunctionLibrary/]: Failed to load function alienevo:abilities/specifics
java.util.concurrent.CompletionException: java.lang.IllegalArgumentException: Whilst parsing command on line 1: Invalid or unknown entity type 'mahoutsukai:beam_projectile_entity' at position 19: ...s @e[type=<--[HERE]
	at java.util.concurrent.CompletableFuture.encodeThrowable(CompletableFuture.java:315) ~[?:?]
	at java.util.concurrent.CompletableFuture.completeThrowable(CompletableFuture.java:320) ~[?:?]
	at java.util.concurrent.CompletableFuture$AsyncSupply.run(CompletableFuture.java:1770) ~[?:?]
	at java.util.concurrent.CompletableFuture$AsyncSupply.exec(CompletableFuture.java:1760) ~[?:?]
	at java.util.concurrent.ForkJoinTask.doExec(ForkJoinTask.java:373) ~[?:?]
	at java.util.concurrent.ForkJoinPool$WorkQueue.topLevelExec(ForkJoinPool.java:1182) ~[?:?]
	at java.util.concurrent.ForkJoinPool.scan(ForkJoinPool.java:1655) ~[?:?]
	at java.util.concurrent.ForkJoinPool.runWorker(ForkJoinPool.java:1622) ~[?:?]
	at java.util.concurrent.ForkJoinWorkerThread.run(ForkJoinWorkerThread.java:165) ~[?:?]
Caused by: java.lang.IllegalArgumentException: Whilst parsing command on line 1: Invalid or unknown entity type 'mahoutsukai:beam_projectile_entity' at position 19: ...s @e[type=<--[HERE]
	at net.minecraft.commands.CommandFunction.m_77984_(CommandFunction.java:63) ~[server-1.20.1-20230612.114412-srg.jar%23409!/:?]
	at net.minecraft.server.ServerFunctionLibrary.m_214320_(ServerFunctionLibrary.java:83) ~[server-1.20.1-20230612.114412-srg.jar%23409!/:?]
	at java.util.concurrent.CompletableFuture$AsyncSupply.run(CompletableFuture.java:1768) ~[?:?]
	... 6 more
[16Aug2026 02:44:52.621] [main/ERROR] [net.minecraft.server.ServerFunctionLibrary/]: Failed to load function fokus:nxf/11z33h0q4
java.util.concurrent.CompletionException: java.lang.IllegalArgumentException: Whilst parsing command on line 1: Unknown criterion 'minecraft.custom:minecraft.play_one_minute'
	at java.util.concurrent.CompletableFuture.encodeThrowable(CompletableFuture.java:315) ~[?:?]
	at java.util.concurrent.CompletableFuture.completeThrowable(CompletableFuture.java:320) ~[?:?]
	at java.util.concurrent.CompletableFuture$AsyncSupply.run(CompletableFuture.java:1770) ~[?:?]
	at java.util.concurrent.CompletableFuture$AsyncSupply.exec(CompletableFuture.java:1760) ~[?:?]
	at java.util.concurrent.ForkJoinTask.doExec(ForkJoinTask.java:373) ~[?:?]
	at java.util.concurrent.ForkJoinPool$WorkQueue.topLevelExec(ForkJoinPool.java:1182) ~[?:?]
	at java.util.concurrent.ForkJoinPool.scan(ForkJoinPool.java:1655) ~[?:?]
	at java.util.concurrent.ForkJoinPool.runWorker(ForkJoinPool.java:1622) ~[?:?]
	at java.util.concurrent.ForkJoinWorkerThread.run(ForkJoinWorkerThread.java:165) ~[?:?]
Caused by: java.lang.IllegalArgumentException: Whilst parsing command on line 1: Unknown criterion 'minecraft.custom:minecraft.play_one_minute'
	at net.minecraft.commands.CommandFunction.m_77984_(CommandFunction.java:63) ~[server-1.20.1-20230612.114412-srg.jar%23409!/:?]
	at net.minecraft.server.ServerFunctionLibrary.m_214320_(ServerFunctionLibrary.java:83) ~[server-1.20.1-20230612.114412-srg.jar%23409!/:?]
	at java.util.concurrent.CompletableFuture$AsyncSupply.run(CompletableFuture.java:1768) ~[?:?]
	... 6 more
[16Aug2026 02:44:52.622] [main/ERROR] [net.minecraft.server.ServerFunctionLibrary/]: Failed to load function fokus:vd/cores/1.21.9
java.util.concurrent.CompletionException: java.lang.IllegalArgumentException: Whilst parsing command on line 1: Incorrect argument for command at position 22: ...s ~ ~ ~ ~ <--[HERE]
	at java.util.concurrent.CompletableFuture.encodeThrowable(CompletableFuture.java:315) ~[?:?]
	at java.util.concurrent.CompletableFuture.completeThrowable(CompletableFuture.java:320) ~[?:?]
	at java.util.concurrent.CompletableFuture$AsyncSupply.run(CompletableFuture.java:1770) ~[?:?]
	at java.util.concurrent.CompletableFuture$AsyncSupply.exec(CompletableFuture.java:1760) ~[?:?]
	at java.util.concurrent.ForkJoinTask.doExec(ForkJoinTask.java:373) ~[?:?]
	at java.util.concurrent.ForkJoinPool$WorkQueue.topLevelExec(ForkJoinPool.java:1182) ~[?:?]
	at java.util.concurrent.ForkJoinPool.scan(ForkJoinPool.java:1655) ~[?:?]
	at java.util.concurrent.ForkJoinPool.runWorker(ForkJoinPool.java:1622) ~[?:?]
	at java.util.concurrent.ForkJoinWorkerThread.run(ForkJoinWorkerThread.java:165) ~[?:?]
Caused by: java.lang.IllegalArgumentException: Whilst parsing command on line 1: Incorrect argument for command at position 22: ...s ~ ~ ~ ~ <--[HERE]
	at net.minecraft.commands.CommandFunction.m_77984_(CommandFunction.java:63) ~[server-1.20.1-20230612.114412-srg.jar%23409!/:?]
	at net.minecraft.server.ServerFunctionLibrary.m_214320_(ServerFunctionLibrary.java:83) ~[server-1.20.1-20230612.114412-srg.jar%23409!/:?]
	at java.util.concurrent.CompletableFuture$AsyncSupply.run(CompletableFuture.java:1768) ~[?:?]
	... 6 more
[16Aug2026 02:44:52.623] [main/ERROR] [net.minecraft.server.ServerFunctionLibrary/]: Failed to load function fokus:vd/cores/1.21.6
java.util.concurrent.CompletionException: java.lang.IllegalArgumentException: Whilst parsing command on line 1: Incorrect argument for command at position 49: ...block.bit <--[HERE]
	at java.util.concurrent.CompletableFuture.encodeThrowable(CompletableFuture.java:315) ~[?:?]
	at java.util.concurrent.CompletableFuture.completeThrowable(CompletableFuture.java:320) ~[?:?]
	at java.util.concurrent.CompletableFuture$AsyncSupply.run(CompletableFuture.java:1770) ~[?:?]
	at java.util.concurrent.CompletableFuture$AsyncSupply.exec(CompletableFuture.java:1760) ~[?:?]
	at java.util.concurrent.ForkJoinTask.doExec(ForkJoinTask.java:373) ~[?:?]
	at java.util.concurrent.ForkJoinPool$WorkQueue.topLevelExec(ForkJoinPool.java:1182) ~[?:?]
	at java.util.concurrent.ForkJoinPool.scan(ForkJoinPool.java:1655) ~[?:?]
	at java.util.concurrent.ForkJoinPool.runWorker(ForkJoinPool.java:1622) ~[?:?]
	at java.util.concurrent.ForkJoinWorkerThread.run(ForkJoinWorkerThread.java:165) ~[?:?]
Caused by: java.lang.IllegalArgumentException: Whilst parsing command on line 1: Incorrect argument for command at position 49: ...block.bit <--[HERE]
	at net.minecraft.commands.CommandFunction.m_77984_(CommandFunction.java:63) ~[server-1.20.1-20230612.114412-srg.jar%23409!/:?]
	at net.minecraft.server.ServerFunctionLibrary.m_214320_(ServerFunctionLibrary.java:83) ~[server-1.20.1-20230612.114412-srg.jar%23409!/:?]
	at java.util.concurrent.CompletableFuture$AsyncSupply.run(CompletableFuture.java:1768) ~[?:?]
	... 6 more
[16Aug2026 02:44:52.623] [main/ERROR] [net.minecraft.server.ServerFunctionLibrary/]: Failed to load function xfermium:nxf/_ignored_lowtick_msgjw3yy4j
java.util.concurrent.CompletionException: java.lang.IllegalArgumentException: Whilst parsing command on line 1: Incorrect argument for command at position 9: gamerule <--[HERE]
	at java.util.concurrent.CompletableFuture.encodeThrowable(CompletableFuture.java:315) ~[?:?]
	at java.util.concurrent.CompletableFuture.completeThrowable(CompletableFuture.java:320) ~[?:?]
	at java.util.concurrent.CompletableFuture$AsyncSupply.run(CompletableFuture.java:1770) ~[?:?]
	at java.util.concurrent.CompletableFuture$AsyncSupply.exec(CompletableFuture.java:1760) ~[?:?]
	at java.util.concurrent.ForkJoinTask.doExec(ForkJoinTask.java:373) ~[?:?]
	at java.util.concurrent.ForkJoinPool$WorkQueue.topLevelExec(ForkJoinPool.java:1182) ~[?:?]
	at java.util.concurrent.ForkJoinPool.scan(ForkJoinPool.java:1655) ~[?:?]
	at java.util.concurrent.ForkJoinPool.runWorker(ForkJoinPool.java:1622) ~[?:?]
	at java.util.concurrent.ForkJoinWorkerThread.run(ForkJoinWorkerThread.java:165) ~[?:?]
Caused by: java.lang.IllegalArgumentException: Whilst parsing command on line 1: Incorrect argument for command at position 9: gamerule <--[HERE]
	at net.minecraft.commands.CommandFunction.m_77984_(CommandFunction.java:63) ~[server-1.20.1-20230612.114412-srg.jar%23409!/:?]
	at net.minecraft.server.ServerFunctionLibrary.m_214320_(ServerFunctionLibrary.java:83) ~[server-1.20.1-20230612.114412-srg.jar%23409!/:?]
	at java.util.concurrent.CompletableFuture$AsyncSupply.run(CompletableFuture.java:1768) ~[?:?]
	... 6 more
[16Aug2026 02:44:52.625] [main/ERROR] [net.minecraft.server.ServerFunctionLibrary/]: Failed to load function chromastone:absorb/infinite_entities
java.util.concurrent.CompletionException: java.lang.IllegalArgumentException: Whilst parsing command on line 1: Invalid or unknown entity type 'cursedfate:mouth_curse' at position 19: ...s @e[type=<--[HERE]
	at java.util.concurrent.CompletableFuture.encodeThrowable(CompletableFuture.java:315) ~[?:?]
	at java.util.concurrent.CompletableFuture.completeThrowable(CompletableFuture.java:320) ~[?:?]
	at java.util.concurrent.CompletableFuture$AsyncSupply.run(CompletableFuture.java:1770) ~[?:?]
	at java.util.concurrent.CompletableFuture$AsyncSupply.exec(CompletableFuture.java:1760) ~[?:?]
	at java.util.concurrent.ForkJoinTask.doExec(ForkJoinTask.java:373) ~[?:?]
	at java.util.concurrent.ForkJoinPool$WorkQueue.topLevelExec(ForkJoinPool.java:1182) ~[?:?]
	at java.util.concurrent.ForkJoinPool.scan(ForkJoinPool.java:1655) ~[?:?]
	at java.util.concurrent.ForkJoinPool.runWorker(ForkJoinPool.java:1622) ~[?:?]
	at java.util.concurrent.ForkJoinWorkerThread.run(ForkJoinWorkerThread.java:165) ~[?:?]
Caused by: java.lang.IllegalArgumentException: Whilst parsing command on line 1: Invalid or unknown entity type 'cursedfate:mouth_curse' at position 19: ...s @e[type=<--[HERE]
	at net.minecraft.commands.CommandFunction.m_77984_(CommandFunction.java:63) ~[server-1.20.1-20230612.114412-srg.jar%23409!/:?]
	at net.minecraft.server.ServerFunctionLibrary.m_214320_(ServerFunctionLibrary.java:83) ~[server-1.20.1-20230612.114412-srg.jar%23409!/:?]
	at java.util.concurrent.CompletableFuture$AsyncSupply.run(CompletableFuture.java:1768) ~[?:?]
	... 6 more
[16Aug2026 02:44:52.625] [main/ERROR] [net.minecraft.server.ServerFunctionLibrary/]: Failed to load function xfermium:nxf/load_rlixld_ulhg
java.util.concurrent.CompletionException: java.lang.IllegalArgumentException: Whilst parsing command on line 1: Incorrect argument for command at position 9: gamerule <--[HERE]
	at java.util.concurrent.CompletableFuture.encodeThrowable(CompletableFuture.java:315) ~[?:?]
	at java.util.concurrent.CompletableFuture.completeThrowable(CompletableFuture.java:320) ~[?:?]
	at java.util.concurrent.CompletableFuture$AsyncSupply.run(CompletableFuture.java:1770) ~[?:?]
	at java.util.concurrent.CompletableFuture$AsyncSupply.exec(CompletableFuture.java:1760) ~[?:?]
	at java.util.concurrent.ForkJoinTask.doExec(ForkJoinTask.java:373) ~[?:?]
	at java.util.concurrent.ForkJoinPool$WorkQueue.topLevelExec(ForkJoinPool.java:1182) ~[?:?]
	at java.util.concurrent.ForkJoinPool.scan(ForkJoinPool.java:1655) ~[?:?]
	at java.util.concurrent.ForkJoinPool.runWorker(ForkJoinPool.java:1622) ~[?:?]
	at java.util.concurrent.ForkJoinWorkerThread.run(ForkJoinWorkerThread.java:165) ~[?:?]
Caused by: java.lang.IllegalArgumentException: Whilst parsing command on line 1: Incorrect argument for command at position 9: gamerule <--[HERE]
	at net.minecraft.commands.CommandFunction.m_77984_(CommandFunction.java:63) ~[server-1.20.1-20230612.114412-srg.jar%23409!/:?]
	at net.minecraft.server.ServerFunctionLibrary.m_214320_(ServerFunctionLibrary.java:83) ~[server-1.20.1-20230612.114412-srg.jar%23409!/:?]
	at java.util.concurrent.CompletableFuture$AsyncSupply.run(CompletableFuture.java:1768) ~[?:?]
	... 6 more
[16Aug2026 02:44:52.628] [main/ERROR] [net.minecraft.server.ServerFunctionLibrary/]: Failed to load function fsang:shieldkill
java.util.concurrent.CompletionException: java.lang.IllegalArgumentException: Whilst parsing command on line 1: Expected value for option 'sort' at position 59: ...rojectile,<--[HERE]
	at java.util.concurrent.CompletableFuture.encodeThrowable(CompletableFuture.java:315) ~[?:?]
	at java.util.concurrent.CompletableFuture.completeThrowable(CompletableFuture.java:320) ~[?:?]
	at java.util.concurrent.CompletableFuture$AsyncSupply.run(CompletableFuture.java:1770) ~[?:?]
	at java.util.concurrent.CompletableFuture$AsyncSupply.exec(CompletableFuture.java:1760) ~[?:?]
	at java.util.concurrent.ForkJoinTask.doExec(ForkJoinTask.java:373) ~[?:?]
	at java.util.concurrent.ForkJoinPool$WorkQueue.topLevelExec(ForkJoinPool.java:1182) ~[?:?]
	at java.util.concurrent.ForkJoinPool.scan(ForkJoinPool.java:1655) ~[?:?]
	at java.util.concurrent.ForkJoinPool.runWorker(ForkJoinPool.java:1622) ~[?:?]
	at java.util.concurrent.ForkJoinWorkerThread.run(ForkJoinWorkerThread.java:165) ~[?:?]
Caused by: java.lang.IllegalArgumentException: Whilst parsing command on line 1: Expected value for option 'sort' at position 59: ...rojectile,<--[HERE]
	at net.minecraft.commands.CommandFunction.m_77984_(CommandFunction.java:63) ~[server-1.20.1-20230612.114412-srg.jar%23409!/:?]
	at net.minecraft.server.ServerFunctionLibrary.m_214320_(ServerFunctionLibrary.java:83) ~[server-1.20.1-20230612.114412-srg.jar%23409!/:?]
	at java.util.concurrent.CompletableFuture$AsyncSupply.run(CompletableFuture.java:1768) ~[?:?]
	... 6 more
[16Aug2026 02:44:52.629] [main/ERROR] [net.minecraft.server.ServerFunctionLibrary/]: Failed to load function xfermium:nxf/lowtick_9gzb6j2x
java.util.concurrent.CompletionException: java.lang.IllegalArgumentException: Whilst parsing command on line 1: Incorrect argument for command at position 9: gamerule <--[HERE]
	at java.util.concurrent.CompletableFuture.encodeThrowable(CompletableFuture.java:315) ~[?:?]
	at java.util.concurrent.CompletableFuture.completeThrowable(CompletableFuture.java:320) ~[?:?]
	at java.util.concurrent.CompletableFuture$AsyncSupply.run(CompletableFuture.java:1770) ~[?:?]
	at java.util.concurrent.CompletableFuture$AsyncSupply.exec(CompletableFuture.java:1760) ~[?:?]
	at java.util.concurrent.ForkJoinTask.doExec(ForkJoinTask.java:373) ~[?:?]
	at java.util.concurrent.ForkJoinPool$WorkQueue.topLevelExec(ForkJoinPool.java:1182) ~[?:?]
	at java.util.concurrent.ForkJoinPool.scan(ForkJoinPool.java:1655) ~[?:?]
	at java.util.concurrent.ForkJoinPool.runWorker(ForkJoinPool.java:1622) ~[?:?]
	at java.util.concurrent.ForkJoinWorkerThread.run(ForkJoinWorkerThread.java:165) ~[?:?]
Caused by: java.lang.IllegalArgumentException: Whilst parsing command on line 1: Incorrect argument for command at position 9: gamerule <--[HERE]
	at net.minecraft.commands.CommandFunction.m_77984_(CommandFunction.java:63) ~[server-1.20.1-20230612.114412-srg.jar%23409!/:?]
	at net.minecraft.server.ServerFunctionLibrary.m_214320_(ServerFunctionLibrary.java:83) ~[server-1.20.1-20230612.114412-srg.jar%23409!/:?]
	at java.util.concurrent.CompletableFuture$AsyncSupply.run(CompletableFuture.java:1768) ~[?:?]
	... 6 more
[16Aug2026 02:44:52.629] [main/ERROR] [net.minecraft.server.ServerFunctionLibrary/]: Failed to load function chromastone:absorb/sorcery_passives
java.util.concurrent.CompletionException: java.lang.IllegalArgumentException: Whilst parsing command on line 1: Invalid or unknown entity type 'jujutsu_kaisen:blue' at position 19: ...s @e[type=<--[HERE]
	at java.util.concurrent.CompletableFuture.encodeThrowable(CompletableFuture.java:315) ~[?:?]
	at java.util.concurrent.CompletableFuture.completeThrowable(CompletableFuture.java:320) ~[?:?]
	at java.util.concurrent.CompletableFuture$AsyncSupply.run(CompletableFuture.java:1770) ~[?:?]
	at java.util.concurrent.CompletableFuture$AsyncSupply.exec(CompletableFuture.java:1760) ~[?:?]
	at java.util.concurrent.ForkJoinTask.doExec(ForkJoinTask.java:373) ~[?:?]
	at java.util.concurrent.ForkJoinPool$WorkQueue.topLevelExec(ForkJoinPool.java:1182) ~[?:?]
	at java.util.concurrent.ForkJoinPool.scan(ForkJoinPool.java:1655) ~[?:?]
	at java.util.concurrent.ForkJoinPool.runWorker(ForkJoinPool.java:1622) ~[?:?]
	at java.util.concurrent.ForkJoinWorkerThread.run(ForkJoinWorkerThread.java:165) ~[?:?]
Caused by: java.lang.IllegalArgumentException: Whilst parsing command on line 1: Invalid or unknown entity type 'jujutsu_kaisen:blue' at position 19: ...s @e[type=<--[HERE]
	at net.minecraft.commands.CommandFunction.m_77984_(CommandFunction.java:63) ~[server-1.20.1-20230612.114412-srg.jar%23409!/:?]
	at net.minecraft.server.ServerFunctionLibrary.m_214320_(ServerFunctionLibrary.java:83) ~[server-1.20.1-20230612.114412-srg.jar%23409!/:?]
	at java.util.concurrent.CompletableFuture$AsyncSupply.run(CompletableFuture.java:1768) ~[?:?]
	... 6 more
[16Aug2026 02:44:52.629] [main/ERROR] [net.minecraft.server.ServerFunctionLibrary/]: Failed to load function fokus:vd/cores/1.21.11
java.util.concurrent.CompletionException: java.lang.IllegalArgumentException: Whilst parsing command on line 1: Unknown item 'minecraft:netherite_horse_armor' at position 8: give @s <--[HERE]
	at java.util.concurrent.CompletableFuture.encodeThrowable(CompletableFuture.java:315) ~[?:?]
	at java.util.concurrent.CompletableFuture.completeThrowable(CompletableFuture.java:320) ~[?:?]
	at java.util.concurrent.CompletableFuture$AsyncSupply.run(CompletableFuture.java:1770) ~[?:?]
	at java.util.concurrent.CompletableFuture$AsyncSupply.exec(CompletableFuture.java:1760) ~[?:?]
	at java.util.concurrent.ForkJoinTask.doExec(ForkJoinTask.java:373) ~[?:?]
	at java.util.concurrent.ForkJoinPool$WorkQueue.topLevelExec(ForkJoinPool.java:1182) ~[?:?]
	at java.util.concurrent.ForkJoinPool.scan(ForkJoinPool.java:1655) ~[?:?]
	at java.util.concurrent.ForkJoinPool.runWorker(ForkJoinPool.java:1622) ~[?:?]
	at java.util.concurrent.ForkJoinWorkerThread.run(ForkJoinWorkerThread.java:165) ~[?:?]
Caused by: java.lang.IllegalArgumentException: Whilst parsing command on line 1: Unknown item 'minecraft:netherite_horse_armor' at position 8: give @s <--[HERE]
	at net.minecraft.commands.CommandFunction.m_77984_(CommandFunction.java:63) ~[server-1.20.1-20230612.114412-srg.jar%23409!/:?]
	at net.minecraft.server.ServerFunctionLibrary.m_214320_(ServerFunctionLibrary.java:83) ~[server-1.20.1-20230612.114412-srg.jar%23409!/:?]
	at java.util.concurrent.CompletableFuture$AsyncSupply.run(CompletableFuture.java:1768) ~[?:?]
	... 6 more
[16Aug2026 02:44:52.630] [main/ERROR] [net.minecraft.server.ServerFunctionLibrary/]: Failed to load function fokus:nxf/_ignored_bffhan5h
java.util.concurrent.CompletionException: java.lang.IllegalArgumentException: Whilst parsing command on line 1: Unknown or incomplete command, see below for error at position 0: <--[HERE]
	at java.util.concurrent.CompletableFuture.encodeThrowable(CompletableFuture.java:315) ~[?:?]
	at java.util.concurrent.CompletableFuture.completeThrowable(CompletableFuture.java:320) ~[?:?]
	at java.util.concurrent.CompletableFuture$AsyncSupply.run(CompletableFuture.java:1770) ~[?:?]
	at java.util.concurrent.CompletableFuture$AsyncSupply.exec(CompletableFuture.java:1760) ~[?:?]
	at java.util.concurrent.ForkJoinTask.doExec(ForkJoinTask.java:373) ~[?:?]
	at java.util.concurrent.ForkJoinPool$WorkQueue.topLevelExec(ForkJoinPool.java:1182) ~[?:?]
	at java.util.concurrent.ForkJoinPool.scan(ForkJoinPool.java:1655) ~[?:?]
	at java.util.concurrent.ForkJoinPool.runWorker(ForkJoinPool.java:1622) ~[?:?]
	at java.util.concurrent.ForkJoinWorkerThread.run(ForkJoinWorkerThread.java:165) ~[?:?]
Caused by: java.lang.IllegalArgumentException: Whilst parsing command on line 1: Unknown or incomplete command, see below for error at position 0: <--[HERE]
	at net.minecraft.commands.CommandFunction.m_77984_(CommandFunction.java:63) ~[server-1.20.1-20230612.114412-srg.jar%23409!/:?]
	at net.minecraft.server.ServerFunctionLibrary.m_214320_(ServerFunctionLibrary.java:83) ~[server-1.20.1-20230612.114412-srg.jar%23409!/:?]
	at java.util.concurrent.CompletableFuture$AsyncSupply.run(CompletableFuture.java:1768) ~[?:?]
	... 6 more
[16Aug2026 02:44:52.633] [main/ERROR] [net.minecraft.server.ServerFunctionLibrary/]: Failed to load function alienevo:absorb/passives
java.util.concurrent.CompletionException: java.lang.IllegalArgumentException: Whilst parsing command on line 2: Invalid or unknown entity type 'jujutsucraft:bullet_flame_projectile' at position 19: ...s @e[type=<--[HERE]
	at java.util.concurrent.CompletableFuture.encodeThrowable(CompletableFuture.java:315) ~[?:?]
	at java.util.concurrent.CompletableFuture.completeThrowable(CompletableFuture.java:320) ~[?:?]
	at java.util.concurrent.CompletableFuture$AsyncSupply.run(CompletableFuture.java:1770) ~[?:?]
	at java.util.concurrent.CompletableFuture$AsyncSupply.exec(CompletableFuture.java:1760) ~[?:?]
	at java.util.concurrent.ForkJoinTask.doExec(ForkJoinTask.java:373) ~[?:?]
	at java.util.concurrent.ForkJoinPool$WorkQueue.topLevelExec(ForkJoinPool.java:1182) ~[?:?]
	at java.util.concurrent.ForkJoinPool.scan(ForkJoinPool.java:1655) ~[?:?]
	at java.util.concurrent.ForkJoinPool.runWorker(ForkJoinPool.java:1622) ~[?:?]
	at java.util.concurrent.ForkJoinWorkerThread.run(ForkJoinWorkerThread.java:165) ~[?:?]
Caused by: java.lang.IllegalArgumentException: Whilst parsing command on line 2: Invalid or unknown entity type 'jujutsucraft:bullet_flame_projectile' at position 19: ...s @e[type=<--[HERE]
	at net.minecraft.commands.CommandFunction.m_77984_(CommandFunction.java:63) ~[server-1.20.1-20230612.114412-srg.jar%23409!/:?]
	at net.minecraft.server.ServerFunctionLibrary.m_214320_(ServerFunctionLibrary.java:83) ~[server-1.20.1-20230612.114412-srg.jar%23409!/:?]
	at java.util.concurrent.CompletableFuture$AsyncSupply.run(CompletableFuture.java:1768) ~[?:?]
	... 6 more
[16Aug2026 02:44:52.634] [main/ERROR] [net.minecraft.server.ServerFunctionLibrary/]: Failed to load function chromastone:absorb/passives
java.util.concurrent.CompletionException: java.lang.IllegalArgumentException: Whilst parsing command on line 1: Invalid or unknown entity type 'cursedfate:vfx_lapse_blue_simple' at position 19: ...s @e[type=<--[HERE]
	at java.util.concurrent.CompletableFuture.encodeThrowable(CompletableFuture.java:315) ~[?:?]
	at java.util.concurrent.CompletableFuture.completeThrowable(CompletableFuture.java:320) ~[?:?]
	at java.util.concurrent.CompletableFuture$AsyncSupply.run(CompletableFuture.java:1770) ~[?:?]
	at java.util.concurrent.CompletableFuture$AsyncSupply.exec(CompletableFuture.java:1760) ~[?:?]
	at java.util.concurrent.ForkJoinTask.doExec(ForkJoinTask.java:373) ~[?:?]
	at java.util.concurrent.ForkJoinPool$WorkQueue.topLevelExec(ForkJoinPool.java:1182) ~[?:?]
	at java.util.concurrent.ForkJoinPool.scan(ForkJoinPool.java:1655) ~[?:?]
	at java.util.concurrent.ForkJoinPool.runWorker(ForkJoinPool.java:1622) ~[?:?]
	at java.util.concurrent.ForkJoinWorkerThread.run(ForkJoinWorkerThread.java:165) ~[?:?]
Caused by: java.lang.IllegalArgumentException: Whilst parsing command on line 1: Invalid or unknown entity type 'cursedfate:vfx_lapse_blue_simple' at position 19: ...s @e[type=<--[HERE]
	at net.minecraft.commands.CommandFunction.m_77984_(CommandFunction.java:63) ~[server-1.20.1-20230612.114412-srg.jar%23409!/:?]
	at net.minecraft.server.ServerFunctionLibrary.m_214320_(ServerFunctionLibrary.java:83) ~[server-1.20.1-20230612.114412-srg.jar%23409!/:?]
	at java.util.concurrent.CompletableFuture$AsyncSupply.run(CompletableFuture.java:1768) ~[?:?]
	... 6 more
[16Aug2026 02:44:52.634] [main/ERROR] [net.minecraft.server.ServerFunctionLibrary/]: Failed to load function fsang:webs/kill_lead
java.util.concurrent.CompletionException: java.lang.IllegalArgumentException: Whilst parsing command on line 1: Invalid integer '1.5' at position 64: ...0s},limit=<--[HERE]
	at java.util.concurrent.CompletableFuture.encodeThrowable(CompletableFuture.java:315) ~[?:?]
	at java.util.concurrent.CompletableFuture.completeThrowable(CompletableFuture.java:320) ~[?:?]
	at java.util.concurrent.CompletableFuture$AsyncSupply.run(CompletableFuture.java:1770) ~[?:?]
	at java.util.concurrent.CompletableFuture$AsyncSupply.exec(CompletableFuture.java:1760) ~[?:?]
	at java.util.concurrent.ForkJoinTask.doExec(ForkJoinTask.java:373) ~[?:?]
	at java.util.concurrent.ForkJoinPool$WorkQueue.topLevelExec(ForkJoinPool.java:1182) ~[?:?]
	at java.util.concurrent.ForkJoinPool.scan(ForkJoinPool.java:1655) ~[?:?]
	at java.util.concurrent.ForkJoinPool.runWorker(ForkJoinPool.java:1622) ~[?:?]
	at java.util.concurrent.ForkJoinWorkerThread.run(ForkJoinWorkerThread.java:165) ~[?:?]
Caused by: java.lang.IllegalArgumentException: Whilst parsing command on line 1: Invalid integer '1.5' at position 64: ...0s},limit=<--[HERE]
	at net.minecraft.commands.CommandFunction.m_77984_(CommandFunction.java:63) ~[server-1.20.1-20230612.114412-srg.jar%23409!/:?]
	at net.minecraft.server.ServerFunctionLibrary.m_214320_(ServerFunctionLibrary.java:83) ~[server-1.20.1-20230612.114412-srg.jar%23409!/:?]
	at java.util.concurrent.CompletableFuture$AsyncSupply.run(CompletableFuture.java:1768) ~[?:?]
	... 6 more
[16Aug2026 02:44:52.635] [main/ERROR] [net.minecraft.server.ServerFunctionLibrary/]: Failed to load function fsang:mjolnir_summon
java.util.concurrent.CompletionException: java.lang.IllegalArgumentException: Whilst parsing command on line 2: Unknown block type 'fsang:mjolnir_block_falling' at position 80: ...ock ~ ~ ~ <--[HERE]
	at java.util.concurrent.CompletableFuture.encodeThrowable(CompletableFuture.java:315) ~[?:?]
	at java.util.concurrent.CompletableFuture.completeThrowable(CompletableFuture.java:320) ~[?:?]
	at java.util.concurrent.CompletableFuture$AsyncSupply.run(CompletableFuture.java:1770) ~[?:?]
	at java.util.concurrent.CompletableFuture$AsyncSupply.exec(CompletableFuture.java:1760) ~[?:?]
	at java.util.concurrent.ForkJoinTask.doExec(ForkJoinTask.java:373) ~[?:?]
	at java.util.concurrent.ForkJoinPool$WorkQueue.topLevelExec(ForkJoinPool.java:1182) ~[?:?]
	at java.util.concurrent.ForkJoinPool.scan(ForkJoinPool.java:1655) ~[?:?]
	at java.util.concurrent.ForkJoinPool.runWorker(ForkJoinPool.java:1622) ~[?:?]
	at java.util.concurrent.ForkJoinWorkerThread.run(ForkJoinWorkerThread.java:165) ~[?:?]
Caused by: java.lang.IllegalArgumentException: Whilst parsing command on line 2: Unknown block type 'fsang:mjolnir_block_falling' at position 80: ...ock ~ ~ ~ <--[HERE]
	at net.minecraft.commands.CommandFunction.m_77984_(CommandFunction.java:63) ~[server-1.20.1-20230612.114412-srg.jar%23409!/:?]
	at net.minecraft.server.ServerFunctionLibrary.m_214320_(ServerFunctionLibrary.java:83) ~[server-1.20.1-20230612.114412-srg.jar%23409!/:?]
	at java.util.concurrent.CompletableFuture$AsyncSupply.run(CompletableFuture.java:1768) ~[?:?]
	... 6 more
[16Aug2026 02:44:52.635] [main/ERROR] [net.minecraft.server.ServerFunctionLibrary/]: Failed to load function florauna_addon:bomb_particle
java.util.concurrent.CompletionException: java.lang.IllegalArgumentException: Whilst parsing command on line 3: Only one entity is allowed, but the provided selector allows more than one at position 0: <--[HERE]
	at java.util.concurrent.CompletableFuture.encodeThrowable(CompletableFuture.java:315) ~[?:?]
	at java.util.concurrent.CompletableFuture.completeThrowable(CompletableFuture.java:320) ~[?:?]
	at java.util.concurrent.CompletableFuture$AsyncSupply.run(CompletableFuture.java:1770) ~[?:?]
	at java.util.concurrent.CompletableFuture$AsyncSupply.exec(CompletableFuture.java:1760) ~[?:?]
	at java.util.concurrent.ForkJoinTask.doExec(ForkJoinTask.java:373) ~[?:?]
	at java.util.concurrent.ForkJoinPool$WorkQueue.topLevelExec(ForkJoinPool.java:1182) ~[?:?]
	at java.util.concurrent.ForkJoinPool.scan(ForkJoinPool.java:1655) ~[?:?]
	at java.util.concurrent.ForkJoinPool.runWorker(ForkJoinPool.java:1622) ~[?:?]
	at java.util.concurrent.ForkJoinWorkerThread.run(ForkJoinWorkerThread.java:165) ~[?:?]
Caused by: java.lang.IllegalArgumentException: Whilst parsing command on line 3: Only one entity is allowed, but the provided selector allows more than one at position 0: <--[HERE]
	at net.minecraft.commands.CommandFunction.m_77984_(CommandFunction.java:63) ~[server-1.20.1-20230612.114412-srg.jar%23409!/:?]
	at net.minecraft.server.ServerFunctionLibrary.m_214320_(ServerFunctionLibrary.java:83) ~[server-1.20.1-20230612.114412-srg.jar%23409!/:?]
	at java.util.concurrent.CompletableFuture$AsyncSupply.run(CompletableFuture.java:1768) ~[?:?]
	... 6 more
[16Aug2026 02:44:52.635] [main/ERROR] [net.minecraft.server.ServerFunctionLibrary/]: Failed to load function alienevo:abilities/beamkb
java.util.concurrent.CompletionException: java.lang.IllegalArgumentException: Whilst parsing command on line 2: Option 'type' isn't applicable here at position 68: ...ile, type=<--[HERE]
	at java.util.concurrent.CompletableFuture.encodeThrowable(CompletableFuture.java:315) ~[?:?]
	at java.util.concurrent.CompletableFuture.completeThrowable(CompletableFuture.java:320) ~[?:?]
	at java.util.concurrent.CompletableFuture$AsyncSupply.run(CompletableFuture.java:1770) ~[?:?]
	at java.util.concurrent.CompletableFuture$AsyncSupply.exec(CompletableFuture.java:1760) ~[?:?]
	at java.util.concurrent.ForkJoinTask.doExec(ForkJoinTask.java:373) ~[?:?]
	at java.util.concurrent.ForkJoinPool$WorkQueue.topLevelExec(ForkJoinPool.java:1182) ~[?:?]
	at java.util.concurrent.ForkJoinPool.scan(ForkJoinPool.java:1655) ~[?:?]
	at java.util.concurrent.ForkJoinPool.runWorker(ForkJoinPool.java:1622) ~[?:?]
	at java.util.concurrent.ForkJoinWorkerThread.run(ForkJoinWorkerThread.java:165) ~[?:?]
Caused by: java.lang.IllegalArgumentException: Whilst parsing command on line 2: Option 'type' isn't applicable here at position 68: ...ile, type=<--[HERE]
	at net.minecraft.commands.CommandFunction.m_77984_(CommandFunction.java:63) ~[server-1.20.1-20230612.114412-srg.jar%23409!/:?]
	at net.minecraft.server.ServerFunctionLibrary.m_214320_(ServerFunctionLibrary.java:83) ~[server-1.20.1-20230612.114412-srg.jar%23409!/:?]
	at java.util.concurrent.CompletableFuture$AsyncSupply.run(CompletableFuture.java:1768) ~[?:?]
	... 6 more
[16Aug2026 02:44:52.636] [main/ERROR] [net.minecraft.server.ServerFunctionLibrary/]: Failed to load function florauna_addon:camoflague
java.util.concurrent.CompletionException: java.lang.IllegalArgumentException: Whilst parsing command on line 3: Can't find element 'alienevo:intangible' of type 'minecraft:mob_effect'
	at java.util.concurrent.CompletableFuture.encodeThrowable(CompletableFuture.java:315) ~[?:?]
	at java.util.concurrent.CompletableFuture.completeThrowable(CompletableFuture.java:320) ~[?:?]
	at java.util.concurrent.CompletableFuture$AsyncSupply.run(CompletableFuture.java:1770) ~[?:?]
	at java.util.concurrent.CompletableFuture$AsyncSupply.exec(CompletableFuture.java:1760) ~[?:?]
	at java.util.concurrent.ForkJoinTask.doExec(ForkJoinTask.java:373) ~[?:?]
	at java.util.concurrent.ForkJoinPool$WorkQueue.topLevelExec(ForkJoinPool.java:1182) ~[?:?]
	at java.util.concurrent.ForkJoinPool.scan(ForkJoinPool.java:1655) ~[?:?]
	at java.util.concurrent.ForkJoinPool.runWorker(ForkJoinPool.java:1622) ~[?:?]
	at java.util.concurrent.ForkJoinWorkerThread.run(ForkJoinWorkerThread.java:165) ~[?:?]
Caused by: java.lang.IllegalArgumentException: Whilst parsing command on line 3: Can't find element 'alienevo:intangible' of type 'minecraft:mob_effect'
	at net.minecraft.commands.CommandFunction.m_77984_(CommandFunction.java:63) ~[server-1.20.1-20230612.114412-srg.jar%23409!/:?]
	at net.minecraft.server.ServerFunctionLibrary.m_214320_(ServerFunctionLibrary.java:83) ~[server-1.20.1-20230612.114412-srg.jar%23409!/:?]
	at java.util.concurrent.CompletableFuture$AsyncSupply.run(CompletableFuture.java:1768) ~[?:?]
	... 6 more
[16Aug2026 02:44:52.639] [main/ERROR] [net.minecraft.server.ServerFunctionLibrary/]: Failed to load function fokus:vd/cores/1.21
java.util.concurrent.CompletionException: java.lang.IllegalArgumentException: Whilst parsing command on line 1: Invalid or unknown entity type 'minecraft:breeze' at position 26: ...y @e[type=<--[HERE]
	at java.util.concurrent.CompletableFuture.encodeThrowable(CompletableFuture.java:315) ~[?:?]
	at java.util.concurrent.CompletableFuture.completeThrowable(CompletableFuture.java:320) ~[?:?]
	at java.util.concurrent.CompletableFuture$AsyncSupply.run(CompletableFuture.java:1770) ~[?:?]
	at java.util.concurrent.CompletableFuture$AsyncSupply.exec(CompletableFuture.java:1760) ~[?:?]
	at java.util.concurrent.ForkJoinTask.doExec(ForkJoinTask.java:373) ~[?:?]
	at java.util.concurrent.ForkJoinPool$WorkQueue.topLevelExec(ForkJoinPool.java:1182) ~[?:?]
	at java.util.concurrent.ForkJoinPool.scan(ForkJoinPool.java:1655) ~[?:?]
	at java.util.concurrent.ForkJoinPool.runWorker(ForkJoinPool.java:1622) ~[?:?]
	at java.util.concurrent.ForkJoinWorkerThread.run(ForkJoinWorkerThread.java:165) ~[?:?]
Caused by: java.lang.IllegalArgumentException: Whilst parsing command on line 1: Invalid or unknown entity type 'minecraft:breeze' at position 26: ...y @e[type=<--[HERE]
	at net.minecraft.commands.CommandFunction.m_77984_(CommandFunction.java:63) ~[server-1.20.1-20230612.114412-srg.jar%23409!/:?]
	at net.minecraft.server.ServerFunctionLibrary.m_214320_(ServerFunctionLibrary.java:83) ~[server-1.20.1-20230612.114412-srg.jar%23409!/:?]
	at java.util.concurrent.CompletableFuture$AsyncSupply.run(CompletableFuture.java:1768) ~[?:?]
	... 6 more
[16Aug2026 02:44:52.640] [main/ERROR] [net.minecraft.server.ServerFunctionLibrary/]: Failed to load function fokus:vd/cores/1.20.2
java.util.concurrent.CompletionException: java.lang.IllegalArgumentException: Whilst parsing command on line 1: Unknown or incomplete command, see below for error at position 0: <--[HERE]
	at java.util.concurrent.CompletableFuture.encodeThrowable(CompletableFuture.java:315) ~[?:?]
	at java.util.concurrent.CompletableFuture.completeThrowable(CompletableFuture.java:320) ~[?:?]
	at java.util.concurrent.CompletableFuture$AsyncSupply.run(CompletableFuture.java:1770) ~[?:?]
	at java.util.concurrent.CompletableFuture$AsyncSupply.exec(CompletableFuture.java:1760) ~[?:?]
	at java.util.concurrent.ForkJoinTask.doExec(ForkJoinTask.java:373) ~[?:?]
	at java.util.concurrent.ForkJoinPool$WorkQueue.topLevelExec(ForkJoinPool.java:1182) ~[?:?]
	at java.util.concurrent.ForkJoinPool.scan(ForkJoinPool.java:1655) ~[?:?]
	at java.util.concurrent.ForkJoinPool.runWorker(ForkJoinPool.java:1622) ~[?:?]
	at java.util.concurrent.ForkJoinWorkerThread.run(ForkJoinWorkerThread.java:165) ~[?:?]
Caused by: java.lang.IllegalArgumentException: Whilst parsing command on line 1: Unknown or incomplete command, see below for error at position 0: <--[HERE]
	at net.minecraft.commands.CommandFunction.m_77984_(CommandFunction.java:63) ~[server-1.20.1-20230612.114412-srg.jar%23409!/:?]
	at net.minecraft.server.ServerFunctionLibrary.m_214320_(ServerFunctionLibrary.java:83) ~[server-1.20.1-20230612.114412-srg.jar%23409!/:?]
	at java.util.concurrent.CompletableFuture$AsyncSupply.run(CompletableFuture.java:1768) ~[?:?]
	... 6 more
[16Aug2026 02:44:52.742] [main/ERROR] [net.minecraft.server.ServerAdvancementManager/]: Parsing error loading custom advancement fsang_secondary:root: Expected item to be an item, was unknown string 'fsang:symbiote_creator_dna'
[16Aug2026 02:44:52.754] [main/INFO] [quark/]: [Automatic Recipe Unlock] Removed 1957 recipe advancements
[16Aug2026 02:44:52.772] [main/ERROR] [net.minecraft.advancements.AdvancementList/]: Couldn't load advancement fsang_secondary:craft_scarab_black: Task Advancement{parentId=fsang_secondary:craft_scarab_base, display=net.minecraft.advancements.DisplayInfo@39df83d3, rewards=AdvancementRewards{experience=0, loot=[], recipes=[], function=net.minecraft.commands.CommandFunction$CacheableFunction@6276f22b}, criteria={crafted_empty_vial=net.minecraft.advancements.Criterion@2f02741d}, requirements=[[crafted_empty_vial]], sends_telemetry_event=false}
[16Aug2026 02:44:52.772] [main/ERROR] [net.minecraft.advancements.AdvancementList/]: Couldn't load advancement fsang_secondary:find_meteor_symbiote: Task Advancement{parentId=fsang_secondary:root, display=net.minecraft.advancements.DisplayInfo@6a9d8c75, rewards=AdvancementRewards{experience=0, loot=[], recipes=[], function=net.minecraft.commands.CommandFunction$CacheableFunction@6276f22b}, criteria={unlock=net.minecraft.advancements.Criterion@7e1dc591}, requirements=[[unlock]], sends_telemetry_event=false}
[16Aug2026 02:44:52.772] [main/ERROR] [net.minecraft.advancements.AdvancementList/]: Couldn't load advancement terramity:fairy_advancement: Task Advancement{parentId=terramity:deleted_mod_element, display=net.minecraft.advancements.DisplayInfo@7f0d6154, rewards=AdvancementRewards{experience=0, loot=[], recipes=[], function=net.minecraft.commands.CommandFunction$CacheableFunction@6276f22b}, criteria={fairy_advancement_0=net.minecraft.advancements.Criterion@6fac0269}, requirements=[[fairy_advancement_0]], sends_telemetry_event=false}
[16Aug2026 02:44:52.774] [main/ERROR] [net.minecraft.advancements.AdvancementList/]: Couldn't load advancement terramity:opaline_moonstone_advancement: Task Advancement{parentId=terramity:prismatic_jewel_advancement, display=net.minecraft.advancements.DisplayInfo@6f641d5e, rewards=AdvancementRewards{experience=20, loot=[], recipes=[], function=net.minecraft.commands.CommandFunction$CacheableFunction@6276f22b}, criteria={opaline_moonstone_advancement_0=net.minecraft.advancements.Criterion@60d4f591}, requirements=[[opaline_moonstone_advancement_0]], sends_telemetry_event=false}
[16Aug2026 02:44:52.774] [main/ERROR] [net.minecraft.advancements.AdvancementList/]: Couldn't load advancement fsang_secondary:craft_scarab_lime: Task Advancement{parentId=fsang_secondary:craft_scarab_base, display=net.minecraft.advancements.DisplayInfo@7e299ac6, rewards=AdvancementRewards{experience=0, loot=[], recipes=[], function=net.minecraft.commands.CommandFunction$CacheableFunction@6276f22b}, criteria={crafted_empty_vial=net.minecraft.advancements.Criterion@391690ef}, requirements=[[crafted_empty_vial]], sends_telemetry_event=false}
[16Aug2026 02:44:52.774] [main/ERROR] [net.minecraft.advancements.AdvancementList/]: Couldn't load advancement fsang_secondary:get_kaiju_no_8: Task Advancement{parentId=fsang_secondary:root, display=net.minecraft.advancements.DisplayInfo@7732d9bb, rewards=AdvancementRewards{experience=0, loot=[], recipes=[], function=net.minecraft.commands.CommandFunction$CacheableFunction@6276f22b}, criteria={unlock=net.minecraft.advancements.Criterion@7a2eae5a}, requirements=[[unlock]], sends_telemetry_event=false}
[16Aug2026 02:44:52.775] [main/ERROR] [net.minecraft.advancements.AdvancementList/]: Couldn't load advancement fsang_secondary:craft_scarab_purple: Task Advancement{parentId=fsang_secondary:craft_scarab_base, display=net.minecraft.advancements.DisplayInfo@4c5b6f16, rewards=AdvancementRewards{experience=0, loot=[], recipes=[], function=net.minecraft.commands.CommandFunction$CacheableFunction@6276f22b}, criteria={crafted_empty_vial=net.minecraft.advancements.Criterion@438854b9}, requirements=[[crafted_empty_vial]], sends_telemetry_event=false}
[16Aug2026 02:44:52.775] [main/ERROR] [net.minecraft.advancements.AdvancementList/]: Couldn't load advancement fsang_secondary:craft_scarab_white: Task Advancement{parentId=fsang_secondary:craft_scarab_base, display=net.minecraft.advancements.DisplayInfo@4519de5f, rewards=AdvancementRewards{experience=0, loot=[], recipes=[], function=net.minecraft.commands.CommandFunction$CacheableFunction@6276f22b}, criteria={crafted_empty_vial=net.minecraft.advancements.Criterion@443577d9}, requirements=[[crafted_empty_vial]], sends_telemetry_event=false}
[16Aug2026 02:44:52.775] [main/ERROR] [net.minecraft.advancements.AdvancementList/]: Couldn't load advancement fsang_secondary:craft_scarab_blue: Task Advancement{parentId=fsang_secondary:craft_scarab_base, display=net.minecraft.advancements.DisplayInfo@6c4c0c86, rewards=AdvancementRewards{experience=0, loot=[], recipes=[], function=net.minecraft.commands.CommandFunction$CacheableFunction@6276f22b}, criteria={crafted_empty_vial=net.minecraft.advancements.Criterion@3a82569}, requirements=[[crafted_empty_vial]], sends_telemetry_event=false}
[16Aug2026 02:44:52.775] [main/ERROR] [net.minecraft.advancements.AdvancementList/]: Couldn't load advancement fsang_secondary:craft_scarab_brown: Task Advancement{parentId=fsang_secondary:craft_scarab_base, display=net.minecraft.advancements.DisplayInfo@36624652, rewards=AdvancementRewards{experience=0, loot=[], recipes=[], function=net.minecraft.commands.CommandFunction$CacheableFunction@6276f22b}, criteria={crafted_empty_vial=net.minecraft.advancements.Criterion@7423ae9a}, requirements=[[crafted_empty_vial]], sends_telemetry_event=false}
[16Aug2026 02:44:52.775] [main/ERROR] [net.minecraft.advancements.AdvancementList/]: Couldn't load advancement terramity:prismatic_jewel_advancement: Task Advancement{parentId=terramity:fairy_advancement, display=net.minecraft.advancements.DisplayInfo@7f4a6387, rewards=AdvancementRewards{experience=0, loot=[], recipes=[], function=net.minecraft.commands.CommandFunction$CacheableFunction@6276f22b}, criteria={prismatic_jewel_advancement_0=net.minecraft.advancements.Criterion@16f4458a}, requirements=[[prismatic_jewel_advancement_0]], sends_telemetry_event=false}
[16Aug2026 02:44:52.775] [main/ERROR] [net.minecraft.advancements.AdvancementList/]: Couldn't load advancement terramity:ocarina_advancement: Task Advancement{parentId=terramity:prismatic_jewel_advancement, display=net.minecraft.advancements.DisplayInfo@2bdc48ce, rewards=AdvancementRewards{experience=60, loot=[], recipes=[], function=net.minecraft.commands.CommandFunction$CacheableFunction@6276f22b}, criteria={ocarina_advancement_0=net.minecraft.advancements.Criterion@1f30802a}, requirements=[[ocarina_advancement_0]], sends_telemetry_event=false}
[16Aug2026 02:44:52.775] [main/ERROR] [net.minecraft.advancements.AdvancementList/]: Couldn't load advancement fsang_secondary:find_phoenix_force: Task Advancement{parentId=fsang_secondary:root, display=net.minecraft.advancements.DisplayInfo@7694f6c9, rewards=AdvancementRewards{experience=0, loot=[], recipes=[], function=net.minecraft.commands.CommandFunction$CacheableFunction@6276f22b}, criteria={unlock=net.minecraft.advancements.Criterion@6d3e19e1}, requirements=[[unlock]], sends_telemetry_event=false}
[16Aug2026 02:44:52.775] [main/ERROR] [net.minecraft.advancements.AdvancementList/]: Couldn't load advancement fsang_secondary:get_natural_symbiote: Task Advancement{parentId=fsang_secondary:find_meteor_symbiote, display=net.minecraft.advancements.DisplayInfo@6ecd574b, rewards=AdvancementRewards{experience=0, loot=[], recipes=[], function=net.minecraft.commands.CommandFunction$CacheableFunction@6276f22b}, criteria={unlock=net.minecraft.advancements.Criterion@7321aa62}, requirements=[[unlock]], sends_telemetry_event=false}
[16Aug2026 02:44:52.775] [main/ERROR] [net.minecraft.advancements.AdvancementList/]: Couldn't load advancement fsang_secondary:craft_scarab_yellow: Task Advancement{parentId=fsang_secondary:craft_scarab_base, display=net.minecraft.advancements.DisplayInfo@174113b5, rewards=AdvancementRewards{experience=0, loot=[], recipes=[], function=net.minecraft.commands.CommandFunction$CacheableFunction@6276f22b}, criteria={crafted_empty_vial=net.minecraft.advancements.Criterion@69cdd985}, requirements=[[crafted_empty_vial]], sends_telemetry_event=false}
[16Aug2026 02:44:52.776] [main/ERROR] [net.minecraft.advancements.AdvancementList/]: Couldn't load advancement fsang_secondary:get_symbiote_artificial: Task Advancement{parentId=fsang_secondary:craft_artificial_symbiote, display=net.minecraft.advancements.DisplayInfo@35e01129, rewards=AdvancementRewards{experience=0, loot=[], recipes=[], function=net.minecraft.commands.CommandFunction$CacheableFunction@6276f22b}, criteria={unlock=net.minecraft.advancements.Criterion@3266f7e1}, requirements=[[unlock]], sends_telemetry_event=false}
[16Aug2026 02:44:52.776] [main/ERROR] [net.minecraft.advancements.AdvancementList/]: Couldn't load advancement fsang_secondary:craft_artificial_symbiote: Task Advancement{parentId=fsang_secondary:root, display=net.minecraft.advancements.DisplayInfo@7661bf23, rewards=AdvancementRewards{experience=0, loot=[], recipes=[], function=net.minecraft.commands.CommandFunction$CacheableFunction@6276f22b}, criteria={crafted_empty_vial=net.minecraft.advancements.Criterion@73bd97f1}, requirements=[[crafted_empty_vial]], sends_telemetry_event=false}
[16Aug2026 02:44:52.776] [main/ERROR] [net.minecraft.advancements.AdvancementList/]: Couldn't load advancement fsang_secondary:craft_scarab_pink: Task Advancement{parentId=fsang_secondary:craft_scarab_base, display=net.minecraft.advancements.DisplayInfo@7346fd04, rewards=AdvancementRewards{experience=0, loot=[], recipes=[], function=net.minecraft.commands.CommandFunction$CacheableFunction@6276f22b}, criteria={crafted_empty_vial=net.minecraft.advancements.Criterion@6cdbfe82}, requirements=[[crafted_empty_vial]], sends_telemetry_event=false}
[16Aug2026 02:44:52.776] [main/ERROR] [net.minecraft.advancements.AdvancementList/]: Couldn't load advancement terramity:frenzied_flame_advancement: Task Advancement{parentId=terramity:prismatic_jewel_advancement, display=net.minecraft.advancements.DisplayInfo@5ad333c6, rewards=AdvancementRewards{experience=100, loot=[], recipes=[], function=net.minecraft.commands.CommandFunction$CacheableFunction@6276f22b}, criteria={frenzied_flame_advancement_0=net.minecraft.advancements.Criterion@694fe9f0}, requirements=[[frenzied_flame_advancement_0]], sends_telemetry_event=false}
[16Aug2026 02:44:52.776] [main/ERROR] [net.minecraft.advancements.AdvancementList/]: Couldn't load advancement terramity:microcosm_advancement: Task Advancement{parentId=terramity:prismatic_jewel_advancement, display=net.minecraft.advancements.DisplayInfo@766d8534, rewards=AdvancementRewards{experience=20, loot=[], recipes=[], function=net.minecraft.commands.CommandFunction$CacheableFunction@6276f22b}, criteria={microcosm_advancement_0=net.minecraft.advancements.Criterion@607be260}, requirements=[[microcosm_advancement_0]], sends_telemetry_event=false}
[16Aug2026 02:44:52.776] [main/ERROR] [net.minecraft.advancements.AdvancementList/]: Couldn't load advancement terramity:angel_feather_advancement: Task Advancement{parentId=terramity:prismatic_jewel_advancement, display=net.minecraft.advancements.DisplayInfo@33d8ce03, rewards=AdvancementRewards{experience=20, loot=[], recipes=[], function=net.minecraft.commands.CommandFunction$CacheableFunction@6276f22b}, criteria={angel_feather_advancement_0=net.minecraft.advancements.Criterion@c0f42fa}, requirements=[[angel_feather_advancement_0]], sends_telemetry_event=false}
[16Aug2026 02:44:52.776] [main/ERROR] [net.minecraft.advancements.AdvancementList/]: Couldn't load advancement fsang_secondary:craft_scarab_orange: Task Advancement{parentId=fsang_secondary:craft_scarab_base, display=net.minecraft.advancements.DisplayInfo@432b2157, rewards=AdvancementRewards{experience=0, loot=[], recipes=[], function=net.minecraft.commands.CommandFunction$CacheableFunction@6276f22b}, criteria={crafted_empty_vial=net.minecraft.advancements.Criterion@35c5a35a}, requirements=[[crafted_empty_vial]], sends_telemetry_event=false}
[16Aug2026 02:44:52.776] [main/ERROR] [net.minecraft.advancements.AdvancementList/]: Couldn't load advancement fsang_secondary:craft_scarab_red: Task Advancement{parentId=fsang_secondary:craft_scarab_base, display=net.minecraft.advancements.DisplayInfo@68b40064, rewards=AdvancementRewards{experience=0, loot=[], recipes=[], function=net.minecraft.commands.CommandFunction$CacheableFunction@6276f22b}, criteria={crafted_empty_vial=net.minecraft.advancements.Criterion@70f3b15b}, requirements=[[crafted_empty_vial]], sends_telemetry_event=false}
[16Aug2026 02:44:52.776] [main/ERROR] [net.minecraft.advancements.AdvancementList/]: Couldn't load advancement fsang_secondary:find_cosmic: Task Advancement{parentId=fsang_secondary:root, display=net.minecraft.advancements.DisplayInfo@7cadcfc7, rewards=AdvancementRewards{experience=0, loot=[], recipes=[], function=net.minecraft.commands.CommandFunction$CacheableFunction@6276f22b}, criteria={found_fossil=net.minecraft.advancements.Criterion@1139c060}, requirements=[[found_fossil]], sends_telemetry_event=false}
[16Aug2026 02:44:52.776] [main/ERROR] [net.minecraft.advancements.AdvancementList/]: Couldn't load advancement fsang_secondary:craft_scarab_green: Task Advancement{parentId=fsang_secondary:craft_scarab_base, display=net.minecraft.advancements.DisplayInfo@327153d7, rewards=AdvancementRewards{experience=0, loot=[], recipes=[], function=net.minecraft.commands.CommandFunction$CacheableFunction@6276f22b}, criteria={crafted_empty_vial=net.minecraft.advancements.Criterion@6d94bf39}, requirements=[[crafted_empty_vial]], sends_telemetry_event=false}
[16Aug2026 02:44:52.777] [main/ERROR] [net.minecraft.advancements.AdvancementList/]: Couldn't load advancement omni_extras:andreas_kill: Task Advancement{parentId=omni_extras:andreas_kill, display=net.minecraft.advancements.DisplayInfo@5266ec73, rewards=AdvancementRewards{experience=0, loot=[], recipes=[], function=net.minecraft.commands.CommandFunction$CacheableFunction@6276f22b}, criteria={impossible=net.minecraft.advancements.Criterion@1ac3fc71}, requirements=[[impossible]], sends_telemetry_event=false}
[16Aug2026 02:44:52.777] [main/ERROR] [net.minecraft.advancements.AdvancementList/]: Couldn't load advancement fsang_secondary:craft_scarab_base: Task Advancement{parentId=fsang_secondary:root, display=net.minecraft.advancements.DisplayInfo@3a074689, rewards=AdvancementRewards{experience=0, loot=[], recipes=[], function=net.minecraft.commands.CommandFunction$CacheableFunction@6276f22b}, criteria={crafted_empty_vial=net.minecraft.advancements.Criterion@3fa215cc}, requirements=[[crafted_empty_vial]], sends_telemetry_event=false}
[16Aug2026 02:44:52.777] [main/INFO] [net.minecraft.advancements.AdvancementList/]: Loaded 544 advancements
[16Aug2026 02:44:52.784] [main/INFO] [placebo/]: Registered 0 additional recipes.
[16Aug2026 02:44:52.815] [main/WARN] [net.threetag.palladium.Palladium/]: 'under_water' condition found, please use 'is_under_water' instead!
[16Aug2026 02:44:52.851] [main/ERROR] [net.threetag.palladium.Palladium/]: Parsing error loading power fsang:iron_man_shield
com.google.gson.JsonParseException: Unknown item 'fsang:iron_man_shield'
	at net.threetag.palladium.util.icon.IconSerializer.parseJSON(IconSerializer.java:40) ~[palladium-4.5.8+1.20.1-forge.jar%23361!/:4.5.8+1.20.1]
	at net.threetag.palladium.power.Power.fromJSON(Power.java:173) ~[palladium-4.5.8+1.20.1-forge.jar%23361!/:4.5.8+1.20.1]
	at net.threetag.palladium.power.PowerManager.lambda$apply$3(PowerManager.java:82) ~[palladium-4.5.8+1.20.1-forge.jar%23361!/:4.5.8+1.20.1]
	at java.util.HashMap.forEach(HashMap.java:1421) ~[?:?]
	at net.threetag.palladium.power.PowerManager.apply(PowerManager.java:80) ~[palladium-4.5.8+1.20.1-forge.jar%23361!/:4.5.8+1.20.1]
	at net.threetag.palladium.power.PowerManager.m_5787_(PowerManager.java:31) ~[palladium-4.5.8+1.20.1-forge.jar%23361!/:4.5.8+1.20.1]
	at net.minecraft.server.packs.resources.SimplePreparableReloadListener.m_10789_(SimplePreparableReloadListener.java:13) ~[server-1.20.1-20230612.114412-srg.jar%23409!/:?]
	at java.util.concurrent.CompletableFuture$UniAccept.tryFire(CompletableFuture.java:718) ~[?:?]
	at java.util.concurrent.CompletableFuture$Completion.run(CompletableFuture.java:482) ~[?:?]
	at net.minecraft.server.packs.resources.SimpleReloadInstance.m_143940_(SimpleReloadInstance.java:69) ~[server-1.20.1-20230612.114412-srg.jar%23409!/:?]
	at net.minecraft.Util.m_214652_(Util.java:783) ~[server-1.20.1-20230612.114412-srg.jar%23409!/:?]
	at net.minecraft.Util.m_214679_(Util.java:772) ~[server-1.20.1-20230612.114412-srg.jar%23409!/:?]
	at net.minecraft.server.Main.main(Main.java:166) ~[server-1.20.1-20230612.114412-srg.jar%23409!/:?]
	at jdk.internal.reflect.NativeMethodAccessorImpl.invoke0(Native Method) ~[?:?]
	at jdk.internal.reflect.NativeMethodAccessorImpl.invoke(NativeMethodAccessorImpl.java:77) ~[?:?]
	at jdk.internal.reflect.DelegatingMethodAccessorImpl.invoke(DelegatingMethodAccessorImpl.java:43) ~[?:?]
	at java.lang.reflect.Method.invoke(Method.java:569) ~[?:?]
	at net.minecraftforge.fml.loading.targets.CommonLaunchHandler.runTarget(CommonLaunchHandler.java:111) ~[fmlloader-1.20.1-47.4.1.jar%2367!/:?]
	at net.minecraftforge.fml.loading.targets.CommonLaunchHandler.serverService(CommonLaunchHandler.java:103) ~[fmlloader-1.20.1-47.4.1.jar%2367!/:?]
	at net.minecraftforge.fml.loading.targets.CommonServerLaunchHandler.lambda$makeService$0(CommonServerLaunchHandler.java:27) ~[fmlloader-1.20.1-47.4.1.jar%2367!/:?]
	at cpw.mods.modlauncher.LaunchServiceHandlerDecorator.launch(LaunchServiceHandlerDecorator.java:30) ~[modlauncher-10.0.9.jar%2353!/:?]
	at cpw.mods.modlauncher.LaunchServiceHandler.launch(LaunchServiceHandler.java:53) ~[modlauncher-10.0.9.jar%2353!/:?]
	at cpw.mods.modlauncher.LaunchServiceHandler.launch(LaunchServiceHandler.java:71) ~[modlauncher-10.0.9.jar%2353!/:?]
	at cpw.mods.modlauncher.Launcher.run(Launcher.java:108) ~[modlauncher-10.0.9.jar%2353!/:?]
	at cpw.mods.modlauncher.Launcher.main(Launcher.java:78) ~[modlauncher-10.0.9.jar%2353!/:?]
	at cpw.mods.modlauncher.BootstrapLaunchConsumer.accept(BootstrapLaunchConsumer.java:26) ~[modlauncher-10.0.9.jar%2353!/:?]
	at cpw.mods.modlauncher.BootstrapLaunchConsumer.accept(BootstrapLaunchConsumer.java:23) ~[modlauncher-10.0.9.jar%2353!/:?]
	at cpw.mods.bootstraplauncher.BootstrapLauncher.main(BootstrapLauncher.java:141) ~[bootstraplauncher-1.1.2.jar:?]
[16Aug2026 02:44:52.857] [main/ERROR] [net.threetag.palladium.Palladium/]: Parsing error loading power fsang_hero:dampened
com.google.gson.JsonParseException: Unknown minecraft:mob_effect 'dampened:genetic'
	at net.threetag.palladium.util.property.RegistryObjectProperty.fromJSON(RegistryObjectProperty.java:31) ~[palladium-4.5.8+1.20.1-forge.jar%23361!/:4.5.8+1.20.1]
	at net.threetag.palladium.condition.ConditionSerializer.getProperty(ConditionSerializer.java:41) ~[palladium-4.5.8+1.20.1-forge.jar%23361!/:4.5.8+1.20.1]
	at net.threetag.palladium.condition.HasEffectCondition$Serializer.make(HasEffectCondition.java:40) ~[palladium-4.5.8+1.20.1-forge.jar%23361!/:4.5.8+1.20.1]
	at net.threetag.palladium.condition.ConditionSerializer.make(ConditionSerializer.java:55) ~[palladium-4.5.8+1.20.1-forge.jar%23361!/:4.5.8+1.20.1]
	at net.threetag.palladium.condition.ConditionSerializer.fromJSON(ConditionSerializer.java:102) ~[palladium-4.5.8+1.20.1-forge.jar%23361!/:4.5.8+1.20.1]
	at net.threetag.palladium.condition.ConditionSerializer.listFromJSON(ConditionSerializer.java:70) ~[palladium-4.5.8+1.20.1-forge.jar%23361!/:4.5.8+1.20.1]
	at net.threetag.palladium.power.ability.AbilityConfiguration.fromJSON(AbilityConfiguration.java:245) ~[palladium-4.5.8+1.20.1-forge.jar%23361!/:4.5.8+1.20.1]
	at net.threetag.palladium.power.Power.parseAbilities(Power.java:211) ~[palladium-4.5.8+1.20.1-forge.jar%23361!/:4.5.8+1.20.1]
	at net.threetag.palladium.power.Power.fromJSON(Power.java:185) ~[palladium-4.5.8+1.20.1-forge.jar%23361!/:4.5.8+1.20.1]
	at net.threetag.palladium.power.PowerManager.lambda$apply$3(PowerManager.java:82) ~[palladium-4.5.8+1.20.1-forge.jar%23361!/:4.5.8+1.20.1]
	at java.util.HashMap.forEach(HashMap.java:1421) ~[?:?]
	at net.threetag.palladium.power.PowerManager.apply(PowerManager.java:80) ~[palladium-4.5.8+1.20.1-forge.jar%23361!/:4.5.8+1.20.1]
	at net.threetag.palladium.power.PowerManager.m_5787_(PowerManager.java:31) ~[palladium-4.5.8+1.20.1-forge.jar%23361!/:4.5.8+1.20.1]
	at net.minecraft.server.packs.resources.SimplePreparableReloadListener.m_10789_(SimplePreparableReloadListener.java:13) ~[server-1.20.1-20230612.114412-srg.jar%23409!/:?]
	at java.util.concurrent.CompletableFuture$UniAccept.tryFire(CompletableFuture.java:718) ~[?:?]
	at java.util.concurrent.CompletableFuture$Completion.run(CompletableFuture.java:482) ~[?:?]
	at net.minecraft.server.packs.resources.SimpleReloadInstance.m_143940_(SimpleReloadInstance.java:69) ~[server-1.20.1-20230612.114412-srg.jar%23409!/:?]
	at net.minecraft.Util.m_214652_(Util.java:783) ~[server-1.20.1-20230612.114412-srg.jar%23409!/:?]
	at net.minecraft.Util.m_214679_(Util.java:772) ~[server-1.20.1-20230612.114412-srg.jar%23409!/:?]
	at net.minecraft.server.Main.main(Main.java:166) ~[server-1.20.1-20230612.114412-srg.jar%23409!/:?]
	at jdk.internal.reflect.NativeMethodAccessorImpl.invoke0(Native Method) ~[?:?]
	at jdk.internal.reflect.NativeMethodAccessorImpl.invoke(NativeMethodAccessorImpl.java:77) ~[?:?]
	at jdk.internal.reflect.DelegatingMethodAccessorImpl.invoke(DelegatingMethodAccessorImpl.java:43) ~[?:?]
	at java.lang.reflect.Method.invoke(Method.java:569) ~[?:?]
	at net.minecraftforge.fml.loading.targets.CommonLaunchHandler.runTarget(CommonLaunchHandler.java:111) ~[fmlloader-1.20.1-47.4.1.jar%2367!/:?]
	at net.minecraftforge.fml.loading.targets.CommonLaunchHandler.serverService(CommonLaunchHandler.java:103) ~[fmlloader-1.20.1-47.4.1.jar%2367!/:?]
	at net.minecraftforge.fml.loading.targets.CommonServerLaunchHandler.lambda$makeService$0(CommonServerLaunchHandler.java:27) ~[fmlloader-1.20.1-47.4.1.jar%2367!/:?]
	at cpw.mods.modlauncher.LaunchServiceHandlerDecorator.launch(LaunchServiceHandlerDecorator.java:30) ~[modlauncher-10.0.9.jar%2353!/:?]
	at cpw.mods.modlauncher.LaunchServiceHandler.launch(LaunchServiceHandler.java:53) ~[modlauncher-10.0.9.jar%2353!/:?]
	at cpw.mods.modlauncher.LaunchServiceHandler.launch(LaunchServiceHandler.java:71) ~[modlauncher-10.0.9.jar%2353!/:?]
	at cpw.mods.modlauncher.Launcher.run(Launcher.java:108) ~[modlauncher-10.0.9.jar%2353!/:?]
	at cpw.mods.modlauncher.Launcher.main(Launcher.java:78) ~[modlauncher-10.0.9.jar%2353!/:?]
	at cpw.mods.modlauncher.BootstrapLaunchConsumer.accept(BootstrapLaunchConsumer.java:26) ~[modlauncher-10.0.9.jar%2353!/:?]
	at cpw.mods.modlauncher.BootstrapLaunchConsumer.accept(BootstrapLaunchConsumer.java:23) ~[modlauncher-10.0.9.jar%2353!/:?]
	at cpw.mods.bootstraplauncher.BootstrapLauncher.main(BootstrapLauncher.java:141) ~[bootstraplauncher-1.1.2.jar:?]
[16Aug2026 02:44:52.907] [main/ERROR] [net.threetag.palladium.Palladium/]: Parsing error loading power fsang:energy_weapons
com.google.gson.JsonParseException: Unknown item 'fsang:energy_axe'
	at net.threetag.palladium.util.icon.IconSerializer.parseJSON(IconSerializer.java:40) ~[palladium-4.5.8+1.20.1-forge.jar%23361!/:4.5.8+1.20.1]
	at net.threetag.palladium.power.Power.fromJSON(Power.java:173) ~[palladium-4.5.8+1.20.1-forge.jar%23361!/:4.5.8+1.20.1]
	at net.threetag.palladium.power.PowerManager.lambda$apply$3(PowerManager.java:82) ~[palladium-4.5.8+1.20.1-forge.jar%23361!/:4.5.8+1.20.1]
	at java.util.HashMap.forEach(HashMap.java:1421) ~[?:?]
	at net.threetag.palladium.power.PowerManager.apply(PowerManager.java:80) ~[palladium-4.5.8+1.20.1-forge.jar%23361!/:4.5.8+1.20.1]
	at net.threetag.palladium.power.PowerManager.m_5787_(PowerManager.java:31) ~[palladium-4.5.8+1.20.1-forge.jar%23361!/:4.5.8+1.20.1]
	at net.minecraft.server.packs.resources.SimplePreparableReloadListener.m_10789_(SimplePreparableReloadListener.java:13) ~[server-1.20.1-20230612.114412-srg.jar%23409!/:?]
	at java.util.concurrent.CompletableFuture$UniAccept.tryFire(CompletableFuture.java:718) ~[?:?]
	at java.util.concurrent.CompletableFuture$Completion.run(CompletableFuture.java:482) ~[?:?]
	at net.minecraft.server.packs.resources.SimpleReloadInstance.m_143940_(SimpleReloadInstance.java:69) ~[server-1.20.1-20230612.114412-srg.jar%23409!/:?]
	at net.minecraft.Util.m_214652_(Util.java:783) ~[server-1.20.1-20230612.114412-srg.jar%23409!/:?]
	at net.minecraft.Util.m_214679_(Util.java:772) ~[server-1.20.1-20230612.114412-srg.jar%23409!/:?]
	at net.minecraft.server.Main.main(Main.java:166) ~[server-1.20.1-20230612.114412-srg.jar%23409!/:?]
	at jdk.internal.reflect.NativeMethodAccessorImpl.invoke0(Native Method) ~[?:?]
	at jdk.internal.reflect.NativeMethodAccessorImpl.invoke(NativeMethodAccessorImpl.java:77) ~[?:?]
	at jdk.internal.reflect.DelegatingMethodAccessorImpl.invoke(DelegatingMethodAccessorImpl.java:43) ~[?:?]
	at java.lang.reflect.Method.invoke(Method.java:569) ~[?:?]
	at net.minecraftforge.fml.loading.targets.CommonLaunchHandler.runTarget(CommonLaunchHandler.java:111) ~[fmlloader-1.20.1-47.4.1.jar%2367!/:?]
	at net.minecraftforge.fml.loading.targets.CommonLaunchHandler.serverService(CommonLaunchHandler.java:103) ~[fmlloader-1.20.1-47.4.1.jar%2367!/:?]
	at net.minecraftforge.fml.loading.targets.CommonServerLaunchHandler.lambda$makeService$0(CommonServerLaunchHandler.java:27) ~[fmlloader-1.20.1-47.4.1.jar%2367!/:?]
	at cpw.mods.modlauncher.LaunchServiceHandlerDecorator.launch(LaunchServiceHandlerDecorator.java:30) ~[modlauncher-10.0.9.jar%2353!/:?]
	at cpw.mods.modlauncher.LaunchServiceHandler.launch(LaunchServiceHandler.java:53) ~[modlauncher-10.0.9.jar%2353!/:?]
	at cpw.mods.modlauncher.LaunchServiceHandler.launch(LaunchServiceHandler.java:71) ~[modlauncher-10.0.9.jar%2353!/:?]
	at cpw.mods.modlauncher.Launcher.run(Launcher.java:108) ~[modlauncher-10.0.9.jar%2353!/:?]
	at cpw.mods.modlauncher.Launcher.main(Launcher.java:78) ~[modlauncher-10.0.9.jar%2353!/:?]
	at cpw.mods.modlauncher.BootstrapLaunchConsumer.accept(BootstrapLaunchConsumer.java:26) ~[modlauncher-10.0.9.jar%2353!/:?]
	at cpw.mods.modlauncher.BootstrapLaunchConsumer.accept(BootstrapLaunchConsumer.java:23) ~[modlauncher-10.0.9.jar%2353!/:?]
	at cpw.mods.bootstraplauncher.BootstrapLauncher.main(BootstrapLauncher.java:141) ~[bootstraplauncher-1.1.2.jar:?]
[16Aug2026 02:44:52.970] [main/ERROR] [net.threetag.palladium.Palladium/]: Parsing error loading power alienevo:code_power_test
com.google.gson.JsonParseException: Ability 'alienevo:generate_random' does not exist!
	at net.threetag.palladium.power.ability.AbilityConfiguration.fromJSON(AbilityConfiguration.java:196) ~[palladium-4.5.8+1.20.1-forge.jar%23361!/:4.5.8+1.20.1]
	at net.threetag.palladium.power.Power.parseAbilities(Power.java:211) ~[palladium-4.5.8+1.20.1-forge.jar%23361!/:4.5.8+1.20.1]
	at net.threetag.palladium.power.Power.fromJSON(Power.java:185) ~[palladium-4.5.8+1.20.1-forge.jar%23361!/:4.5.8+1.20.1]
	at net.threetag.palladium.power.PowerManager.lambda$apply$3(PowerManager.java:82) ~[palladium-4.5.8+1.20.1-forge.jar%23361!/:4.5.8+1.20.1]
	at java.util.HashMap.forEach(HashMap.java:1421) ~[?:?]
	at net.threetag.palladium.power.PowerManager.apply(PowerManager.java:80) ~[palladium-4.5.8+1.20.1-forge.jar%23361!/:4.5.8+1.20.1]
	at net.threetag.palladium.power.PowerManager.m_5787_(PowerManager.java:31) ~[palladium-4.5.8+1.20.1-forge.jar%23361!/:4.5.8+1.20.1]
	at net.minecraft.server.packs.resources.SimplePreparableReloadListener.m_10789_(SimplePreparableReloadListener.java:13) ~[server-1.20.1-20230612.114412-srg.jar%23409!/:?]
	at java.util.concurrent.CompletableFuture$UniAccept.tryFire(CompletableFuture.java:718) ~[?:?]
	at java.util.concurrent.CompletableFuture$Completion.run(CompletableFuture.java:482) ~[?:?]
	at net.minecraft.server.packs.resources.SimpleReloadInstance.m_143940_(SimpleReloadInstance.java:69) ~[server-1.20.1-20230612.114412-srg.jar%23409!/:?]
	at net.minecraft.Util.m_214652_(Util.java:783) ~[server-1.20.1-20230612.114412-srg.jar%23409!/:?]
	at net.minecraft.Util.m_214679_(Util.java:772) ~[server-1.20.1-20230612.114412-srg.jar%23409!/:?]
	at net.minecraft.server.Main.main(Main.java:166) ~[server-1.20.1-20230612.114412-srg.jar%23409!/:?]
	at jdk.internal.reflect.NativeMethodAccessorImpl.invoke0(Native Method) ~[?:?]
	at jdk.internal.reflect.NativeMethodAccessorImpl.invoke(NativeMethodAccessorImpl.java:77) ~[?:?]
	at jdk.internal.reflect.DelegatingMethodAccessorImpl.invoke(DelegatingMethodAccessorImpl.java:43) ~[?:?]
	at java.lang.reflect.Method.invoke(Method.java:569) ~[?:?]
	at net.minecraftforge.fml.loading.targets.CommonLaunchHandler.runTarget(CommonLaunchHandler.java:111) ~[fmlloader-1.20.1-47.4.1.jar%2367!/:?]
	at net.minecraftforge.fml.loading.targets.CommonLaunchHandler.serverService(CommonLaunchHandler.java:103) ~[fmlloader-1.20.1-47.4.1.jar%2367!/:?]
	at net.minecraftforge.fml.loading.targets.CommonServerLaunchHandler.lambda$makeService$0(CommonServerLaunchHandler.java:27) ~[fmlloader-1.20.1-47.4.1.jar%2367!/:?]
	at cpw.mods.modlauncher.LaunchServiceHandlerDecorator.launch(LaunchServiceHandlerDecorator.java:30) ~[modlauncher-10.0.9.jar%2353!/:?]
	at cpw.mods.modlauncher.LaunchServiceHandler.launch(LaunchServiceHandler.java:53) ~[modlauncher-10.0.9.jar%2353!/:?]
	at cpw.mods.modlauncher.LaunchServiceHandler.launch(LaunchServiceHandler.java:71) ~[modlauncher-10.0.9.jar%2353!/:?]
	at cpw.mods.modlauncher.Launcher.run(Launcher.java:108) ~[modlauncher-10.0.9.jar%2353!/:?]
	at cpw.mods.modlauncher.Launcher.main(Launcher.java:78) ~[modlauncher-10.0.9.jar%2353!/:?]
	at cpw.mods.modlauncher.BootstrapLaunchConsumer.accept(BootstrapLaunchConsumer.java:26) ~[modlauncher-10.0.9.jar%2353!/:?]
	at cpw.mods.modlauncher.BootstrapLaunchConsumer.accept(BootstrapLaunchConsumer.java:23) ~[modlauncher-10.0.9.jar%2353!/:?]
	at cpw.mods.bootstraplauncher.BootstrapLauncher.main(BootstrapLauncher.java:141) ~[bootstraplauncher-1.1.2.jar:?]
[16Aug2026 02:44:52.976] [main/WARN] [net.threetag.palladium.Palladium/]: 'under_water' condition found, please use 'is_under_water' instead!
[16Aug2026 02:44:52.986] [main/ERROR] [net.threetag.palladium.Palladium/]: Parsing error loading power fempack:waybig.animation
java.lang.NullPointerException: Cannot invoke "com.google.gson.JsonElement.isJsonPrimitive()" because "json" is null
	at net.threetag.palladium.util.icon.IconSerializer.parseJSON(IconSerializer.java:29) ~[palladium-4.5.8+1.20.1-forge.jar%23361!/:4.5.8+1.20.1]
	at net.threetag.palladium.power.Power.fromJSON(Power.java:173) ~[palladium-4.5.8+1.20.1-forge.jar%23361!/:4.5.8+1.20.1]
	at net.threetag.palladium.power.PowerManager.lambda$apply$3(PowerManager.java:82) ~[palladium-4.5.8+1.20.1-forge.jar%23361!/:4.5.8+1.20.1]
	at java.util.HashMap.forEach(HashMap.java:1421) ~[?:?]
	at net.threetag.palladium.power.PowerManager.apply(PowerManager.java:80) ~[palladium-4.5.8+1.20.1-forge.jar%23361!/:4.5.8+1.20.1]
	at net.threetag.palladium.power.PowerManager.m_5787_(PowerManager.java:31) ~[palladium-4.5.8+1.20.1-forge.jar%23361!/:4.5.8+1.20.1]
	at net.minecraft.server.packs.resources.SimplePreparableReloadListener.m_10789_(SimplePreparableReloadListener.java:13) ~[server-1.20.1-20230612.114412-srg.jar%23409!/:?]
	at java.util.concurrent.CompletableFuture$UniAccept.tryFire(CompletableFuture.java:718) ~[?:?]
	at java.util.concurrent.CompletableFuture$Completion.run(CompletableFuture.java:482) ~[?:?]
	at net.minecraft.server.packs.resources.SimpleReloadInstance.m_143940_(SimpleReloadInstance.java:69) ~[server-1.20.1-20230612.114412-srg.jar%23409!/:?]
	at net.minecraft.Util.m_214652_(Util.java:783) ~[server-1.20.1-20230612.114412-srg.jar%23409!/:?]
	at net.minecraft.Util.m_214679_(Util.java:772) ~[server-1.20.1-20230612.114412-srg.jar%23409!/:?]
	at net.minecraft.server.Main.main(Main.java:166) ~[server-1.20.1-20230612.114412-srg.jar%23409!/:?]
	at jdk.internal.reflect.NativeMethodAccessorImpl.invoke0(Native Method) ~[?:?]
	at jdk.internal.reflect.NativeMethodAccessorImpl.invoke(NativeMethodAccessorImpl.java:77) ~[?:?]
	at jdk.internal.reflect.DelegatingMethodAccessorImpl.invoke(DelegatingMethodAccessorImpl.java:43) ~[?:?]
	at java.lang.reflect.Method.invoke(Method.java:569) ~[?:?]
	at net.minecraftforge.fml.loading.targets.CommonLaunchHandler.runTarget(CommonLaunchHandler.java:111) ~[fmlloader-1.20.1-47.4.1.jar%2367!/:?]
	at net.minecraftforge.fml.loading.targets.CommonLaunchHandler.serverService(CommonLaunchHandler.java:103) ~[fmlloader-1.20.1-47.4.1.jar%2367!/:?]
	at net.minecraftforge.fml.loading.targets.CommonServerLaunchHandler.lambda$makeService$0(CommonServerLaunchHandler.java:27) ~[fmlloader-1.20.1-47.4.1.jar%2367!/:?]
	at cpw.mods.modlauncher.LaunchServiceHandlerDecorator.launch(LaunchServiceHandlerDecorator.java:30) ~[modlauncher-10.0.9.jar%2353!/:?]
	at cpw.mods.modlauncher.LaunchServiceHandler.launch(LaunchServiceHandler.java:53) ~[modlauncher-10.0.9.jar%2353!/:?]
	at cpw.mods.modlauncher.LaunchServiceHandler.launch(LaunchServiceHandler.java:71) ~[modlauncher-10.0.9.jar%2353!/:?]
	at cpw.mods.modlauncher.Launcher.run(Launcher.java:108) ~[modlauncher-10.0.9.jar%2353!/:?]
	at cpw.mods.modlauncher.Launcher.main(Launcher.java:78) ~[modlauncher-10.0.9.jar%2353!/:?]
	at cpw.mods.modlauncher.BootstrapLaunchConsumer.accept(BootstrapLaunchConsumer.java:26) ~[modlauncher-10.0.9.jar%2353!/:?]
	at cpw.mods.modlauncher.BootstrapLaunchConsumer.accept(BootstrapLaunchConsumer.java:23) ~[modlauncher-10.0.9.jar%2353!/:?]
	at cpw.mods.bootstraplauncher.BootstrapLauncher.main(BootstrapLauncher.java:141) ~[bootstraplauncher-1.1.2.jar:?]
[16Aug2026 02:44:53.031] [main/ERROR] [net.threetag.palladium.Palladium/]: Parsing error loading power fsang:magneto_helmet
com.google.gson.JsonParseException: Unknown item 'fsang:dark_matter_injection'
	at net.threetag.palladium.util.icon.IconSerializer.parseJSON(IconSerializer.java:40) ~[palladium-4.5.8+1.20.1-forge.jar%23361!/:4.5.8+1.20.1]
	at net.threetag.palladium.power.Power.fromJSON(Power.java:173) ~[palladium-4.5.8+1.20.1-forge.jar%23361!/:4.5.8+1.20.1]
	at net.threetag.palladium.power.PowerManager.lambda$apply$3(PowerManager.java:82) ~[palladium-4.5.8+1.20.1-forge.jar%23361!/:4.5.8+1.20.1]
	at java.util.HashMap.forEach(HashMap.java:1421) ~[?:?]
	at net.threetag.palladium.power.PowerManager.apply(PowerManager.java:80) ~[palladium-4.5.8+1.20.1-forge.jar%23361!/:4.5.8+1.20.1]
	at net.threetag.palladium.power.PowerManager.m_5787_(PowerManager.java:31) ~[palladium-4.5.8+1.20.1-forge.jar%23361!/:4.5.8+1.20.1]
	at net.minecraft.server.packs.resources.SimplePreparableReloadListener.m_10789_(SimplePreparableReloadListener.java:13) ~[server-1.20.1-20230612.114412-srg.jar%23409!/:?]
	at java.util.concurrent.CompletableFuture$UniAccept.tryFire(CompletableFuture.java:718) ~[?:?]
	at java.util.concurrent.CompletableFuture$Completion.run(CompletableFuture.java:482) ~[?:?]
	at net.minecraft.server.packs.resources.SimpleReloadInstance.m_143940_(SimpleReloadInstance.java:69) ~[server-1.20.1-20230612.114412-srg.jar%23409!/:?]
	at net.minecraft.Util.m_214652_(Util.java:783) ~[server-1.20.1-20230612.114412-srg.jar%23409!/:?]
	at net.minecraft.Util.m_214679_(Util.java:772) ~[server-1.20.1-20230612.114412-srg.jar%23409!/:?]
	at net.minecraft.server.Main.main(Main.java:166) ~[server-1.20.1-20230612.114412-srg.jar%23409!/:?]
	at jdk.internal.reflect.NativeMethodAccessorImpl.invoke0(Native Method) ~[?:?]
	at jdk.internal.reflect.NativeMethodAccessorImpl.invoke(NativeMethodAccessorImpl.java:77) ~[?:?]
	at jdk.internal.reflect.DelegatingMethodAccessorImpl.invoke(DelegatingMethodAccessorImpl.java:43) ~[?:?]
	at java.lang.reflect.Method.invoke(Method.java:569) ~[?:?]
	at net.minecraftforge.fml.loading.targets.CommonLaunchHandler.runTarget(CommonLaunchHandler.java:111) ~[fmlloader-1.20.1-47.4.1.jar%2367!/:?]
	at net.minecraftforge.fml.loading.targets.CommonLaunchHandler.serverService(CommonLaunchHandler.java:103) ~[fmlloader-1.20.1-47.4.1.jar%2367!/:?]
	at net.minecraftforge.fml.loading.targets.CommonServerLaunchHandler.lambda$makeService$0(CommonServerLaunchHandler.java:27) ~[fmlloader-1.20.1-47.4.1.jar%2367!/:?]
	at cpw.mods.modlauncher.LaunchServiceHandlerDecorator.launch(LaunchServiceHandlerDecorator.java:30) ~[modlauncher-10.0.9.jar%2353!/:?]
	at cpw.mods.modlauncher.LaunchServiceHandler.launch(LaunchServiceHandler.java:53) ~[modlauncher-10.0.9.jar%2353!/:?]
	at cpw.mods.modlauncher.LaunchServiceHandler.launch(LaunchServiceHandler.java:71) ~[modlauncher-10.0.9.jar%2353!/:?]
	at cpw.mods.modlauncher.Launcher.run(Launcher.java:108) ~[modlauncher-10.0.9.jar%2353!/:?]
	at cpw.mods.modlauncher.Launcher.main(Launcher.java:78) ~[modlauncher-10.0.9.jar%2353!/:?]
	at cpw.mods.modlauncher.BootstrapLaunchConsumer.accept(BootstrapLaunchConsumer.java:26) ~[modlauncher-10.0.9.jar%2353!/:?]
	at cpw.mods.modlauncher.BootstrapLaunchConsumer.accept(BootstrapLaunchConsumer.java:23) ~[modlauncher-10.0.9.jar%2353!/:?]
	at cpw.mods.bootstraplauncher.BootstrapLauncher.main(BootstrapLauncher.java:141) ~[bootstraplauncher-1.1.2.jar:?]
[16Aug2026 02:44:53.036] [main/ERROR] [net.threetag.palladium.Palladium/]: Parsing error loading power fsang:dark_matter
com.google.gson.JsonParseException: Unknown item 'fsang:dark_matter_injection'
	at net.threetag.palladium.util.icon.IconSerializer.parseJSON(IconSerializer.java:40) ~[palladium-4.5.8+1.20.1-forge.jar%23361!/:4.5.8+1.20.1]
	at net.threetag.palladium.power.Power.fromJSON(Power.java:173) ~[palladium-4.5.8+1.20.1-forge.jar%23361!/:4.5.8+1.20.1]
	at net.threetag.palladium.power.PowerManager.lambda$apply$3(PowerManager.java:82) ~[palladium-4.5.8+1.20.1-forge.jar%23361!/:4.5.8+1.20.1]
	at java.util.HashMap.forEach(HashMap.java:1421) ~[?:?]
	at net.threetag.palladium.power.PowerManager.apply(PowerManager.java:80) ~[palladium-4.5.8+1.20.1-forge.jar%23361!/:4.5.8+1.20.1]
	at net.threetag.palladium.power.PowerManager.m_5787_(PowerManager.java:31) ~[palladium-4.5.8+1.20.1-forge.jar%23361!/:4.5.8+1.20.1]
	at net.minecraft.server.packs.resources.SimplePreparableReloadListener.m_10789_(SimplePreparableReloadListener.java:13) ~[server-1.20.1-20230612.114412-srg.jar%23409!/:?]
	at java.util.concurrent.CompletableFuture$UniAccept.tryFire(CompletableFuture.java:718) ~[?:?]
	at java.util.concurrent.CompletableFuture$Completion.run(CompletableFuture.java:482) ~[?:?]
	at net.minecraft.server.packs.resources.SimpleReloadInstance.m_143940_(SimpleReloadInstance.java:69) ~[server-1.20.1-20230612.114412-srg.jar%23409!/:?]
	at net.minecraft.Util.m_214652_(Util.java:783) ~[server-1.20.1-20230612.114412-srg.jar%23409!/:?]
	at net.minecraft.Util.m_214679_(Util.java:772) ~[server-1.20.1-20230612.114412-srg.jar%23409!/:?]
	at net.minecraft.server.Main.main(Main.java:166) ~[server-1.20.1-20230612.114412-srg.jar%23409!/:?]
	at jdk.internal.reflect.NativeMethodAccessorImpl.invoke0(Native Method) ~[?:?]
	at jdk.internal.reflect.NativeMethodAccessorImpl.invoke(NativeMethodAccessorImpl.java:77) ~[?:?]
	at jdk.internal.reflect.DelegatingMethodAccessorImpl.invoke(DelegatingMethodAccessorImpl.java:43) ~[?:?]
	at java.lang.reflect.Method.invoke(Method.java:569) ~[?:?]
	at net.minecraftforge.fml.loading.targets.CommonLaunchHandler.runTarget(CommonLaunchHandler.java:111) ~[fmlloader-1.20.1-47.4.1.jar%2367!/:?]
	at net.minecraftforge.fml.loading.targets.CommonLaunchHandler.serverService(CommonLaunchHandler.java:103) ~[fmlloader-1.20.1-47.4.1.jar%2367!/:?]
	at net.minecraftforge.fml.loading.targets.CommonServerLaunchHandler.lambda$makeService$0(CommonServerLaunchHandler.java:27) ~[fmlloader-1.20.1-47.4.1.jar%2367!/:?]
	at cpw.mods.modlauncher.LaunchServiceHandlerDecorator.launch(LaunchServiceHandlerDecorator.java:30) ~[modlauncher-10.0.9.jar%2353!/:?]
	at cpw.mods.modlauncher.LaunchServiceHandler.launch(LaunchServiceHandler.java:53) ~[modlauncher-10.0.9.jar%2353!/:?]
	at cpw.mods.modlauncher.LaunchServiceHandler.launch(LaunchServiceHandler.java:71) ~[modlauncher-10.0.9.jar%2353!/:?]
	at cpw.mods.modlauncher.Launcher.run(Launcher.java:108) ~[modlauncher-10.0.9.jar%2353!/:?]
	at cpw.mods.modlauncher.Launcher.main(Launcher.java:78) ~[modlauncher-10.0.9.jar%2353!/:?]
	at cpw.mods.modlauncher.BootstrapLaunchConsumer.accept(BootstrapLaunchConsumer.java:26) ~[modlauncher-10.0.9.jar%2353!/:?]
	at cpw.mods.modlauncher.BootstrapLaunchConsumer.accept(BootstrapLaunchConsumer.java:23) ~[modlauncher-10.0.9.jar%2353!/:?]
	at cpw.mods.bootstraplauncher.BootstrapLauncher.main(BootstrapLauncher.java:141) ~[bootstraplauncher-1.1.2.jar:?]
[16Aug2026 02:44:53.094] [main/INFO] [net.threetag.palladium.Palladium/]: Loaded 430 powers
[16Aug2026 02:44:53.095] [main/WARN] [net.threetag.palladium.Palladium/]: Unknown power used for item 'fsang:magneto_helmet'
[16Aug2026 02:44:53.095] [main/WARN] [net.threetag.palladium.Palladium/]: Unknown power used for item 'fsang:iron_man_shield'
[16Aug2026 02:44:53.096] [main/ERROR] [net.threetag.palladium.Palladium/]: Parsing error loading item powers fsang:iron_man_shield
com.google.gson.JsonParseException: Unknown item 'fsang:iron_man_shield'
	at net.threetag.palladium.power.ItemPowerManager.lambda$apply$2(ItemPowerManager.java:82) ~[palladium-4.5.8+1.20.1-forge.jar%23361!/:4.5.8+1.20.1]
	at java.util.HashMap.forEach(HashMap.java:1421) ~[?:?]
	at net.threetag.palladium.power.ItemPowerManager.apply(ItemPowerManager.java:40) ~[palladium-4.5.8+1.20.1-forge.jar%23361!/:4.5.8+1.20.1]
	at net.threetag.palladium.power.ItemPowerManager.m_5787_(ItemPowerManager.java:22) ~[palladium-4.5.8+1.20.1-forge.jar%23361!/:4.5.8+1.20.1]
	at net.minecraft.server.packs.resources.SimplePreparableReloadListener.m_10789_(SimplePreparableReloadListener.java:13) ~[server-1.20.1-20230612.114412-srg.jar%23409!/:?]
	at java.util.concurrent.CompletableFuture$UniAccept.tryFire(CompletableFuture.java:718) ~[?:?]
	at java.util.concurrent.CompletableFuture$Completion.run(CompletableFuture.java:482) ~[?:?]
	at net.minecraft.server.packs.resources.SimpleReloadInstance.m_143940_(SimpleReloadInstance.java:69) ~[server-1.20.1-20230612.114412-srg.jar%23409!/:?]
	at net.minecraft.Util.m_214652_(Util.java:783) ~[server-1.20.1-20230612.114412-srg.jar%23409!/:?]
	at net.minecraft.Util.m_214679_(Util.java:772) ~[server-1.20.1-20230612.114412-srg.jar%23409!/:?]
	at net.minecraft.server.Main.main(Main.java:166) ~[server-1.20.1-20230612.114412-srg.jar%23409!/:?]
	at jdk.internal.reflect.NativeMethodAccessorImpl.invoke0(Native Method) ~[?:?]
	at jdk.internal.reflect.NativeMethodAccessorImpl.invoke(NativeMethodAccessorImpl.java:77) ~[?:?]
	at jdk.internal.reflect.DelegatingMethodAccessorImpl.invoke(DelegatingMethodAccessorImpl.java:43) ~[?:?]
	at java.lang.reflect.Method.invoke(Method.java:569) ~[?:?]
	at net.minecraftforge.fml.loading.targets.CommonLaunchHandler.runTarget(CommonLaunchHandler.java:111) ~[fmlloader-1.20.1-47.4.1.jar%2367!/:?]
	at net.minecraftforge.fml.loading.targets.CommonLaunchHandler.serverService(CommonLaunchHandler.java:103) ~[fmlloader-1.20.1-47.4.1.jar%2367!/:?]
	at net.minecraftforge.fml.loading.targets.CommonServerLaunchHandler.lambda$makeService$0(CommonServerLaunchHandler.java:27) ~[fmlloader-1.20.1-47.4.1.jar%2367!/:?]
	at cpw.mods.modlauncher.LaunchServiceHandlerDecorator.launch(LaunchServiceHandlerDecorator.java:30) ~[modlauncher-10.0.9.jar%2353!/:?]
	at cpw.mods.modlauncher.LaunchServiceHandler.launch(LaunchServiceHandler.java:53) ~[modlauncher-10.0.9.jar%2353!/:?]
	at cpw.mods.modlauncher.LaunchServiceHandler.launch(LaunchServiceHandler.java:71) ~[modlauncher-10.0.9.jar%2353!/:?]
	at cpw.mods.modlauncher.Launcher.run(Launcher.java:108) ~[modlauncher-10.0.9.jar%2353!/:?]
	at cpw.mods.modlauncher.Launcher.main(Launcher.java:78) ~[modlauncher-10.0.9.jar%2353!/:?]
	at cpw.mods.modlauncher.BootstrapLaunchConsumer.accept(BootstrapLaunchConsumer.java:26) ~[modlauncher-10.0.9.jar%2353!/:?]
	at cpw.mods.modlauncher.BootstrapLaunchConsumer.accept(BootstrapLaunchConsumer.java:23) ~[modlauncher-10.0.9.jar%2353!/:?]
	at cpw.mods.bootstraplauncher.BootstrapLauncher.main(BootstrapLauncher.java:141) ~[bootstraplauncher-1.1.2.jar:?]
[16Aug2026 02:44:53.098] [main/WARN] [net.threetag.palladium.Palladium/]: Unknown power used for item 'fsang:energy_weapons'
[16Aug2026 02:44:53.098] [main/ERROR] [net.threetag.palladium.Palladium/]: Parsing error loading item powers fsang:energy_shield
com.google.gson.JsonParseException: Unknown item 'fsang:energy_shield'
	at net.threetag.palladium.power.ItemPowerManager.lambda$apply$2(ItemPowerManager.java:82) ~[palladium-4.5.8+1.20.1-forge.jar%23361!/:4.5.8+1.20.1]
	at java.util.HashMap.forEach(HashMap.java:1421) ~[?:?]
	at net.threetag.palladium.power.ItemPowerManager.apply(ItemPowerManager.java:40) ~[palladium-4.5.8+1.20.1-forge.jar%23361!/:4.5.8+1.20.1]
	at net.threetag.palladium.power.ItemPowerManager.m_5787_(ItemPowerManager.java:22) ~[palladium-4.5.8+1.20.1-forge.jar%23361!/:4.5.8+1.20.1]
	at net.minecraft.server.packs.resources.SimplePreparableReloadListener.m_10789_(SimplePreparableReloadListener.java:13) ~[server-1.20.1-20230612.114412-srg.jar%23409!/:?]
	at java.util.concurrent.CompletableFuture$UniAccept.tryFire(CompletableFuture.java:718) ~[?:?]
	at java.util.concurrent.CompletableFuture$Completion.run(CompletableFuture.java:482) ~[?:?]
	at net.minecraft.server.packs.resources.SimpleReloadInstance.m_143940_(SimpleReloadInstance.java:69) ~[server-1.20.1-20230612.114412-srg.jar%23409!/:?]
	at net.minecraft.Util.m_214652_(Util.java:783) ~[server-1.20.1-20230612.114412-srg.jar%23409!/:?]
	at net.minecraft.Util.m_214679_(Util.java:772) ~[server-1.20.1-20230612.114412-srg.jar%23409!/:?]
	at net.minecraft.server.Main.main(Main.java:166) ~[server-1.20.1-20230612.114412-srg.jar%23409!/:?]
	at jdk.internal.reflect.NativeMethodAccessorImpl.invoke0(Native Method) ~[?:?]
	at jdk.internal.reflect.NativeMethodAccessorImpl.invoke(NativeMethodAccessorImpl.java:77) ~[?:?]
	at jdk.internal.reflect.DelegatingMethodAccessorImpl.invoke(DelegatingMethodAccessorImpl.java:43) ~[?:?]
	at java.lang.reflect.Method.invoke(Method.java:569) ~[?:?]
	at net.minecraftforge.fml.loading.targets.CommonLaunchHandler.runTarget(CommonLaunchHandler.java:111) ~[fmlloader-1.20.1-47.4.1.jar%2367!/:?]
	at net.minecraftforge.fml.loading.targets.CommonLaunchHandler.serverService(CommonLaunchHandler.java:103) ~[fmlloader-1.20.1-47.4.1.jar%2367!/:?]
	at net.minecraftforge.fml.loading.targets.CommonServerLaunchHandler.lambda$makeService$0(CommonServerLaunchHandler.java:27) ~[fmlloader-1.20.1-47.4.1.jar%2367!/:?]
	at cpw.mods.modlauncher.LaunchServiceHandlerDecorator.launch(LaunchServiceHandlerDecorator.java:30) ~[modlauncher-10.0.9.jar%2353!/:?]
	at cpw.mods.modlauncher.LaunchServiceHandler.launch(LaunchServiceHandler.java:53) ~[modlauncher-10.0.9.jar%2353!/:?]
	at cpw.mods.modlauncher.LaunchServiceHandler.launch(LaunchServiceHandler.java:71) ~[modlauncher-10.0.9.jar%2353!/:?]
	at cpw.mods.modlauncher.Launcher.run(Launcher.java:108) ~[modlauncher-10.0.9.jar%2353!/:?]
	at cpw.mods.modlauncher.Launcher.main(Launcher.java:78) ~[modlauncher-10.0.9.jar%2353!/:?]
	at cpw.mods.modlauncher.BootstrapLaunchConsumer.accept(BootstrapLaunchConsumer.java:26) ~[modlauncher-10.0.9.jar%2353!/:?]
	at cpw.mods.modlauncher.BootstrapLaunchConsumer.accept(BootstrapLaunchConsumer.java:23) ~[modlauncher-10.0.9.jar%2353!/:?]
	at cpw.mods.bootstraplauncher.BootstrapLauncher.main(BootstrapLauncher.java:141) ~[bootstraplauncher-1.1.2.jar:?]
[16Aug2026 02:44:53.100] [main/WARN] [net.threetag.palladium.Palladium/]: Unknown power used for item 'chrono_machina:galvan_compass'
[16Aug2026 02:44:53.100] [main/WARN] [net.threetag.palladium.Palladium/]: Unknown power used for item 'chrono_machina:galvan_compass'
[16Aug2026 02:44:53.100] [main/WARN] [net.threetag.palladium.Palladium/]: Unknown power used for item 'fsang:energy_weapons'
[16Aug2026 02:44:53.100] [main/ERROR] [net.threetag.palladium.Palladium/]: Parsing error loading item powers fsang:energy_tools
com.google.gson.JsonParseException: Unknown item 'fsang:energy_axe'
	at net.threetag.palladium.power.ItemPowerManager.lambda$apply$2(ItemPowerManager.java:82) ~[palladium-4.5.8+1.20.1-forge.jar%23361!/:4.5.8+1.20.1]
	at java.util.HashMap.forEach(HashMap.java:1421) ~[?:?]
	at net.threetag.palladium.power.ItemPowerManager.apply(ItemPowerManager.java:40) ~[palladium-4.5.8+1.20.1-forge.jar%23361!/:4.5.8+1.20.1]
	at net.threetag.palladium.power.ItemPowerManager.m_5787_(ItemPowerManager.java:22) ~[palladium-4.5.8+1.20.1-forge.jar%23361!/:4.5.8+1.20.1]
	at net.minecraft.server.packs.resources.SimplePreparableReloadListener.m_10789_(SimplePreparableReloadListener.java:13) ~[server-1.20.1-20230612.114412-srg.jar%23409!/:?]
	at java.util.concurrent.CompletableFuture$UniAccept.tryFire(CompletableFuture.java:718) ~[?:?]
	at java.util.concurrent.CompletableFuture$Completion.run(CompletableFuture.java:482) ~[?:?]
	at net.minecraft.server.packs.resources.SimpleReloadInstance.m_143940_(SimpleReloadInstance.java:69) ~[server-1.20.1-20230612.114412-srg.jar%23409!/:?]
	at net.minecraft.Util.m_214652_(Util.java:783) ~[server-1.20.1-20230612.114412-srg.jar%23409!/:?]
	at net.minecraft.Util.m_214679_(Util.java:772) ~[server-1.20.1-20230612.114412-srg.jar%23409!/:?]
	at net.minecraft.server.Main.main(Main.java:166) ~[server-1.20.1-20230612.114412-srg.jar%23409!/:?]
	at jdk.internal.reflect.NativeMethodAccessorImpl.invoke0(Native Method) ~[?:?]
	at jdk.internal.reflect.NativeMethodAccessorImpl.invoke(NativeMethodAccessorImpl.java:77) ~[?:?]
	at jdk.internal.reflect.DelegatingMethodAccessorImpl.invoke(DelegatingMethodAccessorImpl.java:43) ~[?:?]
	at java.lang.reflect.Method.invoke(Method.java:569) ~[?:?]
	at net.minecraftforge.fml.loading.targets.CommonLaunchHandler.runTarget(CommonLaunchHandler.java:111) ~[fmlloader-1.20.1-47.4.1.jar%2367!/:?]
	at net.minecraftforge.fml.loading.targets.CommonLaunchHandler.serverService(CommonLaunchHandler.java:103) ~[fmlloader-1.20.1-47.4.1.jar%2367!/:?]
	at net.minecraftforge.fml.loading.targets.CommonServerLaunchHandler.lambda$makeService$0(CommonServerLaunchHandler.java:27) ~[fmlloader-1.20.1-47.4.1.jar%2367!/:?]
	at cpw.mods.modlauncher.LaunchServiceHandlerDecorator.launch(LaunchServiceHandlerDecorator.java:30) ~[modlauncher-10.0.9.jar%2353!/:?]
	at cpw.mods.modlauncher.LaunchServiceHandler.launch(LaunchServiceHandler.java:53) ~[modlauncher-10.0.9.jar%2353!/:?]
	at cpw.mods.modlauncher.LaunchServiceHandler.launch(LaunchServiceHandler.java:71) ~[modlauncher-10.0.9.jar%2353!/:?]
	at cpw.mods.modlauncher.Launcher.run(Launcher.java:108) ~[modlauncher-10.0.9.jar%2353!/:?]
	at cpw.mods.modlauncher.Launcher.main(Launcher.java:78) ~[modlauncher-10.0.9.jar%2353!/:?]
	at cpw.mods.modlauncher.BootstrapLaunchConsumer.accept(BootstrapLaunchConsumer.java:26) ~[modlauncher-10.0.9.jar%2353!/:?]
	at cpw.mods.modlauncher.BootstrapLaunchConsumer.accept(BootstrapLaunchConsumer.java:23) ~[modlauncher-10.0.9.jar%2353!/:?]
	at cpw.mods.bootstraplauncher.BootstrapLauncher.main(BootstrapLauncher.java:141) ~[bootstraplauncher-1.1.2.jar:?]
[16Aug2026 02:44:53.102] [main/INFO] [net.threetag.palladium.Palladium/]: Loaded 14 item powers
[16Aug2026 02:44:53.103] [main/INFO] [net.threetag.palladium.Palladium/]: Loaded 44 suit set powers
[16Aug2026 02:44:53.103] [main/INFO] [net.threetag.palladium.Palladium/]: Registered 349 objectives to be tracked
[16Aug2026 02:44:53.105] [main/INFO] [net.threetag.palladium.Palladium/]: Loaded 35 universes
[16Aug2026 02:44:53.108] [main/INFO] [net.threetag.palladium.Palladium/]: Loaded 377 multiversal item variants
[16Aug2026 02:44:53.134] [main/WARN] [com.iafenvoy.jupiter.Jupiter/]: Cannot find suitable entry for key=modded_biome_slice_sizes, type=com.electronwill.nightconfig.core.SimpleCommentedConfig in config=blueprint:COMMON
[16Aug2026 02:44:53.136] [main/WARN] [com.iafenvoy.jupiter.Jupiter/]: Cannot find suitable entry for key=maxCatchupTicks, type=java.lang.Long in config=everfurnace:COMMON
[16Aug2026 02:44:53.136] [main/WARN] [com.iafenvoy.jupiter.Jupiter/]: Cannot find suitable entry for key=notificationCooldownTicks, type=java.lang.Long in config=everfurnace:COMMON
[16Aug2026 02:44:53.160] [main/WARN] [com.iafenvoy.jupiter.Jupiter/]: Notice: Jupiter cannot resolve 30 empty List<Enum> since technical issue in Java, it is recommended to add a value in default value list.
[16Aug2026 02:44:53.162] [main/INFO] [com.iafenvoy.jupiter.Jupiter/]: Config spec loading complete, found 28 configs from 28 mods.
[16Aug2026 02:44:53.172] [main/INFO] [com.iafenvoy.jupiter.Jupiter/]: Cloth Config loading complete, found 1 configs from 1 mods.
[16Aug2026 02:44:53.172] [main/INFO] [com.iafenvoy.jupiter.Jupiter/]: Successfully reload 31 server config(s).
[16Aug2026 02:44:53.180] [main/INFO] [top.theillusivec4.curios.Curios/]: Loaded 13 curio slots
[16Aug2026 02:44:53.186] [main/ERROR] [top.theillusivec4.curios.Curios/]: curios:necklace is not a registered slot type!
[16Aug2026 02:44:53.187] [main/INFO] [top.theillusivec4.curios.Curios/]: Loaded 1 curio entities
[16Aug2026 02:44:53.194] [main/INFO] [com.teamabnormals.blueprint.core.Blueprint/]: Chunk Generator Modification Manager has loaded 0 modifier groups
[16Aug2026 02:44:53.235] [main/INFO] [com.cupboard.Cupboard/]: Loaded config for: brutalbosses.json
[16Aug2026 02:44:53.239] [main/ERROR] [com.brutalbosses.BrutalBosses/]: Bad attribute id:minecraft:generic.jump_strength in:brutalbosses:rabbitboss
[16Aug2026 02:44:53.239] [main/INFO] [com.brutalbosses.BrutalBosses/]: Loaded boss variant for: minecraft:drowned
[16Aug2026 02:44:53.240] [main/INFO] [com.brutalbosses.BrutalBosses/]: Loaded boss variant for: minecraft:iron_golem
[16Aug2026 02:44:53.240] [main/INFO] [com.brutalbosses.BrutalBosses/]: Loaded boss variant for: minecraft:snow_golem
[16Aug2026 02:44:53.240] [main/INFO] [com.brutalbosses.BrutalBosses/]: Loaded boss variant for: minecraft:zombie
[16Aug2026 02:44:53.240] [main/INFO] [com.brutalbosses.BrutalBosses/]: Loaded boss variant for: minecraft:skeleton
[16Aug2026 02:44:53.240] [main/INFO] [com.brutalbosses.BrutalBosses/]: Loaded boss variant for: minecraft:pillager
[16Aug2026 02:44:53.241] [main/INFO] [com.brutalbosses.BrutalBosses/]: Loaded boss variant for: minecraft:vex
[16Aug2026 02:44:53.241] [main/INFO] [com.brutalbosses.BrutalBosses/]: Loaded boss variant for: minecraft:evoker
[16Aug2026 02:44:53.241] [main/INFO] [com.brutalbosses.BrutalBosses/]: Loaded boss variant for: minecraft:zombie
[16Aug2026 02:44:53.242] [main/INFO] [com.brutalbosses.BrutalBosses/]: Loaded boss variant for: minecraft:vindicator
[16Aug2026 02:44:53.242] [main/INFO] [com.brutalbosses.BrutalBosses/]: Loaded boss variant for: minecraft:wither_skeleton
[16Aug2026 02:44:53.242] [main/INFO] [com.brutalbosses.BrutalBosses/]: Loaded boss variant for: minecraft:wither_skeleton
[16Aug2026 02:44:53.242] [main/INFO] [com.brutalbosses.BrutalBosses/]: Loaded boss variant for: minecraft:cave_spider
[16Aug2026 02:44:53.242] [main/INFO] [com.brutalbosses.BrutalBosses/]: Loaded boss variant for: minecraft:zombie
[16Aug2026 02:44:53.242] [main/INFO] [com.brutalbosses.BrutalBosses/]: Loaded boss variant for: minecraft:husk
[16Aug2026 02:44:53.242] [main/INFO] [com.brutalbosses.BrutalBosses/]: Loaded boss variant for: minecraft:evoker
[16Aug2026 02:44:53.242] [main/INFO] [com.brutalbosses.BrutalBosses/]: Loaded boss variant for: minecraft:wandering_trader
[16Aug2026 02:44:53.242] [main/INFO] [com.brutalbosses.BrutalBosses/]: Loaded boss variant for: minecraft:guardian
[16Aug2026 02:44:53.242] [main/INFO] [com.brutalbosses.BrutalBosses/]: Loaded boss variant for: minecraft:vindicator
[16Aug2026 02:44:53.243] [main/INFO] [com.brutalbosses.BrutalBosses/]: Loaded boss variant for: minecraft:shulker
[16Aug2026 02:44:53.243] [main/INFO] [com.brutalbosses.BrutalBosses/]: Loaded boss variant for: minecraft:zoglin
[16Aug2026 02:44:53.243] [main/INFO] [com.brutalbosses.BrutalBosses/]: Loaded boss variant for: minecraft:chicken
[16Aug2026 02:44:53.243] [main/INFO] [com.brutalbosses.BrutalBosses/]: Loaded boss variant for: minecraft:blaze
[16Aug2026 02:44:53.243] [main/INFO] [com.brutalbosses.BrutalBosses/]: Loaded boss variant for: minecraft:witch
[16Aug2026 02:44:53.243] [main/INFO] [com.brutalbosses.BrutalBosses/]: Loaded boss variant for: minecraft:phantom
[16Aug2026 02:44:53.243] [main/INFO] [com.brutalbosses.BrutalBosses/]: Loaded boss variant for: minecraft:mooshroom
[16Aug2026 02:44:53.243] [main/INFO] [com.brutalbosses.BrutalBosses/]: Loaded boss variant for: minecraft:rabbit
[16Aug2026 02:44:53.243] [main/INFO] [com.brutalbosses.BrutalBosses/]: Loaded boss variant for: minecraft:piglin_brute
[16Aug2026 02:44:53.243] [main/INFO] [com.brutalbosses.BrutalBosses/]: Loaded boss variant for: minecraft:ghast
[16Aug2026 02:44:53.243] [main/INFO] [com.brutalbosses.BrutalBosses/]: Loaded boss variant for: minecraft:stray
[16Aug2026 02:44:53.248] [main/INFO] [quark-zeta/]: Modified advancement minecraft:husbandry/wax_on with 2 patches
[16Aug2026 02:44:53.249] [main/INFO] [quark-zeta/]: Modified advancement minecraft:adventure/kill_a_mob with 3 patches
[16Aug2026 02:44:53.249] [main/INFO] [quark-zeta/]: Modified advancement minecraft:husbandry/bred_all_animals with 3 patches
[16Aug2026 02:44:53.249] [main/INFO] [quark-zeta/]: Modified advancement minecraft:adventure/kill_all_mobs with 3 patches
[16Aug2026 02:44:53.250] [main/INFO] [quark-zeta/]: Modified advancement minecraft:husbandry/balanced_diet with 2 patches
[16Aug2026 02:44:53.250] [main/INFO] [quark-zeta/]: Modified advancement minecraft:nether/all_effects with 1 patches
[16Aug2026 02:44:53.250] [main/INFO] [quark-zeta/]: Modified advancement minecraft:husbandry/wax_off with 2 patches
[16Aug2026 02:44:53.250] [main/INFO] [quark-zeta/]: Modified advancement minecraft:adventure/adventuring_time with 1 patches
[16Aug2026 02:44:53.250] [main/INFO] [quark-zeta/]: Modified advancement minecraft:nether/all_potions with 1 patches
[16Aug2026 02:44:53.251] [main/INFO] [placebo/]: Registered 0 gear_sets.
[16Aug2026 02:44:53.353] [main/WARN] [ModernFix/]: Initial datapack load took 25.37 s
[16Aug2026 02:44:53.651] [Server thread/INFO] [net.minecraft.server.dedicated.DedicatedServer/]: Starting minecraft server version 1.20.1
[16Aug2026 02:44:53.656] [Server thread/INFO] [net.minecraft.server.dedicated.DedicatedServer/]: Loading properties
[16Aug2026 02:44:53.660] [Server thread/INFO] [net.minecraft.server.dedicated.DedicatedServer/]: Default game type: SURVIVAL
[16Aug2026 02:44:53.661] [Server thread/INFO] [net.minecraft.server.MinecraftServer/]: Generating keypair
[16Aug2026 02:44:53.823] [Server thread/INFO] [net.minecraft.server.dedicated.DedicatedServer/]: Starting Minecraft server on *:25565
[16Aug2026 02:44:53.845] [Server thread/INFO] [net.minecraft.server.network.ServerConnectionListener/]: Using epoll channel type
[16Aug2026 02:44:53.932] [Server thread/WARN] [net.minecraft.server.dedicated.DedicatedServer/]: **** SERVER IS RUNNING IN OFFLINE/INSECURE MODE!
[16Aug2026 02:44:53.933] [Server thread/WARN] [net.minecraft.server.dedicated.DedicatedServer/]: The server will make no attempt to authenticate usernames. Beware.
[16Aug2026 02:44:53.933] [Server thread/WARN] [net.minecraft.server.dedicated.DedicatedServer/]: While this makes the game possible to play without internet access, it also opens up the ability for hackers to connect with any username they choose.
[16Aug2026 02:44:53.933] [Server thread/WARN] [net.minecraft.server.dedicated.DedicatedServer/]: To change this, set "online-mode" to "true" in the server.properties file.
[16Aug2026 02:44:54.140] [Server thread/INFO] [net.minecraft.server.MinecraftServer/]:         __    
[16Aug2026 02:44:54.141] [Server thread/INFO] [net.minecraft.server.MinecraftServer/]:   |    |__)   LuckPerms v5.4.102
[16Aug2026 02:44:54.141] [Server thread/INFO] [net.minecraft.server.MinecraftServer/]:   |___ |      Running on Forge - Forge
[16Aug2026 02:44:54.142] [Server thread/INFO] [net.minecraft.server.MinecraftServer/]: 
[16Aug2026 02:44:54.144] [Server thread/INFO] [luckperms/]: Loading configuration...
[16Aug2026 02:44:54.338] [Server thread/INFO] [luckperms/]: Loading storage provider... [H2]
[16Aug2026 02:44:54.755] [Server thread/INFO] [luckperms/]: Loading internal permission managers...
[16Aug2026 02:44:54.829] [Server thread/INFO] [luckperms/]: Performing initial data load...
[16Aug2026 02:44:54.930] [Server thread/INFO] [luckperms/]: Successfully enabled. (took 29483ms)
[16Aug2026 02:44:55.025] [Server thread/INFO] [zeta/]: Server starting, accepting filewatcher changes for zeta's config
[16Aug2026 02:44:55.026] [Server thread/INFO] [quark-zeta/]: Server starting, accepting filewatcher changes for quark's config
[16Aug2026 02:44:55.337] [Server thread/INFO] [citadel/]: vanilla surface rule behavior unchanged
[16Aug2026 02:44:55.342] [Server thread/INFO] [xaero.pac.OpenPartiesAndClaims/]: Initializing Open Parties and Claims for the server...
[16Aug2026 02:44:55.370] [Server thread/INFO] [xaero.pac.OpenPartiesAndClaims/]: Loading server info!
[16Aug2026 02:44:55.453] [Server thread/INFO] [xaero.pac.OpenPartiesAndClaims/]: Loading player configs...
[16Aug2026 02:44:55.493] [Server thread/INFO] [xaero.pac.OpenPartiesAndClaims/]: Loaded player configs!
[16Aug2026 02:44:55.493] [Server thread/INFO] [xaero.pac.OpenPartiesAndClaims/]: Loading parties...
[16Aug2026 02:44:55.499] [Server thread/INFO] [xaero.pac.OpenPartiesAndClaims/]: Loaded parties!
[16Aug2026 02:44:55.500] [Server thread/INFO] [xaero.pac.OpenPartiesAndClaims/]: Fixing party inconsistencies...
[16Aug2026 02:44:55.552] [Server thread/INFO] [xaero.pac.OpenPartiesAndClaims/]: Registered party system for OPAC: default
[16Aug2026 02:44:55.552] [Server thread/INFO] [xaero.pac.OpenPartiesAndClaims/]: Registered permission system for OPAC: luck_perms
[16Aug2026 02:44:55.553] [Server thread/INFO] [xaero.pac.OpenPartiesAndClaims/]: Registered permission system for OPAC: permission_api
[16Aug2026 02:44:55.554] [Server thread/WARN] [xaero.pac.OpenPartiesAndClaims/]: The configured primary party system "argonauts_guilds" isn't registered!
[16Aug2026 02:44:55.554] [Server thread/INFO] [xaero.pac.OpenPartiesAndClaims/]: Configured OPAC to use the following party system as primary: default
[16Aug2026 02:44:55.554] [Server thread/INFO] [xaero.pac.OpenPartiesAndClaims/]: Loading claims...
[16Aug2026 02:44:55.556] [Server thread/INFO] [xaero.pac.OpenPartiesAndClaims/]: Loaded claims in 2ms
[16Aug2026 02:44:55.557] [Server thread/WARN] [xaero.pac.OpenPartiesAndClaims/]: The configured permission system "prometheus" isn't registered!
[16Aug2026 02:44:55.557] [Server thread/INFO] [xaero.pac.OpenPartiesAndClaims/]: Configured OPAC to use the following permission system: luck_perms
[16Aug2026 02:44:55.562] [Server thread/INFO] [net.minecraft.server.dedicated.DedicatedServer/]: Preparing level "world"
[16Aug2026 02:44:56.101] [Server thread/INFO] [com.cupboard.Cupboard/]: Loaded config for: betterchunkloading.json
[16Aug2026 02:44:56.226] [Server thread/INFO] [KubeJS Server/]: addonpack_fsang_hero:kubejs_scripts/scoreboard_loader.js#33: All scoreboard objectives and commands have been processed.
[16Aug2026 02:44:56.237] [Server thread/INFO] [KubeJS Server/]: addonpack_fsang_hero:kubejs_scripts/scoreboard_loader.js#33: All scoreboard objectives and commands have been processed.
[16Aug2026 02:44:56.271] [Server thread/INFO] [KubeJS Server/]: addonpack_fsang_hero:kubejs_scripts/scoreboard_loader.js#33: All scoreboard objectives and commands have been processed.
[16Aug2026 02:44:56.273] [Server thread/INFO] [KubeJS Server/]: addonpack_fsang_hero:kubejs_scripts/scoreboard_loader.js#33: All scoreboard objectives and commands have been processed.
[16Aug2026 02:44:56.282] [Server thread/INFO] [KubeJS Server/]: addonpack_fsang_hero:kubejs_scripts/scoreboard_loader.js#33: All scoreboard objectives and commands have been processed.
[16Aug2026 02:44:56.283] [Server thread/INFO] [KubeJS Server/]: addonpack_fsang_hero:kubejs_scripts/scoreboard_loader.js#33: All scoreboard objectives and commands have been processed.
[16Aug2026 02:44:56.343] [Server thread/INFO] [KubeJS Server/]: addonpack_fsang_hero:kubejs_scripts/scoreboard_loader.js#33: All scoreboard objectives and commands have been processed.
[16Aug2026 02:44:56.345] [Server thread/INFO] [KubeJS Server/]: addonpack_fsang_hero:kubejs_scripts/scoreboard_loader.js#33: All scoreboard objectives and commands have been processed.
[16Aug2026 02:44:56.404] [Server thread/INFO] [KubeJS Server/]: addonpack_fsang_hero:kubejs_scripts/scoreboard_loader.js#33: All scoreboard objectives and commands have been processed.
[16Aug2026 02:44:56.406] [Server thread/INFO] [KubeJS Server/]: addonpack_fsang_hero:kubejs_scripts/scoreboard_loader.js#33: All scoreboard objectives and commands have been processed.
[16Aug2026 02:44:56.411] [Server thread/INFO] [KubeJS Server/]: addonpack_fsang_hero:kubejs_scripts/scoreboard_loader.js#33: All scoreboard objectives and commands have been processed.
[16Aug2026 02:44:56.414] [Server thread/INFO] [KubeJS Server/]: addonpack_fsang_hero:kubejs_scripts/scoreboard_loader.js#33: All scoreboard objectives and commands have been processed.
[16Aug2026 02:44:56.432] [Server thread/INFO] [KubeJS Server/]: addonpack_fsang_hero:kubejs_scripts/scoreboard_loader.js#33: All scoreboard objectives and commands have been processed.
[16Aug2026 02:44:56.437] [Server thread/INFO] [KubeJS Server/]: addonpack_fsang_hero:kubejs_scripts/scoreboard_loader.js#33: All scoreboard objectives and commands have been processed.
[16Aug2026 02:44:56.448] [Server thread/INFO] [KubeJS Server/]: addonpack_fsang_hero:kubejs_scripts/scoreboard_loader.js#33: All scoreboard objectives and commands have been processed.
[16Aug2026 02:44:56.450] [Server thread/INFO] [KubeJS Server/]: addonpack_fsang_hero:kubejs_scripts/scoreboard_loader.js#33: All scoreboard objectives and commands have been processed.
[16Aug2026 02:44:56.453] [Server thread/INFO] [KubeJS Server/]: addonpack_fsang_hero:kubejs_scripts/scoreboard_loader.js#33: All scoreboard objectives and commands have been processed.
[16Aug2026 02:44:56.454] [Server thread/INFO] [KubeJS Server/]: addonpack_fsang_hero:kubejs_scripts/scoreboard_loader.js#33: All scoreboard objectives and commands have been processed.
[16Aug2026 02:44:56.494] [Server thread/INFO] [KubeJS Server/]: addonpack_fsang_hero:kubejs_scripts/scoreboard_loader.js#33: All scoreboard objectives and commands have been processed.
[16Aug2026 02:44:56.495] [Server thread/INFO] [KubeJS Server/]: addonpack_fsang_hero:kubejs_scripts/scoreboard_loader.js#33: All scoreboard objectives and commands have been processed.
[16Aug2026 02:44:56.522] [Server thread/INFO] [KubeJS Server/]: addonpack_fsang_hero:kubejs_scripts/scoreboard_loader.js#33: All scoreboard objectives and commands have been processed.
[16Aug2026 02:44:56.523] [Server thread/INFO] [KubeJS Server/]: addonpack_fsang_hero:kubejs_scripts/scoreboard_loader.js#33: All scoreboard objectives and commands have been processed.
[16Aug2026 02:44:56.549] [Server thread/INFO] [KubeJS Server/]: addonpack_fsang_hero:kubejs_scripts/scoreboard_loader.js#33: All scoreboard objectives and commands have been processed.
[16Aug2026 02:44:56.550] [Server thread/INFO] [KubeJS Server/]: addonpack_fsang_hero:kubejs_scripts/scoreboard_loader.js#33: All scoreboard objectives and commands have been processed.
[16Aug2026 02:44:56.565] [Server thread/INFO] [KubeJS Server/]: addonpack_fsang_hero:kubejs_scripts/scoreboard_loader.js#33: All scoreboard objectives and commands have been processed.
[16Aug2026 02:44:56.568] [Server thread/INFO] [KubeJS Server/]: addonpack_fsang_hero:kubejs_scripts/scoreboard_loader.js#33: All scoreboard objectives and commands have been processed.
[16Aug2026 02:44:56.603] [Server thread/INFO] [KubeJS Server/]: addonpack_fsang_hero:kubejs_scripts/scoreboard_loader.js#33: All scoreboard objectives and commands have been processed.
[16Aug2026 02:44:56.604] [Server thread/INFO] [KubeJS Server/]: addonpack_fsang_hero:kubejs_scripts/scoreboard_loader.js#33: All scoreboard objectives and commands have been processed.
[16Aug2026 02:44:56.613] [Server thread/WARN] [com.structureessentials.StructureEssentials/]: Non-unique structure_set salt:0 potentially creating overlapping structures detected. Structure sets: [minecraft:mineshafts, minecraft:strongholds, minecraft:buried_treasures]
[16Aug2026 02:44:56.619] [Server thread/WARN] [com.structureessentials.StructureEssentials/]: Non-unique structure_set salt:44337822 potentially creating overlapping structures detected. Structure sets: [terramity:ancient_outcrop, terramity:sword_shrine]
[16Aug2026 02:44:56.624] [Server thread/WARN] [com.structureessentials.StructureEssentials/]: Non-unique structure_set salt:19011220 potentially creating overlapping structures detected. Structure sets: [fsang:kryptonite_meteor, fsang:meteor_symbiote, fsang:radiant_black_hole, fsang:nth_meteor, fsang:radioactive_lake, fsang:mjolnir, fsang:fallen_ship]
[16Aug2026 02:44:56.629] [Server thread/WARN] [com.structureessentials.StructureEssentials/]: Non-unique structure_set salt:67812262 potentially creating overlapping structures detected. Structure sets: [alienevo:machine_stronghold, alienevo:machine_well]
[16Aug2026 02:44:56.631] [Server thread/WARN] [com.structureessentials.StructureEssentials/]: Non-unique structure_set salt:7407930 potentially creating overlapping structures detected. Structure sets: [iceandfire:pixie_village, iceandfire:cyclops_cave]
[16Aug2026 02:44:56.637] [Server thread/WARN] [com.structureessentials.StructureEssentials/]: Non-unique structure_set salt:532589 potentially creating overlapping structures detected. Structure sets: [omni_extras:abandoned_lab, omni_extras:ruined_galvan_tower.json]
[16Aug2026 02:44:56.637] [Server thread/WARN] [com.structureessentials.StructureEssentials/]: Non-unique structure_set salt:14261975 potentially creating overlapping structures detected. Structure sets: [alienevo:machine_blast_chamber, alienevo:machine_tower, chrono_machina:maltruant_area]
[16Aug2026 02:44:56.638] [Server thread/WARN] [com.structureessentials.StructureEssentials/]: Non-unique structure_set salt:1646207470 potentially creating overlapping structures detected. Structure sets: [hyrule_terrors:bokoblin_fort, fsang:abandoned_prison, alienevo:crash_site]
[16Aug2026 02:44:56.638] [Server thread/WARN] [com.structureessentials.StructureEssentials/]: Non-unique structure_set salt:420950647 potentially creating overlapping structures detected. Structure sets: [omni_evo:ult_core_obtainment, omni_evo:abandoned_lab]
[16Aug2026 02:44:56.638] [Server thread/WARN] [com.structureessentials.StructureEssentials/]: Non-unique structure_set salt:420699602 potentially creating overlapping structures detected. Structure sets: [structory_towers:ultra_rare_towers, structory_towers:towers, structory_towers:end_towers]
[16Aug2026 02:44:56.638] [Server thread/WARN] [com.structureessentials.StructureEssentials/]: Non-unique structure_set salt:14862934 potentially creating overlapping structures detected. Structure sets: [alienevo:galvan_mine, alienevo:galvan_priory]
[16Aug2026 02:44:56.638] [Server thread/WARN] [com.structureessentials.StructureEssentials/]: Non-unique structure_set salt:10387313 potentially creating overlapping structures detected. Structure sets: [minecraft:ocean_monuments, minecraft:end_cities]
[16Aug2026 02:44:56.639] [Server thread/INFO] [net.minecraft.server.MinecraftServer/]: Preparing start region for dimension minecraft:overworld
[16Aug2026 02:44:56.646] [Server thread/INFO] [KubeJS Server/]: Server resource reload complete!
[16Aug2026 02:44:57.385] [Server thread/INFO] [net.minecraft.server.level.progress.LoggerChunkProgressListener/]: Preparing spawn area: 0%
[16Aug2026 02:44:57.386] [Server thread/INFO] [net.minecraft.server.level.progress.LoggerChunkProgressListener/]: Preparing spawn area: 0%
[16Aug2026 02:44:57.655] [Server thread/INFO] [net.minecraft.server.level.progress.LoggerChunkProgressListener/]: Preparing spawn area: 0%
[16Aug2026 02:44:58.145] [Server thread/INFO] [net.minecraft.server.level.progress.LoggerChunkProgressListener/]: Preparing spawn area: 0%
[16Aug2026 02:44:58.640] [Server thread/INFO] [net.minecraft.server.level.progress.LoggerChunkProgressListener/]: Preparing spawn area: 0%
[16Aug2026 02:44:58.882] [Server thread/INFO] [com.cupboard.Cupboard/]: Loaded config for: limitedchunks.json
[16Aug2026 02:44:59.344] [Server thread/INFO] [net.minecraft.server.level.progress.LoggerChunkProgressListener/]: Time elapsed: 2705 ms
[16Aug2026 02:44:59.345] [Server thread/INFO] [net.minecraft.server.dedicated.DedicatedServer/]: Done (5.397s)! For help, type "help"
[16Aug2026 02:44:59.501] [Server thread/INFO] [net.minecraftforge.server.permission.PermissionAPI/]: Successfully initialized permission handler luckperms:permission_handler
[16Aug2026 02:44:59.675] [Server thread/INFO] [chrono.Chrono/]: ChronoMachina server starting
[16Aug2026 02:44:59.711] [Server thread/INFO] [com.cupboard.Cupboard/]: Loaded config for: chunksending.json
[16Aug2026 02:44:59.712] [Server thread/INFO] [com.cupboard.Cupboard/]: Loaded config for: smoothchunk.json
[16Aug2026 02:44:59.712] [Server thread/INFO] [underlay/]: Loading overlays for world: minecraft:overworld
[16Aug2026 02:44:59.715] [Server thread/INFO] [underlay/]: Loaded 0 overlays
[16Aug2026 02:44:59.715] [Server thread/INFO] [underlay/]: Loaded 0 overlays for dimension minecraft:overworld
[16Aug2026 02:44:59.720] [Server thread/INFO] [underlay/]: Loading overlays for world: aeroflame:hyperspeed
[16Aug2026 02:44:59.725] [Server thread/INFO] [underlay/]: No existing overlay save file found
[16Aug2026 02:44:59.725] [Server thread/INFO] [underlay/]: Loaded 0 overlays for dimension aeroflame:hyperspeed
[16Aug2026 02:44:59.725] [Server thread/INFO] [underlay/]: Loading overlays for world: fsang:negative_speedforce
[16Aug2026 02:44:59.725] [Server thread/INFO] [underlay/]: No existing overlay save file found
[16Aug2026 02:44:59.725] [Server thread/INFO] [underlay/]: Loaded 0 overlays for dimension fsang:negative_speedforce
[16Aug2026 02:44:59.726] [Server thread/INFO] [underlay/]: Loading overlays for world: fsang:overworld_3
[16Aug2026 02:44:59.727] [Server thread/INFO] [underlay/]: No existing overlay save file found
[16Aug2026 02:44:59.727] [Server thread/INFO] [underlay/]: Loaded 0 overlays for dimension fsang:overworld_3
[16Aug2026 02:44:59.728] [Server thread/INFO] [underlay/]: Loading overlays for world: fsang:overworld_5
[16Aug2026 02:44:59.728] [Server thread/INFO] [underlay/]: No existing overlay save file found
[16Aug2026 02:44:59.728] [Server thread/INFO] [underlay/]: Loaded 0 overlays for dimension fsang:overworld_5
[16Aug2026 02:44:59.728] [Server thread/INFO] [underlay/]: Loading overlays for world: fsang:speedforce
[16Aug2026 02:44:59.728] [Server thread/INFO] [underlay/]: No existing overlay save file found
[16Aug2026 02:44:59.728] [Server thread/INFO] [underlay/]: Loaded 0 overlays for dimension fsang:speedforce
[16Aug2026 02:44:59.729] [Server thread/INFO] [underlay/]: Loading overlays for world: minecraft:the_nether
[16Aug2026 02:44:59.729] [Server thread/INFO] [underlay/]: No existing overlay save file found
[16Aug2026 02:44:59.729] [Server thread/INFO] [underlay/]: Loaded 0 overlays for dimension minecraft:the_nether
[16Aug2026 02:44:59.729] [Server thread/INFO] [underlay/]: Loading overlays for world: fsang:codex
[16Aug2026 02:44:59.729] [Server thread/INFO] [underlay/]: No existing overlay save file found
[16Aug2026 02:44:59.729] [Server thread/INFO] [underlay/]: Loaded 0 overlays for dimension fsang:codex
[16Aug2026 02:44:59.732] [Server thread/INFO] [underlay/]: Loading overlays for world: fsang:pocket_dimension
[16Aug2026 02:44:59.732] [Server thread/INFO] [underlay/]: No existing overlay save file found
[16Aug2026 02:44:59.732] [Server thread/INFO] [underlay/]: Loaded 0 overlays for dimension fsang:pocket_dimension
[16Aug2026 02:44:59.732] [Server thread/INFO] [underlay/]: Loading overlays for world: fsang:the_radiant
[16Aug2026 02:44:59.733] [Server thread/INFO] [underlay/]: No existing overlay save file found
[16Aug2026 02:44:59.733] [Server thread/INFO] [underlay/]: Loaded 0 overlays for dimension fsang:the_radiant
[16Aug2026 02:44:59.733] [Server thread/INFO] [underlay/]: Loading overlays for world: iceandfire:dread_land
[16Aug2026 02:44:59.733] [Server thread/INFO] [underlay/]: No existing overlay save file found
[16Aug2026 02:44:59.733] [Server thread/INFO] [underlay/]: Loaded 0 overlays for dimension iceandfire:dread_land
[16Aug2026 02:44:59.733] [Server thread/INFO] [underlay/]: Loading overlays for world: fsang:overworld_2
[16Aug2026 02:44:59.733] [Server thread/INFO] [underlay/]: No existing overlay save file found
[16Aug2026 02:44:59.733] [Server thread/INFO] [underlay/]: Loaded 0 overlays for dimension fsang:overworld_2
[16Aug2026 02:44:59.733] [Server thread/INFO] [underlay/]: Loading overlays for world: minecraft:the_end
[16Aug2026 02:44:59.733] [Server thread/INFO] [underlay/]: No existing overlay save file found
[16Aug2026 02:44:59.734] [Server thread/INFO] [underlay/]: Loaded 0 overlays for dimension minecraft:the_end
[16Aug2026 02:44:59.734] [Server thread/INFO] [underlay/]: Loading overlays for world: fsang:overworld_4
[16Aug2026 02:44:59.734] [Server thread/INFO] [underlay/]: No existing overlay save file found
[16Aug2026 02:44:59.734] [Server thread/INFO] [underlay/]: Loaded 0 overlays for dimension fsang:overworld_4
[16Aug2026 02:44:59.867] [Server thread/INFO] [patchouli/]: Sending reload packet to clients
[16Aug2026 02:44:59.879] [Server thread/WARN] [ModernFix/]: Dedicated server took 66.169 seconds to load
[16Aug2026 02:44:59.983] [Server thread/INFO] [neruina/]: No blacklist files found, skipping blacklist loading
[16Aug2026 02:45:00.357] [Server thread/INFO] [net.minecraft.server.MinecraftServer/]: [Not Secure] [Server] [Omniverse] Loaded!
[16Aug2026 02:45:00.910] [Server thread/INFO] [com.cupboard.Cupboard/]: Loaded config for: smoothmovement.json
[16Aug2026 02:45:03.405] [Worker-Main-1/INFO] [citadel/]: vanilla surface rule behavior unchanged
[16Aug2026 02:45:08.572] [Netty Epoll Server IO #1/WARN] [mixin/]: @ModifyConstant conflict. Skipping packetfixer.v1_19_4.forge.mixins.json:v1_19_4_forge.PacketEncoderMixin->@ModifyConstant::packetfixer$newSize(I)I with priority 1000, already redirected by connectivity.mixins.json:PacketEncoderMixin->@ModifyConstant::modifyLimit(ILio/netty/channel/ChannelHandlerContext;Lnet/minecraft/network/protocol/Packet;Lio/netty/buffer/ByteBuf;)I with priority 1000
[16Aug2026 02:45:09.670] [Worker-Main-3/WARN] [net.minecraft.world.entity.ai.attributes.AttributeMap/]: Ignoring unknown attribute 'reach-entity-attributes:reach'
[16Aug2026 02:45:09.675] [Worker-Main-3/WARN] [net.minecraft.world.entity.ai.attributes.AttributeMap/]: Ignoring unknown attribute 'reach-entity-attributes:reach'
[16Aug2026 02:45:09.675] [Worker-Main-3/WARN] [net.minecraft.world.entity.ai.attributes.AttributeMap/]: Ignoring unknown attribute 'reach-entity-attributes:reach'
[16Aug2026 02:45:09.676] [Worker-Main-3/WARN] [net.minecraft.world.entity.ai.attributes.AttributeMap/]: Ignoring unknown attribute 'reach-entity-attributes:reach'
[16Aug2026 02:45:09.786] [Worker-Main-2/WARN] [net.minecraft.world.entity.ai.attributes.AttributeMap/]: Ignoring unknown attribute 'reach-entity-attributes:reach'
[16Aug2026 02:45:09.787] [Worker-Main-2/WARN] [net.minecraft.world.entity.ai.attributes.AttributeMap/]: Ignoring unknown attribute 'reach-entity-attributes:reach'
[16Aug2026 02:45:09.789] [Worker-Main-2/WARN] [net.minecraft.world.entity.ai.attributes.AttributeMap/]: Ignoring unknown attribute 'reach-entity-attributes:reach'
[16Aug2026 02:45:09.789] [Worker-Main-2/WARN] [net.minecraft.world.entity.ai.attributes.AttributeMap/]: Ignoring unknown attribute 'reach-entity-attributes:reach'
[16Aug2026 02:45:09.790] [Worker-Main-2/WARN] [net.minecraft.world.entity.ai.attributes.AttributeMap/]: Ignoring unknown attribute 'reach-entity-attributes:reach'
[16Aug2026 02:45:10.254] [Server thread/WARN] [net.minecraft.world.level.entity.PersistentEntitySectionManager/]: UUID of added entity already exists: ArmorStand['Armor Stand'/1422, l='ServerLevel[world]', x=22068880.50, y=1000.00, z=-4185487.50]
[16Aug2026 02:45:10.455] [Netty Epoll Server IO #3/WARN] [mixin/]: @ModifyConstant conflict. Skipping packetfixer.v1_19_4.forge.mixins.json:v1_19_4_forge.ServerLoginPacketListenerImplMixin->@ModifyConstant::packetfixer$tick(I)I with priority 1000, already redirected by connectivity.mixins.json:ServerLoginNetHandlerMixin->@ModifyConstant::loginTimeout(I)I with priority 1001
[16Aug2026 02:45:12.585] [Server thread/WARN] [net.minecraft.network.syncher.SynchedEntityData/]: defineId called for: class net.minecraft.world.entity.player.Player from class tschipp.carryon.common.carry.CarryOnDataManager
[16Aug2026 02:45:12.729] [Server thread/INFO] [net.minecraft.server.players.PlayerList/]: Benjiuj[/127.255.86.28:58733] logged in with entity id 1423 at (-999.9499999880791, 65.0, 57.01247670406185)
[16Aug2026 02:45:12.996] [Server thread/INFO] [ModernFix/]: Using enhanced recipe sync for player Benjiuj
[16Aug2026 02:45:13.148] [Server thread/INFO] [net.minecraft.server.MinecraftServer/]: Benjiuj joined the game
[16Aug2026 02:45:13.498] [Server thread/INFO] [Chrono/Palladium/]: Palladium integration initialized (hasPower=true, fallback=false)
[16Aug2026 02:45:13.575] [Server thread/INFO] [xaero.pac.OpenPartiesAndClaims/]: Updating all forceload tickets for d92ca513-8ab0-3393-a4df-35886e044342
[16Aug2026 02:45:15.848] [Server thread/WARN] [net.minecraft.server.MinecraftServer/]: Can't keep up! Is the server overloaded? Running 2017ms or 40 ticks behind
[16Aug2026 02:45:47.087] [Server thread/INFO] [net.minecraft.server.MinecraftServer/]: [Benjiuj: Teleported Benjiuj to 2866.500000, 119.500000, -961.500000]
[16Aug2026 02:47:06.404] [Server thread/INFO] [net.minecraft.server.MinecraftServer/]: [Benjiuj: Set own game mode to Survival Mode]
[16Aug2026 02:48:05.676] [Server thread/INFO] [net.minecraft.server.MinecraftServer/]: [Galvan: Set own game mode to Creative Mode]
[16Aug2026 02:48:18.655] [Server thread/INFO] [net.minecraft.server.MinecraftServer/]: [Galvan: Set own game mode to Survival Mode]
[16Aug2026 02:51:32.676] [Worker-Main-2/WARN] [net.minecraft.world.entity.ai.attributes.AttributeMap/]: Ignoring unknown attribute 'reach-entity-attributes:reach'
[16Aug2026 02:51:32.677] [Worker-Main-2/WARN] [net.minecraft.world.entity.ai.attributes.AttributeMap/]: Ignoring unknown attribute 'reach-entity-attributes:reach'
[16Aug2026 02:51:32.678] [Worker-Main-2/WARN] [net.minecraft.world.entity.ai.attributes.AttributeMap/]: Ignoring unknown attribute 'reach-entity-attributes:reach'
[16Aug2026 02:51:32.679] [Worker-Main-2/WARN] [net.minecraft.world.entity.ai.attributes.AttributeMap/]: Ignoring unknown attribute 'reach-entity-attributes:reach'
[16Aug2026 02:51:32.679] [Worker-Main-2/WARN] [net.minecraft.world.entity.ai.attributes.AttributeMap/]: Ignoring unknown attribute 'reach-entity-attributes:reach'
[16Aug2026 02:51:33.668] [Worker-Main-2/WARN] [net.minecraft.world.entity.ai.attributes.AttributeMap/]: Ignoring unknown attribute 'reach-entity-attributes:reach'
[16Aug2026 02:51:33.669] [Worker-Main-2/WARN] [net.minecraft.world.entity.ai.attributes.AttributeMap/]: Ignoring unknown attribute 'reach-entity-attributes:reach'
[16Aug2026 02:51:33.669] [Worker-Main-2/WARN] [net.minecraft.world.entity.ai.attributes.AttributeMap/]: Ignoring unknown attribute 'reach-entity-attributes:reach'
[16Aug2026 02:51:33.670] [Worker-Main-2/WARN] [net.minecraft.world.entity.ai.attributes.AttributeMap/]: Ignoring unknown attribute 'reach-entity-attributes:reach'
[16Aug2026 02:53:23.978] [Worker-Main-3/WARN] [net.minecraft.world.entity.ai.attributes.AttributeMap/]: Ignoring unknown attribute 'reach-entity-attributes:reach'
[16Aug2026 02:53:28.040] [Worker-Main-3/WARN] [net.minecraft.world.entity.ai.attributes.AttributeMap/]: Ignoring unknown attribute 'reach-entity-attributes:reach'
[16Aug2026 02:53:28.041] [Worker-Main-3/WARN] [net.minecraft.world.entity.ai.attributes.AttributeMap/]: Ignoring unknown attribute 'reach-entity-attributes:reach'
[16Aug2026 02:53:28.042] [Worker-Main-3/WARN] [net.minecraft.world.entity.ai.attributes.AttributeMap/]: Ignoring unknown attribute 'reach-entity-attributes:reach'
[16Aug2026 02:53:28.042] [Worker-Main-3/WARN] [net.minecraft.world.entity.ai.attributes.AttributeMap/]: Ignoring unknown attribute 'reach-entity-attributes:reach'
[16Aug2026 02:53:28.308] [Worker-Main-3/WARN] [net.minecraft.world.entity.ai.attributes.AttributeMap/]: Ignoring unknown attribute 'reach-entity-attributes:reach'
[16Aug2026 02:53:28.326] [Worker-Main-3/WARN] [net.minecraft.world.entity.ai.attributes.AttributeMap/]: Ignoring unknown attribute 'reach-entity-attributes:reach'
[16Aug2026 02:53:28.344] [Worker-Main-3/WARN] [net.minecraft.world.entity.ai.attributes.AttributeMap/]: Ignoring unknown attribute 'reach-entity-attributes:reach'
[16Aug2026 02:53:29.945] [Worker-Main-2/WARN] [net.minecraft.world.entity.ai.attributes.AttributeMap/]: Ignoring unknown attribute 'reach-entity-attributes:reach'
[16Aug2026 02:53:29.967] [Worker-Main-2/WARN] [net.minecraft.world.entity.ai.attributes.AttributeMap/]: Ignoring unknown attribute 'reach-entity-attributes:reach'
[16Aug2026 02:53:29.985] [Worker-Main-2/WARN] [net.minecraft.world.entity.ai.attributes.AttributeMap/]: Ignoring unknown attribute 'reach-entity-attributes:reach'
[16Aug2026 02:53:36.058] [Worker-Main-1/WARN] [net.minecraft.world.entity.ai.attributes.AttributeMap/]: Ignoring unknown attribute 'reach-entity-attributes:reach'
[16Aug2026 02:53:36.058] [Worker-Main-1/WARN] [net.minecraft.world.entity.ai.attributes.AttributeMap/]: Ignoring unknown attribute 'reach-entity-attributes:reach'
[16Aug2026 02:53:36.059] [Worker-Main-1/WARN] [net.minecraft.world.entity.ai.attributes.AttributeMap/]: Ignoring unknown attribute 'reach-entity-attributes:reach'
[16Aug2026 02:53:36.059] [Worker-Main-1/WARN] [net.minecraft.world.entity.ai.attributes.AttributeMap/]: Ignoring unknown attribute 'reach-entity-attributes:reach'
[16Aug2026 02:53:36.059] [Worker-Main-1/WARN] [net.minecraft.world.entity.ai.attributes.AttributeMap/]: Ignoring unknown attribute 'reach-entity-attributes:reach'
[16Aug2026 02:53:38.958] [Worker-Main-2/WARN] [net.minecraft.world.entity.ai.attributes.AttributeMap/]: Ignoring unknown attribute 'reach-entity-attributes:reach'
[16Aug2026 02:53:38.959] [Worker-Main-2/WARN] [net.minecraft.world.entity.ai.attributes.AttributeMap/]: Ignoring unknown attribute 'reach-entity-attributes:reach'
[16Aug2026 02:53:38.959] [Worker-Main-2/WARN] [net.minecraft.world.entity.ai.attributes.AttributeMap/]: Ignoring unknown attribute 'reach-entity-attributes:reach'
[16Aug2026 02:53:38.960] [Worker-Main-2/WARN] [net.minecraft.world.entity.ai.attributes.AttributeMap/]: Ignoring unknown attribute 'reach-entity-attributes:reach'
[16Aug2026 02:54:49.603] [Server thread/INFO] [net.minecraft.server.MinecraftServer/]: [Benjiuj: Set own game mode to Spectator Mode]
[16Aug2026 02:54:56.317] [Server thread/INFO] [net.minecraft.server.MinecraftServer/]: [Benjiuj: Set own game mode to Survival Mode]
[16Aug2026 02:55:02.038] [Server thread/INFO] [AllTheLeaks/]: Listing events...
[16Aug2026 02:55:02.038] [Server thread/INFO] [AllTheLeaks/]: Listing memory leaks so far...
[16Aug2026 02:55:02.043] [Server thread/INFO] [AllTheLeaks/]: B: 1720MB / C: 1794MB / Diff: +74MB
[16Aug2026 02:55:02.046] [Server thread/INFO] [AllTheLeaks/]: No memory leak detected!
[16Aug2026 02:55:11.075] [Worker-Main-1/WARN] [net.minecraft.world.entity.ai.attributes.AttributeMap/]: Ignoring unknown attribute 'reach-entity-attributes:reach'
[16Aug2026 02:55:11.076] [Worker-Main-1/WARN] [net.minecraft.world.entity.ai.attributes.AttributeMap/]: Ignoring unknown attribute 'reach-entity-attributes:reach'
[16Aug2026 02:55:11.076] [Worker-Main-1/WARN] [net.minecraft.world.entity.ai.attributes.AttributeMap/]: Ignoring unknown attribute 'reach-entity-attributes:reach'
[16Aug2026 02:55:11.128] [Worker-Main-2/WARN] [net.minecraft.world.entity.ai.attributes.AttributeMap/]: Ignoring unknown attribute 'reach-entity-attributes:reach'
[16Aug2026 02:55:11.129] [Worker-Main-2/WARN] [net.minecraft.world.entity.ai.attributes.AttributeMap/]: Ignoring unknown attribute 'reach-entity-attributes:reach'
[16Aug2026 02:56:14.075] [Worker-Main-2/WARN] [net.minecraft.world.entity.ai.attributes.AttributeMap/]: Ignoring unknown attribute 'reach-entity-attributes:reach'
[16Aug2026 02:56:14.090] [Worker-Main-2/WARN] [net.minecraft.world.entity.ai.attributes.AttributeMap/]: Ignoring unknown attribute 'reach-entity-attributes:reach'
[16Aug2026 02:56:14.091] [Worker-Main-2/WARN] [net.minecraft.world.entity.ai.attributes.AttributeMap/]: Ignoring unknown attribute 'reach-entity-attributes:reach'
[16Aug2026 02:56:14.091] [Worker-Main-2/WARN] [net.minecraft.world.entity.ai.attributes.AttributeMap/]: Ignoring unknown attribute 'reach-entity-attributes:reach'
[16Aug2026 02:56:14.092] [Worker-Main-2/WARN] [net.minecraft.world.entity.ai.attributes.AttributeMap/]: Ignoring unknown attribute 'reach-entity-attributes:reach'
[16Aug2026 02:56:14.092] [Worker-Main-2/WARN] [net.minecraft.world.entity.ai.attributes.AttributeMap/]: Ignoring unknown attribute 'reach-entity-attributes:reach'
[16Aug2026 02:56:14.092] [Worker-Main-2/WARN] [net.minecraft.world.entity.ai.attributes.AttributeMap/]: Ignoring unknown attribute 'reach-entity-attributes:reach'
[16Aug2026 02:56:14.093] [Worker-Main-2/WARN] [net.minecraft.world.entity.ai.attributes.AttributeMap/]: Ignoring unknown attribute 'reach-entity-attributes:reach'
[16Aug2026 02:56:14.093] [Worker-Main-2/WARN] [net.minecraft.world.entity.ai.attributes.AttributeMap/]: Ignoring unknown attribute 'reach-entity-attributes:reach'
[16Aug2026 02:56:14.093] [Worker-Main-2/WARN] [net.minecraft.world.entity.ai.attributes.AttributeMap/]: Ignoring unknown attribute 'reach-entity-attributes:reach'
[16Aug2026 02:56:19.656] [Worker-Main-2/WARN] [net.minecraft.world.entity.ai.attributes.AttributeMap/]: Ignoring unknown attribute 'reach-entity-attributes:reach'
[16Aug2026 02:56:32.297] [Worker-Main-3/WARN] [net.minecraft.world.entity.ai.attributes.AttributeMap/]: Ignoring unknown attribute 'reach-entity-attributes:reach'
[16Aug2026 02:56:32.319] [Worker-Main-3/WARN] [net.minecraft.world.entity.ai.attributes.AttributeMap/]: Ignoring unknown attribute 'reach-entity-attributes:reach'
[16Aug2026 02:56:32.337] [Worker-Main-3/WARN] [net.minecraft.world.entity.ai.attributes.AttributeMap/]: Ignoring unknown attribute 'reach-entity-attributes:reach'
[16Aug2026 02:56:32.364] [Worker-Main-1/WARN] [net.minecraft.world.entity.ai.attributes.AttributeMap/]: Ignoring unknown attribute 'reach-entity-attributes:reach'
[16Aug2026 02:56:32.381] [Worker-Main-1/WARN] [net.minecraft.world.entity.ai.attributes.AttributeMap/]: Ignoring unknown attribute 'reach-entity-attributes:reach'
[16Aug2026 02:56:32.401] [Worker-Main-1/WARN] [net.minecraft.world.entity.ai.attributes.AttributeMap/]: Ignoring unknown attribute 'reach-entity-attributes:reach'
[16Aug2026 02:56:32.728] [Worker-Main-2/WARN] [net.minecraft.world.entity.ai.attributes.AttributeMap/]: Ignoring unknown attribute 'reach-entity-attributes:reach'
[16Aug2026 02:56:32.791] [Worker-Main-1/WARN] [net.minecraft.world.entity.ai.attributes.AttributeMap/]: Ignoring unknown attribute 'reach-entity-attributes:reach'
[16Aug2026 02:56:32.792] [Worker-Main-1/WARN] [net.minecraft.world.entity.ai.attributes.AttributeMap/]: Ignoring unknown attribute 'reach-entity-attributes:reach'
[16Aug2026 02:56:32.793] [Worker-Main-1/WARN] [net.minecraft.world.entity.ai.attributes.AttributeMap/]: Ignoring unknown attribute 'reach-entity-attributes:reach'
[16Aug2026 02:56:32.794] [Worker-Main-1/WARN] [net.minecraft.world.entity.ai.attributes.AttributeMap/]: Ignoring unknown attribute 'reach-entity-attributes:reach'
[16Aug2026 02:57:42.100] [Server thread/INFO] [net.minecraft.server.MinecraftServer/]: [Pyronite: Set own game mode to Spectator Mode]
[16Aug2026 02:58:08.575] [Server thread/INFO] [net.minecraft.server.MinecraftServer/]: [Benjiuj: Set own game mode to Survival Mode]
[16Aug2026 02:58:24.105] [Server thread/INFO] [net.minecraft.server.MinecraftServer/]: Pyronite has reached the goal [I Reject My Humanity!]
[16Aug2026 02:58:44.769] [Server thread/INFO] [net.minecraft.server.MinecraftServer/]: [Pyronite: Set own game mode to Spectator Mode]
[16Aug2026 02:58:56.351] [Server thread/INFO] [net.minecraft.server.MinecraftServer/]: [Benjiuj: Set own game mode to Survival Mode]
[16Aug2026 03:00:25.817] [Server thread/INFO] [evercrops/]: Auto-cleanup removed 12 stale crop and 0 stale hive entries in minecraft:overworld.
[16Aug2026 03:01:24.499] [Server thread/INFO] [net.minecraft.server.MinecraftServer/]: [Benjiuj: Set own game mode to Creative Mode]
[16Aug2026 03:01:37.151] [Server thread/INFO] [net.minecraft.server.MinecraftServer/]: [Benjiuj: Set own game mode to Survival Mode]
[16Aug2026 03:02:20.723] [Server thread/INFO] [net.minecraft.server.MinecraftServer/]: [Benjiuj: Set own game mode to Spectator Mode]
[16Aug2026 03:02:57.907] [Server thread/INFO] [net.minecraft.server.MinecraftServer/]: [Benjiuj: Set own game mode to Survival Mode]
[16Aug2026 03:03:19.734] [Worker-Main-1/ERROR] [net.minecraft.world.entity.decoration.HangingEntity/]: Hanging entity at invalid position: BlockPos{x=-39, y=-17, z=-40}
[16Aug2026 03:03:26.389] [Worker-Main-3/WARN] [net.minecraft.world.entity.ai.attributes.AttributeMap/]: Ignoring unknown attribute 'reach-entity-attributes:reach'
[16Aug2026 03:03:26.389] [Worker-Main-3/WARN] [net.minecraft.world.entity.ai.attributes.AttributeMap/]: Ignoring unknown attribute 'reach-entity-attributes:reach'
[16Aug2026 03:03:26.390] [Worker-Main-3/WARN] [net.minecraft.world.entity.ai.attributes.AttributeMap/]: Ignoring unknown attribute 'reach-entity-attributes:reach'
[16Aug2026 03:03:26.390] [Worker-Main-3/WARN] [net.minecraft.world.entity.ai.attributes.AttributeMap/]: Ignoring unknown attribute 'reach-entity-attributes:reach'
[16Aug2026 03:03:26.391] [Worker-Main-3/WARN] [net.minecraft.world.entity.ai.attributes.AttributeMap/]: Ignoring unknown attribute 'reach-entity-attributes:reach'
[16Aug2026 03:04:23.102] [Worker-Main-1/WARN] [net.minecraft.world.entity.ai.attributes.AttributeMap/]: Ignoring unknown attribute 'reach-entity-attributes:reach'
[16Aug2026 03:04:23.102] [Worker-Main-1/WARN] [net.minecraft.world.entity.ai.attributes.AttributeMap/]: Ignoring unknown attribute 'reach-entity-attributes:reach'
[16Aug2026 03:04:23.103] [Worker-Main-1/WARN] [net.minecraft.world.entity.ai.attributes.AttributeMap/]: Ignoring unknown attribute 'reach-entity-attributes:reach'
[16Aug2026 03:04:23.104] [Worker-Main-1/WARN] [net.minecraft.world.entity.ai.attributes.AttributeMap/]: Ignoring unknown attribute 'reach-entity-attributes:reach'
[16Aug2026 03:04:51.078] [Server thread/INFO] [net.minecraft.server.MinecraftServer/]: [Benjiuj: Set own game mode to Spectator Mode]
[16Aug2026 03:05:02.042] [Server thread/INFO] [AllTheLeaks/]: Listing events...
[16Aug2026 03:05:02.042] [Server thread/INFO] [AllTheLeaks/]: Listing memory leaks so far...
[16Aug2026 03:05:02.042] [Server thread/INFO] [AllTheLeaks/]: B: 1720MB / C: 2274MB / Diff: +554MB
[16Aug2026 03:05:02.043] [Server thread/INFO] [AllTheLeaks/]: Memory Leaks detected: (/atl force_refresh to update)
[16Aug2026 03:05:02.043] [Server thread/INFO] [AllTheLeaks/]: | ChunkAccess:
[16Aug2026 03:05:02.043] [Server thread/INFO] [AllTheLeaks/]: |- LevelChunk (minecraft): 47
[16Aug2026 03:05:43.626] [Server thread/INFO] [net.minecraft.server.MinecraftServer/]: [Benjiuj: Set own game mode to Survival Mode]
[16Aug2026 03:06:29.216] [Server thread/INFO] [net.minecraft.server.MinecraftServer/]: [Ectonurite: Set own game mode to Spectator Mode]
[16Aug2026 03:06:55.596] [Server thread/INFO] [net.minecraft.server.MinecraftServer/]: [Benjiuj: Set own game mode to Survival Mode]
[16Aug2026 03:07:06.644] [Server thread/INFO] [net.minecraft.world.entity.LivingEntity/]: Named entity Husk['Machine Scout'/66551, l='ServerLevel[world]', x=1581.50, y=-2.00, z=358.71] died: Machine Scout suffocated in a wall
[16Aug2026 03:08:22.596] [Server thread/INFO] [net.minecraft.world.entity.LivingEntity/]: Named entity Husk['Machine Scout'/66657, l='ServerLevel[world]', x=1549.70, y=-11.13, z=384.60] died: Machine Scout suffocated in a wall
[16Aug2026 03:09:24.547] [Server thread/INFO] [net.minecraft.world.entity.LivingEntity/]: Named entity Husk['Machine Scout'/69908, l='ServerLevel[world]', x=1555.45, y=-11.00, z=320.99] died: Machine Scout suffocated in a wall
[16Aug2026 03:10:28.446] [Server thread/INFO] [net.minecraft.world.entity.LivingEntity/]: Named entity Husk['Machine Scout'/70707, l='ServerLevel[world]', x=1554.65, y=0.00, z=381.95] died: Machine Scout suffocated in a wall
[16Aug2026 03:11:03.309] [Server thread/INFO] [net.minecraft.server.MinecraftServer/]: [Ectonurite: Teleported Ectonurite to 38.500000, 55.500000, 534.500000]
[16Aug2026 03:11:17.899] [Server thread/INFO] [net.minecraft.server.MinecraftServer/]: [Ectonurite: Set own game mode to Spectator Mode]
[16Aug2026 03:11:20.754] [Server thread/INFO] [net.minecraft.server.MinecraftServer/]: [Benjiuj: Set own game mode to Creative Mode]
[16Aug2026 03:11:27.521] [Server thread/INFO] [net.minecraft.server.MinecraftServer/]: [Ectonurite: Set own game mode to Survival Mode]
[16Aug2026 03:15:02.075] [Server thread/INFO] [AllTheLeaks/]: Listing events...
[16Aug2026 03:15:02.075] [Server thread/INFO] [AllTheLeaks/]: Listing memory leaks so far...
[16Aug2026 03:15:02.075] [Server thread/INFO] [AllTheLeaks/]: B: 1637MB / C: 2049MB / Diff: +412MB
[16Aug2026 03:15:02.076] [Server thread/INFO] [AllTheLeaks/]: No memory leak detected!
[16Aug2026 03:15:52.453] [Server thread/INFO] [net.minecraft.server.MinecraftServer/]: [Benjiuj: Teleported Benjiuj to 2866.500000, 119.500000, -961.500000]
[16Aug2026 03:21:43.160] [Server thread/INFO] [net.minecraft.server.MinecraftServer/]: [Benjiuj: Set own game mode to Creative Mode]
[16Aug2026 03:21:47.597] [Server thread/INFO] [net.minecraft.server.MinecraftServer/]: [Benjiuj: Set own game mode to Survival Mode]
[16Aug2026 03:25:02.047] [Server thread/INFO] [AllTheLeaks/]: Listing events...
[16Aug2026 03:25:02.047] [Server thread/INFO] [AllTheLeaks/]: Listing memory leaks so far...
[16Aug2026 03:25:02.047] [Server thread/INFO] [AllTheLeaks/]: B: 1637MB / C: 4641MB / Diff: +3004MB
[16Aug2026 03:25:02.047] [Server thread/INFO] [AllTheLeaks/]: No memory leak detected!
[16Aug2026 03:30:25.801] [Server thread/INFO] [evercrops/]: Auto-cleanup removed 6 stale crop and 0 stale hive entries in minecraft:overworld.
[16Aug2026 03:35:02.109] [Server thread/INFO] [AllTheLeaks/]: Listing events...
[16Aug2026 03:35:02.109] [Server thread/INFO] [AllTheLeaks/]: Listing memory leaks so far...
[16Aug2026 03:35:02.110] [Server thread/INFO] [AllTheLeaks/]: B: 1637MB / C: 2747MB / Diff: +1110MB
[16Aug2026 03:35:02.110] [Server thread/INFO] [AllTheLeaks/]: No memory leak detected!
[16Aug2026 03:41:34.518] [Server thread/INFO] [net.minecraft.server.MinecraftServer/]: Benjiuj has made the advancement [The Soldier Reborn]
[16Aug2026 03:41:38.299] [Server thread/INFO] [net.minecraft.server.MinecraftServer/]: Benjiuj has made the advancement [Don't do anything stupid until I get back]
[16Aug2026 03:42:29.559] [Server thread/INFO] [net.minecraft.server.MinecraftServer/]: [Benjiuj: Set [AlienEvo.Timer] for Benjiuj to 200]
[16Aug2026 03:42:43.018] [Server thread/INFO] [net.minecraft.server.MinecraftServer/]: [Benjiuj: Benjiuj's superpower(s) was removed]
[16Aug2026 03:42:48.599] [Server thread/INFO] [net.minecraft.server.MinecraftServer/]: [Benjiuj: Benjiuj's superpower(s) was removed]
[16Aug2026 03:43:11.106] [Server thread/INFO] [net.minecraft.server.MinecraftServer/]: [Benjiuj: Benjiuj's superpower(s) was removed]
[16Aug2026 03:45:02.305] [Server thread/INFO] [AllTheLeaks/]: Listing events...
[16Aug2026 03:45:02.305] [Server thread/INFO] [AllTheLeaks/]: Listing memory leaks so far...
[16Aug2026 03:45:02.305] [Server thread/INFO] [AllTheLeaks/]: B: 1637MB / C: 2408MB / Diff: +771MB
[16Aug2026 03:45:02.305] [Server thread/INFO] [AllTheLeaks/]: No memory leak detected!
[16Aug2026 03:46:58.049] [Server thread/INFO] [net.minecraft.server.MinecraftServer/]: [Benjiuj: Benjiuj has the following superpowers: stretchakln:obtainment, omni_evo:recal_ability, alienevo:prototype_omnitrix, alienevo:quick_change, fsang:space_power, fsang:super_soldier_winter_soldie]
[16Aug2026 03:50:55.305] [Server thread/INFO] [net.minecraft.server.MinecraftServer/]: [Benjiuj: Benjiuj's superpower(s) was removed]
[16Aug2026 03:51:21.142] [Server thread/INFO] [net.minecraft.server.network.ServerGamePacketListenerImpl/]: Benjiuj lost connection: Disconnected
[16Aug2026 03:51:21.142] [Server thread/INFO] [net.minecraft.server.MinecraftServer/]: Benjiuj left the game
[16Aug2026 03:51:21.145] [Server thread/INFO] [xaero.pac.OpenPartiesAndClaims/]: Updating all forceload tickets for d92ca513-8ab0-3393-a4df-35886e044342
[16Aug2026 03:51:29.772] [Server thread/INFO] [net.minecraft.server.players.PlayerList/]: Benjiuj[/127.255.86.28:44355] logged in with entity id 79143 at (37.81168186634676, 55.0, 534.6033809248446)
[16Aug2026 03:51:29.875] [Server thread/INFO] [ModernFix/]: Using enhanced recipe sync for player Benjiuj
[16Aug2026 03:51:29.889] [Server thread/INFO] [net.minecraft.server.MinecraftServer/]: Benjiuj joined the game
[16Aug2026 03:51:30.084] [Server thread/INFO] [xaero.pac.OpenPartiesAndClaims/]: Updating all forceload tickets for d92ca513-8ab0-3393-a4df-35886e044342
[16Aug2026 03:53:18.216] [Server thread/INFO] [net.minecraft.server.MinecraftServer/]: [Benjiuj: Set own game mode to Creative Mode]
[16Aug2026 03:53:31.560] [Server thread/INFO] [net.minecraft.server.MinecraftServer/]: [Benjiuj: Set own game mode to Survival Mode]
[16Aug2026 03:54:51.647] [Server thread/INFO] [net.minecraft.server.MinecraftServer/]: Unknown or incomplete command, see below for error
[16Aug2026 03:54:51.648] [Server thread/INFO] [net.minecraft.server.MinecraftServer/]: a<--[HERE]
[16Aug2026 03:55:02.196] [Server thread/INFO] [AllTheLeaks/]: Listing events...
[16Aug2026 03:55:02.196] [Server thread/INFO] [AllTheLeaks/]: Server Player Logout: 1
[16Aug2026 03:55:02.196] [Server thread/INFO] [AllTheLeaks/]: Listing memory leaks so far...
[16Aug2026 03:55:02.196] [Server thread/INFO] [AllTheLeaks/]: B: 1637MB / C: 2194MB / Diff: +557MB
[16Aug2026 03:55:02.196] [Server thread/INFO] [AllTheLeaks/]: Memory Leaks detected: (/atl force_refresh to update)
[16Aug2026 03:55:02.196] [Server thread/INFO] [AllTheLeaks/]: | Player:
[16Aug2026 03:55:02.196] [Server thread/INFO] [AllTheLeaks/]: |- ServerPlayer (minecraft): 1
[16Aug2026 03:55:42.015] [Server thread/INFO] [net.minecraft.server.MinecraftServer/]: [Benjiuj: Benjiuj's superpower(s) have been replaced]
[16Aug2026 03:55:42.048] [Server thread/INFO] [net.minecraft.server.MinecraftServer/]: Benjiuj has made the advancement [But this is Dolce...]
[16Aug2026 03:56:44.053] [Server thread/INFO] [net.minecraft.server.MinecraftServer/]: [Benjiuj: Benjiuj's superpower(s) was removed]
[16Aug2026 03:57:00.700] [Server thread/INFO] [net.minecraft.server.MinecraftServer/]: [Benjiuj: Saved the game]
[16Aug2026 03:58:03.063] [Server thread/INFO] [net.minecraft.server.MinecraftServer/]: [Benjiuj: Set own game mode to Creative Mode]
[16Aug2026 03:59:00.750] [Server thread/INFO] [net.minecraft.server.MinecraftServer/]: [Benjiuj: Set own game mode to Survival Mode]
[16Aug2026 03:59:04.390] [Server thread/INFO] [net.minecraft.server.MinecraftServer/]: [Benjiuj: Saved the game]
[16Aug2026 03:59:17.753] [Server thread/INFO] [net.minecraft.server.MinecraftServer/]: [Benjiuj: Automatic saving is now disabled]
[16Aug2026 04:02:55.370] [Server thread/INFO] [net.minecraft.server.MinecraftServer/]: [Benjiuj: Automatic saving is now enabled]
[16Aug2026 04:03:00.849] [Server thread/INFO] [net.minecraft.server.MinecraftServer/]: Benjiuj has made the advancement [Arson with Intent]
[16Aug2026 04:03:28.255] [Server thread/INFO] [net.minecraft.server.MinecraftServer/]: [Benjiuj: Set own game mode to Creative Mode]
[16Aug2026 04:04:01.096] [Server thread/INFO] [net.minecraft.server.MinecraftServer/]: [Benjiuj: 15 abilities of the fsang:pyrokinesis powers in 1 entities have been unlocked]
[16Aug2026 04:04:15.354] [Server thread/INFO] [net.minecraft.server.MinecraftServer/]: [Benjiuj: Set own game mode to Survival Mode]
[16Aug2026 04:04:40.194] [Server thread/INFO] [net.minecraft.server.MinecraftServer/]: [Benjiuj: Benjiuj's superpower(s) was removed]
[16Aug2026 04:04:47.548] [Server thread/INFO] [net.minecraft.server.MinecraftServer/]: [Benjiuj: Set own game mode to Creative Mode]
[16Aug2026 04:05:02.245] [Server thread/INFO] [AllTheLeaks/]: Listing events...
[16Aug2026 04:05:02.245] [Server thread/INFO] [AllTheLeaks/]: Server Player Logout: 1
[16Aug2026 04:05:02.246] [Server thread/INFO] [AllTheLeaks/]: Listing memory leaks so far...
[16Aug2026 04:05:02.246] [Server thread/INFO] [AllTheLeaks/]: B: 1637MB / C: 3247MB / Diff: +1610MB
[16Aug2026 04:05:02.246] [Server thread/INFO] [AllTheLeaks/]: Memory Leaks detected: (/atl force_refresh to update)
[16Aug2026 04:05:02.246] [Server thread/INFO] [AllTheLeaks/]: | Player:
[16Aug2026 04:05:02.246] [Server thread/INFO] [AllTheLeaks/]: |- ServerPlayer (minecraft): 1
[16Aug2026 04:06:03.498] [Server thread/INFO] [net.minecraft.server.MinecraftServer/]: [Benjiuj: Set own game mode to Survival Mode]
[16Aug2026 04:07:15.419] [Server thread/INFO] [net.minecraft.server.MinecraftServer/]: [Benjiuj: Set own game mode to Creative Mode]
[16Aug2026 04:07:20.948] [Server thread/INFO] [net.minecraft.server.MinecraftServer/]: [Benjiuj: Set own game mode to Survival Mode]
[16Aug2026 04:08:19.478] [Server thread/INFO] [net.minecraft.server.MinecraftServer/]: [Benjiuj: Set own game mode to Creative Mode]
[16Aug2026 04:09:58.046] [Server thread/INFO] [net.minecraft.server.MinecraftServer/]: [Benjiuj: Set own game mode to Survival Mode]
[16Aug2026 04:15:02.292] [Server thread/INFO] [AllTheLeaks/]: Listing events...
[16Aug2026 04:15:02.292] [Server thread/INFO] [AllTheLeaks/]: Server Player Logout: 1
[16Aug2026 04:15:02.292] [Server thread/INFO] [AllTheLeaks/]: Listing memory leaks so far...
[16Aug2026 04:15:02.292] [Server thread/INFO] [AllTheLeaks/]: B: 1637MB / C: 2108MB / Diff: +471MB
[16Aug2026 04:15:02.292] [Server thread/INFO] [AllTheLeaks/]: Memory Leaks detected: (/atl force_refresh to update)
[16Aug2026 04:15:02.293] [Server thread/INFO] [AllTheLeaks/]: | Player:
[16Aug2026 04:15:02.293] [Server thread/INFO] [AllTheLeaks/]: |- ServerPlayer (minecraft): 1
[16Aug2026 04:20:58.146] [Server thread/INFO] [net.minecraft.server.MinecraftServer/]: [Benjiuj: Stopping the server]
[16Aug2026 04:20:58.183] [Server thread/INFO] [AllTheLeaks/]: Method invalidateAll at mixin dev.uncandango.alltheleaks.mixin.core.main.FakeLevelManagerMixin cancelled due to not matching hash: Actual -2034214357, Expected: [-1241170928]
[16Aug2026 04:20:58.183] [Server thread/INFO] [AllTheLeaks/]: Mixin annotation @Lcom/llamalad7/mixinextras/injector/wrapoperation/WrapOperation;(at={@Lorg/spongepowered/asm/mixin/injection/At;(args={}, value="INVOKE", target="Ljava/util/Map;values()Ljava/util/Collection;")}, method={}, slice={}) at mixin dev.uncandango.alltheleaks.mixin.core.main.FakeLevelManagerMixin removed due to no methods available
[16Aug2026 04:20:58.183] [Server thread/WARN] [mixinsquared-annotation-adjuster/]: Modified mixin "dev.uncandango.alltheleaks.mixin.core.main.FakeLevelManagerMixin". Check debug logs for more information.
[16Aug2026 04:20:58.199] [Server thread/INFO] [luckperms/]: Starting shutdown process...
[16Aug2026 04:20:58.205] [Server thread/INFO] [luckperms/]: Closing storage...
[16Aug2026 04:20:58.213] [Immersive Optimization Worker/INFO] [Immersive Optimization/]: Shutting down Immersive Optimization worker
[16Aug2026 04:20:58.238] [Server thread/INFO] [luckperms/]: Goodbye!
[16Aug2026 04:20:58.247] [Server thread/INFO] [net.minecraft.server.MinecraftServer/]: Stopping server
[16Aug2026 04:20:58.247] [Server thread/INFO] [net.minecraft.server.MinecraftServer/]: Saving players
[16Aug2026 04:20:58.282] [Server thread/INFO] [net.minecraft.server.MinecraftServer/]: Saving worlds
[16Aug2026 04:20:58.376] [Server thread/INFO] [net.minecraft.server.MinecraftServer/]: Saving chunks for level 'ServerLevel[world]'/minecraft:overworld
[16Aug2026 04:20:58.586] [Server thread/INFO] [net.minecraft.server.MinecraftServer/]: Saving chunks for level 'ServerLevel[world]'/aeroflame:hyperspeed
[16Aug2026 04:20:58.587] [Server thread/INFO] [net.minecraft.server.MinecraftServer/]: Saving chunks for level 'ServerLevel[world]'/fsang:negative_speedforce
[16Aug2026 04:20:58.587] [Server thread/INFO] [net.minecraft.server.MinecraftServer/]: Saving chunks for level 'ServerLevel[world]'/fsang:overworld_3
[16Aug2026 04:20:58.587] [Server thread/INFO] [net.minecraft.server.MinecraftServer/]: Saving chunks for level 'ServerLevel[world]'/fsang:overworld_5
[16Aug2026 04:20:58.588] [Server thread/INFO] [net.minecraft.server.MinecraftServer/]: Saving chunks for level 'ServerLevel[world]'/fsang:speedforce
[16Aug2026 04:20:58.588] [Server thread/INFO] [net.minecraft.server.MinecraftServer/]: Saving chunks for level 'ServerLevel[world]'/minecraft:the_nether
[16Aug2026 04:20:58.588] [Server thread/INFO] [net.minecraft.server.MinecraftServer/]: Saving chunks for level 'ServerLevel[world]'/fsang:codex
[16Aug2026 04:20:58.588] [Server thread/INFO] [net.minecraft.server.MinecraftServer/]: Saving chunks for level 'ServerLevel[world]'/fsang:pocket_dimension
[16Aug2026 04:20:58.589] [Server thread/INFO] [net.minecraft.server.MinecraftServer/]: Saving chunks for level 'ServerLevel[world]'/fsang:the_radiant
[16Aug2026 04:20:58.589] [Server thread/INFO] [net.minecraft.server.MinecraftServer/]: Saving chunks for level 'ServerLevel[world]'/iceandfire:dread_land
[16Aug2026 04:20:58.591] [Server thread/INFO] [net.minecraft.server.MinecraftServer/]: Saving chunks for level 'ServerLevel[world]'/fsang:overworld_2
[16Aug2026 04:20:58.592] [Server thread/INFO] [net.minecraft.server.MinecraftServer/]: Saving chunks for level 'ServerLevel[world]'/minecraft:the_end
[16Aug2026 04:20:58.592] [Server thread/INFO] [net.minecraft.server.MinecraftServer/]: Saving chunks for level 'ServerLevel[world]'/fsang:overworld_4
[16Aug2026 04:20:58.650] [Server thread/INFO] [net.minecraft.server.MinecraftServer/]: ThreadedAnvilChunkStorage (world): All chunks are saved
[16Aug2026 04:20:58.650] [Server thread/INFO] [net.minecraft.server.MinecraftServer/]: ThreadedAnvilChunkStorage (hyperspeed): All chunks are saved
[16Aug2026 04:20:58.650] [Server thread/INFO] [net.minecraft.server.MinecraftServer/]: ThreadedAnvilChunkStorage (negative_speedforce): All chunks are saved
[16Aug2026 04:20:58.650] [Server thread/INFO] [net.minecraft.server.MinecraftServer/]: ThreadedAnvilChunkStorage (overworld_3): All chunks are saved
[16Aug2026 04:20:58.650] [Server thread/INFO] [net.minecraft.server.MinecraftServer/]: ThreadedAnvilChunkStorage (overworld_5): All chunks are saved
[16Aug2026 04:20:58.650] [Server thread/INFO] [net.minecraft.server.MinecraftServer/]: ThreadedAnvilChunkStorage (speedforce): All chunks are saved
[16Aug2026 04:20:58.651] [Server thread/INFO] [net.minecraft.server.MinecraftServer/]: ThreadedAnvilChunkStorage (DIM-1): All chunks are saved
[16Aug2026 04:20:58.651] [Server thread/INFO] [net.minecraft.server.MinecraftServer/]: ThreadedAnvilChunkStorage (codex): All chunks are saved
[16Aug2026 04:20:58.651] [Server thread/INFO] [net.minecraft.server.MinecraftServer/]: ThreadedAnvilChunkStorage (pocket_dimension): All chunks are saved
[16Aug2026 04:20:58.651] [Server thread/INFO] [net.minecraft.server.MinecraftServer/]: ThreadedAnvilChunkStorage (the_radiant): All chunks are saved
[16Aug2026 04:20:58.651] [Server thread/INFO] [net.minecraft.server.MinecraftServer/]: ThreadedAnvilChunkStorage (dread_land): All chunks are saved
[16Aug2026 04:20:58.651] [Server thread/INFO] [net.minecraft.server.MinecraftServer/]: ThreadedAnvilChunkStorage (overworld_2): All chunks are saved
[16Aug2026 04:20:58.651] [Server thread/INFO] [net.minecraft.server.MinecraftServer/]: ThreadedAnvilChunkStorage (DIM1): All chunks are saved
[16Aug2026 04:20:58.651] [Server thread/INFO] [net.minecraft.server.MinecraftServer/]: ThreadedAnvilChunkStorage (overworld_4): All chunks are saved
[16Aug2026 04:20:58.651] [Server thread/INFO] [net.minecraft.server.MinecraftServer/]: ThreadedAnvilChunkStorage: All dimensions are saved
[16Aug2026 04:20:59.472] [Server thread/INFO] [xaero.pac.OpenPartiesAndClaims/]: Stopping IO worker...
[16Aug2026 04:20:59.481] [Server thread/INFO] [xaero.pac.OpenPartiesAndClaims/]: Stopped IO worker!
